cik,name,year,Assets,NetIncomeLoss,Revenues,gvkey,lobbying_spend,roa
2969,AIR PRODUCTS & CHEMICALS INC /DE/,2010,13029100000.0,252000000.0,2195300000.0,,,0.019341320582388653
2969,AIR PRODUCTS & CHEMICALS INC /DE/,2011,5824700000.0,631300000.0,9026000000.0,,,0.10838326437413086
2969,AIR PRODUCTS & CHEMICALS INC /DE/,2012,4581800000.0,268600000.0,2291500000.0,,,0.05862324850495439
2969,AIR PRODUCTS & CHEMICALS INC /DE/,2013,7411900000.0,296000000.0,2321500000.0,,,0.03993577895006679
2969,AIR PRODUCTS & CHEMICALS INC /DE/,2014,399900000.0,104000000.0,3288900000.0,,,0.26006501625406353
2969,AIR PRODUCTS & CHEMICALS INC /DE/,2015,17438100000.0,290000000.0,2634600000.0,,,0.01663025214903
2969,AIR PRODUCTS & CHEMICALS INC /DE/,2016,4232700000.0,324600000.0,232400000.0,,,0.07668863845772202
2969,AIR PRODUCTS & CHEMICALS INC /DE/,2017,279600000.0,-2700000.0,721400000.0,,,-0.009656652360515022
2969,AIR PRODUCTS & CHEMICALS INC /DE/,2018,5904000000.0,299800000.0,236000000.0,,,0.05077913279132791
2969,AIR PRODUCTS & CHEMICALS INC /DE/,2019,325700000.0,473900000.0,0.0,,,1.4550199570156586
2969,AIR PRODUCTS & CHEMICALS INC /DE/,2020,3250800000.0,57700000.0,2216300000.0,,,0.017749477051802635
3545,ALICO INC,2011,180035000.0,-3649000.0,89528000.0,1266.0,,-0.020268281167550754
3545,ALICO INC,2011,180035000.0,-3649000.0,89528000.0,1266.0,,-0.020268281167550754
3545,ALICO INC,2012,6241000.0,,,1266.0,,
3545,ALICO INC,2012,6241000.0,,,1266.0,,
3545,ALICO INC,2013,55768000.0,18489000.0,29344000.0,1266.0,,0.33153421316884235
3545,ALICO INC,2013,55768000.0,18489000.0,29344000.0,1266.0,,0.33153421316884235
3545,ALICO INC,2014,26356000.0,1038000.0,21356000.0,1266.0,,0.039383821520716344
3545,ALICO INC,2014,26356000.0,1038000.0,21356000.0,1266.0,,0.039383821520716344
3545,ALICO INC,2015,13920000.0,4009000.0,14989000.0,1266.0,,0.2880028735632184
3545,ALICO INC,2015,13920000.0,4009000.0,14989000.0,1266.0,,0.2880028735632184
3545,ALICO INC,2016,460088000.0,1445000.0,1585000.0,1266.0,,0.00314070351758794
3545,ALICO INC,2016,460088000.0,1445000.0,1585000.0,1266.0,,0.00314070351758794
3545,ALICO INC,2017,13845000.0,13423000.0,1585000.0,1266.0,,0.9695196821957386
3545,ALICO INC,2017,13845000.0,13423000.0,1585000.0,1266.0,,0.9695196821957386
3545,ALICO INC,2018,423422000.0,8746000.0,144196000.0,1266.0,,0.02065551624620355
3545,ALICO INC,2018,423422000.0,8746000.0,144196000.0,1266.0,,0.02065551624620355
3545,"ALICO, INC.",2019,1766000.0,9100000.0,6388000.0,1266.0,,5.152887882219706
3545,"ALICO, INC.",2019,1766000.0,9100000.0,6388000.0,1266.0,,5.152887882219706
3545,"ALICO, INC.",2020,401212000.0,23662000.0,3220000.0,1266.0,,0.05897630180552925
3545,"ALICO, INC.",2020,401212000.0,23662000.0,3220000.0,1266.0,,0.05897630180552925
4127,SKYWORKS SOLUTIONS INC,2010,1352591000.0,111006000.0,1071849000.0,1327.0,,0.08206915468164434
4127,SKYWORKS SOLUTIONS INC,2011,1564052000.0,137294000.0,36724000.0,1327.0,,0.08778096891919195
4127,SKYWORKS SOLUTIONS INC,2012,2136646000.0,137294000.0,144758000.0,1327.0,,0.06425678376296308
4127,SKYWORKS SOLUTIONS INC,2013,2333100000.0,226600000.0,1671700000.0,1327.0,,0.09712399811409712
4127,SKYWORKS SOLUTIONS INC,2014,2333100000.0,111400000.0,481000000.0,1327.0,,0.04774763190604775
4127,SKYWORKS SOLUTIONS INC,2015,2973800000.0,174900000.0,810000000.0,1327.0,,0.058813639114937116
4127,SKYWORKS SOLUTIONS INC,2016,3855400000.0,355300000.0,107400000.0,1327.0,,0.09215645588006433
4127,SKYWORKS SOLUTIONS INC,2017,4573600000.0,185000000.0,252200000.0,1327.0,,0.04044953647017666
4127,SKYWORKS SOLUTIONS INC,2018,4573600000.0,995200000.0,1455000000.0,1327.0,,0.21759664159524225
4127,SKYWORKS SOLUTIONS INC,2019,4839600000.0,286500000.0,271100000.0,1327.0,,0.05919910736424498
4127,SKYWORKS SOLUTIONS INC,2020,5106700000.0,257100000.0,1860400000.0,1327.0,,0.05034562437582
4828,AMERICAN CRYSTAL SUGAR CO /MN/,2012,899480000.0,526112000.0,1518977000.0,,,0.5849068350602571
5117,EMTEC INC/NJ,2012,67710000.0,-12423000.0,224573000.0,,,-0.18347363757199822
5656,AMERICAN INTERNATIONAL VENTURES INC /DE/,2013,1889929.0,-5643398.0,0.0,162897.0,,-2.9860370416031503
5656,AMERICAN INTERNATIONAL VENTURES INC /DE/,2014,1889929.0,-5889795.0,,162897.0,,-3.1164107223075574
6281,ANALOG DEVICES INC,2010,4328831000.0,,559006000.0,12216.0,,
6281,ANALOG DEVICES INC,2011,5277635000.0,247772000.0,217501000.0,12216.0,,0.04694754373881483
6281,ANALOG DEVICES INC,2012,5620347000.0,867394000.0,675094000.0,12216.0,,0.15433104041440857
6281,ANALOG DEVICES INC,2013,6381750000.0,867394000.0,172920000.0,12216.0,,0.13591789086065734
6281,ANALOG DEVICES INC,2014,6381750000.0,673487000.0,622134000.0,12216.0,,0.10553327848944255
6281,ANALOG DEVICES INC,2015,6859690000.0,629320000.0,327223000.0,12216.0,,0.09174175509388909
6281,ANALOG DEVICES INC,2016,7970278000.0,696878000.0,242460000.0,12216.0,,0.08743459136557094
6281,ANALOG DEVICES INC,2017,21141294000.0,696878000.0,511365000.0,12216.0,,0.03296288297206405
6281,ANALOG DEVICES INC,2018,20449779000.0,4199000.0,3421409000.0,12216.0,,0.0002053322923440884
6281,ANALOG DEVICES INC,2019,20438366000.0,1506980000.0,2424514000.0,12216.0,,0.07373290017411373
6281,ANALOG DEVICES INC,2020,21392641000.0,1363011000.0,2987542000.0,12216.0,,0.06371401268314651
6284,ANALOGIC CORP,2012,343671000.0,5296000.0,151011000.0,1633.0,,0.015410086972715184
6951,APPLIED MATERIALS INC /DE,2010,10943345000.0,960746000.0,8129240000.0,1704.0,,0.08779271785729136
6951,APPLIED MATERIALS INC /DE,2011,419000000.0,476000000.0,768000000.0,1704.0,,1.136038186157518
6951,APPLIED MATERIALS INC /DE,2012,459000000.0,1926000000.0,2093000000.0,1704.0,,4.196078431372549
6951,APPLIED MATERIALS INC /DE,2013,513000000.0,289000000.0,863000000.0,1704.0,,0.5633528265107213
6951,APPLIED MATERIALS INC /DE,2014,513000000.0,183000000.0,2023000000.0,1704.0,,0.3567251461988304
6951,APPLIED MATERIALS INC /DE,2015,183000000.0,1377000000.0,9072000000.0,1704.0,,7.524590163934426
6951,APPLIED MATERIALS INC /DE,2016,14588000000.0,1072000000.0,848000000.0,1704.0,,0.07348505621058404
6951,APPLIED MATERIALS INC /DE,2017,14570000000.0,1377000000.0,615000000.0,1704.0,,0.0945092656142759
6951,APPLIED MATERIALS INC /DE,2018,19419000000.0,1721000000.0,2589000000.0,1704.0,,0.08862454297337659
6951,APPLIED MATERIALS INC /DE,2019,19024000000.0,698000000.0,4087000000.0,1704.0,,0.036690496215306984
6951,APPLIED MATERIALS INC /DE,2020,22353000000.0,2706000000.0,2504000000.0,1704.0,,0.12105757616427325
6955,ACTUANT CORP,2011,2056681000.0,111559000.0,1117625000.0,,,0.05424224758239124
6955,ACTUANT CORP,2012,667550000.0,41382000.0,392799000.0,,,0.06199086210770729
6955,ACTUANT CORP,2013,1695433000.0,37174000.0,422620000.0,,,0.021925962276303456
6955,ACTUANT CORP,2014,2266420000.0,28435000.0,422620000.0,,,0.01254621826492883
6955,ACTUANT CORP,2015,-4630580000.0,-49000000.0,158836000.0,,,0.010581827762396936
6955,ACTUANT CORP,2016,2201799000.0,-105174000.0,385476000.0,,,-0.047767303009947776
6955,ACTUANT CORP,2017,157429000.0,-17213000.0,143517000.0,,,-0.10933817784525088
6955,ACTUANT CORP,2018,1993998000.0,-105174000.0,19100000.0,,,-0.052745288611121974
6955,ACTUANT CORP,2019,230597000.0,107898000.0,9400000.0,,,0.46790721475127606
6955,ENERPAC TOOL GROUP CORP,2020,54484000.0,-21648000.0,133386000.0,,,-0.39732765582556345
7032,ARAMARK CORP,2011,10221915000.0,-6911000.0,12419064000.0,186858.0,,-0.0006760964065930894
7032,ARAMARK CORP,2012,1524800000.0,38676000.0,8654700000.0,186858.0,,0.025364637985309548
7951,ROBERTSON GLOBAL HEALTH SOLUTIONS CORP,2011,777825.0,-1575052.0,350416.0,,,-2.0249439141195
8411,ATWOOD OCEANICS INC,2010,1509402000.0,0.0,,,,0.0
8411,ATWOOD OCEANICS INC,2011,36145000.0,58994000.0,,,,1.6321482916032646
8411,ATWOOD OCEANICS INC,2012,2943762000.0,272171000.0,,,,0.09245686302085562
8411,ATWOOD OCEANICS INC,2013,3657266000.0,350224000.0,136206000.0,,,0.09576115054250908
8411,ATWOOD OCEANICS INC,2014,3657266000.0,272171000.0,58454000.0,,,0.07441925197674984
8411,ATWOOD OCEANICS INC,2015,4507228000.0,150694000.0,201190000.0,,,0.033433853357318515
8411,ATWOOD OCEANICS INC,2016,4539792000.0,112992000.0,22843000.0,,,0.02488924602713076
10048,BARNWELL INDUSTRIES INC,2011,88772000.0,,38460000.0,,,
10048,BARNWELL INDUSTRIES INC,2012,54454000.0,,38460000.0,,,
10048,BARNWELL INDUSTRIES INC,2013,40559000.0,,0.0,,,
10048,BARNWELL INDUSTRIES INC,2014,7828000.0,,0.0,,,
10048,BARNWELL INDUSTRIES INC,2015,8471000.0,1263000.0,0.0,,,0.1490969188997757
10048,BARNWELL INDUSTRIES INC,2016,3132000.0,1263000.0,0.0,,,0.40325670498084293
10048,BARNWELL INDUSTRIES INC,2017,31568000.0,-3615000.0,13627000.0,,,-0.11451469842878864
10048,BARNWELL INDUSTRIES INC,2018,33020000.0,-1770000.0,13030000.0,,,-0.05360387643852211
10048,BARNWELL INDUSTRIES INC,2019,1608000.0,-12579000.0,3769000.0,,,-7.822761194029851
10048,BARNWELL INDUSTRIES INC,2020,1501000.0,-12414000.0,165000.0,,,-8.270486342438375
10795,BECTON DICKINSON & CO,2010,7912943000.0,,7372333000.0,,,
10795,BECTON DICKINSON & CO,2011,9304624000.0,,2386965000.0,,,
10795,BECTON DICKINSON & CO,2012,1059774000.0,,2430939000.0,,,
10795,BECTON DICKINSON & CO,2013,8357000000.0,,911000000.0,,,
10795,BECTON DICKINSON & CO,2014,3247000000.0,,1294000000.0,,,
10795,BECTON DICKINSON & CO,2015,8357000000.0,1293000000.0,2383000000.0,,,0.15472059351441905
10795,BECTON DICKINSON & CO,2016,3848000000.0,0.0,5069000000.0,,,0.0
10795,BECTON DICKINSON & CO,2017,20055000000.0,0.0,2434000000.0,,,0.0
10795,BECTON DICKINSON & CO,2018,2784000000.0,562000000.0,3035000000.0,,,0.20186781609195403
10795,BECTON DICKINSON & CO,2019,51765000000.0,-135000000.0,485000000.0,,,-0.002607939727615184
10795,BECTON DICKINSON & CO,2020,51765000000.0,874000000.0,3762000000.0,,,0.016883994977301264
12040,FLANIGANS ENTERPRISES INC,2012,4952000.0,509000.0,13141000.0,,,0.10278675282714055
12040,FLANIGANS ENTERPRISES INC,2013,17674000.0,509000.0,19918000.0,,,0.028799366300780806
12040,FLANIGANS ENTERPRISES INC,2014,17674000.0,538000.0,82798000.0,,,0.03044019463618875
12040,FLANIGANS ENTERPRISES INC,2015,4393000.0,1124000.0,21475000.0,,,0.25586159799681313
12040,FLANIGANS ENTERPRISES INC,2016,29478000.0,788000.0,25111000.0,,,0.02673179998643056
12040,FLANIGANS ENTERPRISES INC,2017,33421000.0,1147000.0,87393000.0,,,0.03431973908620328
12040,FLANIGANS ENTERPRISES INC,2018,67265000.0,1047000.0,26594000.0,,,0.015565301419757675
12040,FLANIGANS ENTERPRISES INC,2019,31077000.0,616000.0,2585000.0,,,0.019821733114521994
14846,BRT APARTMENTS CORP.,2017,874899000.0,5480000.0,1452000.0,,,0.006263580138964612
14846,BRT APARTMENTS CORP.,2018,843898000.0,928000.0,25640000.0,,,0.0010996589635240278
14846,BRT REALTY TRUST,2011,191012000.0,,8135000.0,,,
14846,BRT REALTY TRUST,2012,191012000.0,,4089000.0,,,
14846,BRT REALTY TRUST,2013,113383000.0,,11153000.0,,,
14846,BRT REALTY TRUST,2014,163246000.0,,31664000.0,,,
14846,BRT REALTY TRUST,2015,312962000.0,,82497000.0,,,
14846,BRT REALTY TRUST,2016,31075000.0,-2034000.0,24857000.0,,,-0.06545454545454546
16040,CABOT CORP,2010,2886000000.0,86000000.0,2893000000.0,2593.0,,0.0297990297990298
16040,CABOT CORP,2011,3141000000.0,43000000.0,836000000.0,2593.0,,0.013689907672715695
16040,CABOT CORP,2012,4399000000.0,154000000.0,186000000.0,2593.0,,0.03500795635371676
16040,CABOT CORP,2013,688000000.0,153000000.0,914000000.0,2593.0,,0.22238372093023256
16040,CABOT CORP,2014,1628000000.0,59000000.0,107000000.0,2593.0,,0.03624078624078624
16040,CABOT CORP,2015,731000000.0,153000000.0,99000000.0,2593.0,,0.20930232558139536
16040,CABOT CORP,2016,629000000.0,199000000.0,99000000.0,2593.0,,0.3163751987281399
16040,CABOT CORP,2017,629000000.0,-334000000.0,645000000.0,2593.0,,-0.5310015898251192
16040,CABOT CORP,2018,1189000000.0,147000000.0,287000000.0,2593.0,,0.12363330529857022
16040,CABOT CORP,2019,367000000.0,88000000.0,117000000.0,2593.0,,0.23978201634877383
16040,CABOT CORP,2020,2637000000.0,69000000.0,2614000000.0,2593.0,,0.026166097838452786
16099,LUBYS INC,2012,231017000.0,-2893000.0,,,,-0.012522887925996788
16099,LUBYS INC,2014,203850000.0,2461000.0,,,,0.012072602403728231
16099,LUBYS INC,2015,264258000.0,-2074000.0,,,,-0.007848390587985983
16099,LUBYS INC,2016,12266000.0,-2074000.0,,,,-0.16908527637371595
16099,LUBYS INC,2017,21800000.0,-2074000.0,,,,-0.09513761467889909
16099,LUBYS INC,2018,211182000.0,-10346000.0,376031000.0,,,-0.048990917786553775
16099,LUBYS INC,2019,32927000.0,-33568000.0,62434000.0,,,-1.0194673064658184
16099,LUBYS INC,2020,35422000.0,-5301000.0,18994000.0,,,-0.1496527581728869
17485,"LIBERATOR MEDICAL HOLDINGS, INC.",2011,30215000.0,2600000.0,52698000.0,,,0.08604997517789177
17485,"LIBERATOR MEDICAL HOLDINGS, INC.",2012,42862000.0,259000.0,60943000.0,,,0.006042648499836685
17485,"LIBERATOR MEDICAL HOLDINGS, INC.",2013,49099.0,7078.0,60943.0,,,0.14415772215320066
17485,"LIBERATOR MEDICAL HOLDINGS, INC.",2014,54329000.0,0.0,69111000.0,,,0.0
17485,"LIBERATOR MEDICAL HOLDINGS, INC.",2015,62572000.0,7308000.0,81602000.0,,,0.1167934539410599
19446,CANTEL MEDICAL CORP,2012,27038000.0,19941000.0,273952000.0,,,0.7375175678674458
21239,COASTAL CARIBBEAN OILS & MINERALS LTD,2014,97852.0,-52985.0,145.0,37895.0,,-0.541481012140784
21510,COHERENT INC,2012,880772000.0,93238000.0,103009000.0,37895.0,,0.10585940515820212
21510,COHERENT INC,2013,966478000.0,62962000.0,584130000.0,37895.0,,0.06514581811484586
21510,COHERENT INC,2014,999375000.0,19097000.0,130754000.0,37895.0,,0.019108943089430893
21510,COHERENT INC,2015,968947000.0,66355000.0,93855000.0,37895.0,,0.06848155781482372
21510,COHERENT INC,2016,968947000.0,27302000.0,75474000.0,37895.0,,0.02817697975224651
21510,COHERENT INC,2017,1161148000.0,76409000.0,248461000.0,37895.0,,0.06580470362089931
21510,COHERENT INC,2018,2337800000.0,61117000.0,55351000.0,37895.0,,0.026142954914877236
21510,COHERENT INC,2019,2083169000.0,207122000.0,1404000.0,37895.0,,0.09942640275464928
21510,COHERENT INC,2020,2083169000.0,624000.0,57559000.0,37895.0,,0.00029954362800137675
22444,COMMERCIAL METALS CO,2011,215967000.0,-13077000.0,1765154000.0,37895.0,,-0.06055091750128492
22444,COMMERCIAL METALS CO,2012,3441246000.0,-205344000.0,0.0,37895.0,,-0.05967140971613189
22444,COMMERCIAL METALS CO,2013,3494801000.0,30215000.0,1427785000.0,37895.0,,0.008645699712229681
22444,COMMERCIAL METALS CO,2014,7000000.0,11143000.0,2689000.0,37895.0,,1.5918571428571429
22444,COMMERCIAL METALS CO,2015,724963000.0,45919000.0,65335000.0,37895.0,,0.06333978423726452
22444,COMMERCIAL METALS CO,2016,372492000.0,-62191000.0,-797395000.0,37895.0,,-0.16695929040086768
22444,COMMERCIAL METALS CO,2017,234350000.0,19328000.0,3268466000.0,37895.0,,0.08247493065927032
22444,COMMERCIAL METALS CO,2018,-427199000.0,39266000.0,,37895.0,,-0.09191500916434729
22444,COMMERCIAL METALS CO,2019,1667366000.0,19742000.0,,37895.0,,0.011840231838720473
22444,COMMERCIAL METALS CO,2020,464177000.0,19742000.0,,37895.0,,0.04253118961085965
23197,COMTECH TELECOMMUNICATIONS CORP /DE/,2013,681815000.0,14255000.0,131081000.0,37895.0,,0.020907430901344205
23197,COMTECH TELECOMMUNICATIONS CORP /DE/,2014,96298000.0,12601000.0,85499000.0,37895.0,,0.13085422334835614
23197,COMTECH TELECOMMUNICATIONS CORP /DE/,2016,62395000.0,23245000.0,71633000.0,37895.0,,0.37254587707348347
24751,CORNING NATURAL GAS CORP,2012,51614204.0,,,37895.0,,
25212,COURIER CORP,2011,213026000.0,,257140000.0,37895.0,,
25212,COURIER CORP,2012,169758000.0,,257140000.0,37895.0,,
25212,COURIER CORP,2013,216994000.0,,247406000.0,37895.0,,
25212,COURIER CORP,2014,17342000.0,,283293000.0,37895.0,,
26076,CUBIC CORP /DE/,2011,211600000.0,24100000.0,266000000.0,3639.0,582000.0,0.11389413988657845
26076,CUBIC CORP /DE/,2012,821858000.0,,109400000.0,3639.0,600000.0,
26076,CUBIC CORP /DE/,2013,169800000.0,,147900000.0,3639.0,659000.0,
26076,CUBIC CORP /DE/,2014,1194606000.0,,1100000.0,3639.0,686000.0,
26076,CUBIC CORP /DE/,2015,252400000.0,,468700000.0,3639.0,544000.0,
26076,CUBIC CORP /DE/,2016,410000000.0,,599700000.0,3639.0,570000.0,
26076,CUBIC CORP /DE/,2017,151200000.0,-1200000.0,39000000.0,3639.0,487000.0,-0.007936507936507936
26076,CUBIC CORP /DE/,2018,404400000.0,-11209000.0,40000000.0,3639.0,300000.0,-0.027717606330365973
26076,CUBIC CORP /DE/,2019,189300000.0,-6587000.0,1043000.0,3639.0,620000.0,-0.03479661912308505
26076,CUBIC CORP /DE/,2020,352900000.0,6592000.0,113300000.0,3639.0,570000.0,0.018679512609804477
27673,DEERE JOHN CAPITAL CORP,2011,24331300000.0,149200000.0,1682300000.0,,,0.006132019250923707
27673,DEERE JOHN CAPITAL CORP,2012,31000000000.0,112600000.0,399300000.0,,,0.003632258064516129
27673,DEERE JOHN CAPITAL CORP,2013,28093900000.0,132900000.0,394900000.0,,,0.00473056428619736
27673,DEERE JOHN CAPITAL CORP,2014,31664200000.0,136500000.0,1767500000.0,,,0.004310862109259037
27673,DEERE JOHN CAPITAL CORP,2015,34652800000.0,544200000.0,454500000.0,,,0.01570435866654354
27673,DEERE JOHN CAPITAL CORP,2016,34652800000.0,126900000.0,475000000.0,,,0.0036620417397728324
27673,DEERE JOHN CAPITAL CORP,2017,35002800000.0,64500000.0,1899300000.0,,,0.0018427097260790566
27673,DEERE JOHN CAPITAL CORP,2018,35002800000.0,328400000.0,522400000.0,,,0.009382106574331197
27673,DEERE JOHN CAPITAL CORP,2019,40089900000.0,144800000.0,661100000.0,,,0.0036118822945430144
27673,DEERE JOHN CAPITAL CORP,2020,40857200000.0,144800000.0,2890300000.0,,,0.0035440509873412764
28561,DEWEY ELECTRONICS CORP,2016,4698132.0,116119.0,6611236.0,,,0.02471599350550389
29644,DONALDSON CO INC,2015,287859000.0,208111000.0,2436948000.0,4036.0,,0.7229615888334219
29644,DONALDSON CO INC,2018,646900000.0,58000000.0,665500000.0,4036.0,,0.08965837069098778
30831,DYNASIL CORP OF AMERICA,2013,469729.0,-4303766.0,194508.0,,,-9.162231840060972
30831,DYNASIL CORP OF AMERICA,2014,12380000.0,,42753000.0,,,
30831,DYNASIL CORP OF AMERICA,2015,7692000.0,,3001000.0,,,
30831,DYNASIL CORP OF AMERICA,2016,8325000.0,,32622000.0,,,
30831,DYNASIL CORP OF AMERICA,2017,574000.0,,23686000.0,,,
30831,DYNASIL CORP OF AMERICA,2018,29097000.0,,0.0,,,
30831,DYNASIL CORP OF AMERICA,2019,20520000.0,,3017000.0,,,
32567,METWOOD INC,2012,1828928.0,,,,,
32567,METWOOD INC,2013,1944206.0,-354919.0,,,,-0.18255215753886161
32567,METWOOD INC,2015,1584610.0,-718.0,,,,-0.0004531083358050246
32604,EMERSON ELECTRIC CO,2010,22843000000.0,1724000000.0,5841000000.0,65317.0,1474784.0,0.07547169811320754
32604,EMERSON ELECTRIC CO,2011,23861000000.0,761000000.0,24222000000.0,65317.0,1337000.0,0.031893047231884665
32604,EMERSON ELECTRIC CO,2012,20853000000.0,38000000.0,95000000.0,65317.0,1023100.0,0.0018222797678991032
32604,EMERSON ELECTRIC CO,2013,21178000000.0,770000000.0,619000000.0,65317.0,488448.0,0.036358485220511855
32604,EMERSON ELECTRIC CO,2014,1152000000.0,2004000000.0,27000000.0,65317.0,710000.0,1.7395833333333333
32604,EMERSON ELECTRIC CO,2015,817000000.0,525000000.0,4121000000.0,65317.0,410000.0,0.642594859241126
32604,EMERSON ELECTRIC CO,2016,21743000000.0,973000000.0,16888000000.0,65317.0,408000.0,0.04475003449386009
32604,EMERSON ELECTRIC CO,2017,9999000000.0,504000000.0,1611000000.0,65317.0,480000.0,0.050405040504050404
32604,EMERSON ELECTRIC CO,2018,8759000000.0,1635000000.0,4039000000.0,65317.0,570000.0,0.18666514442287932
32604,EMERSON ELECTRIC CO,2019,4347000000.0,717000000.0,18372000000.0,65317.0,470000.0,0.16494133885438234
32604,EMERSON ELECTRIC CO,2020,4347000000.0,520000000.0,3237000000.0,65317.0,650000.0,0.11962272831838049
33619,ESTERLINE TECHNOLOGIES CORP,2010,2587738000.0,141920000.0,1407459000.0,4460.0,,0.05484326465816864
33619,ESTERLINE TECHNOLOGIES CORP,2011,447325000.0,141920000.0,382492000.0,4460.0,,0.3172637344212821
33619,ESTERLINE TECHNOLOGIES CORP,2012,2557921000.0,112535000.0,702394000.0,4460.0,,0.043994712893791484
33619,ESTERLINE TECHNOLOGIES CORP,2013,2380811000.0,112535000.0,29640000.0,4460.0,,0.04726750674455049
33619,ESTERLINE TECHNOLOGIES CORP,2014,2651378000.0,112535000.0,7544000.0,4460.0,,0.042443966873075056
33619,ESTERLINE TECHNOLOGIES CORP,2016,1125850000.0,87576000.0,-324976000.0,4460.0,,0.07778656126482214
33619,ESTERLINE TECHNOLOGIES CORP,2017,1276678000.0,35113000.0,237794000.0,4460.0,,0.027503411196871882
33619,ESTERLINE TECHNOLOGIES CORP,2018,1302441000.0,111554000.0,8449000.0,4460.0,,0.08564994498791116
34408,FAMILY DOLLAR STORES INC,2011,2968145000.0,67621000.0,7400606000.0,,,0.02278224278126574
34408,FAMILY DOLLAR STORES INC,2012,3373065000.0,80931000.0,922177000.0,,,0.02399331172094223
34408,FAMILY DOLLAR STORES INC,2013,3373065000.0,102213000.0,8547835000.0,,,0.030302706885280896
34408,FAMILY DOLLAR STORES INC,2014,3709861000.0,443575000.0,785384000.0,,,0.11956647432343152
34563,FARMER BROTHERS CO,2013,247353000.0,-54317000.0,119153000.0,,,-0.21959305122638498
36369,FIRST HARTFORD CORP,2014,12864049.0,158959.0,39027580.0,,,0.012356840369622347
38264,FORWARD INDUSTRIES INC,2011,24530975.0,,22777040.0,,,
38264,FORWARD INDUSTRIES INC,2012,17111802.0,-9634056.0,29403004.0,,,-0.5630065144512542
38264,FORWARD INDUSTRIES INC,2014,15030873.0,-206886.0,667000.0,,,-0.01376407078950105
38264,FORWARD INDUSTRIES INC,2015,16569571.0,-1433981.0,3043000.0,,,-0.08654303723373405
38264,FORWARD INDUSTRIES INC,2016,12778424.0,-1433981.0,7780000.0,,,-0.11221892464986293
38264,FORWARD INDUSTRIES INC,2017,13153946.0,606562.0,7333000.0,,,0.04611255056087352
38264,"FORWARD INDUSTRIES, INC.",2018,7217522.0,,7770000.0,,,
38264,"FORWARD INDUSTRIES, INC.",2019,9554465.0,,153000.0,,,
38264,"FORWARD INDUSTRIES, INC.",2020,19356268.0,-3604030.0,267000.0,,,-0.1861944668259398
38777,FRANKLIN RESOURCES INC,2010,9176520000.0,1445689000.0,198292000.0,4885.0,,0.1575421837472157
38777,FRANKLIN RESOURCES INC,2011,9746894000.0,896778000.0,7113226000.0,4885.0,,0.09200654075031492
38777,FRANKLIN RESOURCES INC,2012,1043300000.0,1931400000.0,3920000000.0,4885.0,,1.8512412537141762
38777,FRANKLIN RESOURCES INC,2013,14751500000.0,1923600000.0,5389500000.0,4885.0,,0.13040029827475172
38777,FRANKLIN RESOURCES INC,2014,885700000.0,2384300000.0,420200000.0,4885.0,,2.6919950321779385
38777,FRANKLIN RESOURCES INC,2015,1855300000.0,2035300000.0,159800000.0,4885.0,90000.0,1.097019349970355
38777,FRANKLIN RESOURCES INC,2016,16098800000.0,1726700000.0,126800000.0,4885.0,220000.0,0.10725644147389868
38777,FRANKLIN RESOURCES INC,2017,1798900000.0,1726700000.0,281000000.0,4885.0,200000.0,0.9598643615542831
38777,FRANKLIN RESOURCES INC,2018,3928800000.0,764400000.0,6392200000.0,4885.0,200000.0,0.19456322541233964
38777,FRANKLIN RESOURCES INC,2019,2557100000.0,764400000.0,483300000.0,4885.0,200000.0,0.298932384341637
38777,FRANKLIN RESOURCES INC,2020,20220900000.0,798900000.0,216300000.0,4885.0,200000.0,0.03950862721243861
40570,GEE GROUP INC.,2016,45926000.0,-3050000.0,87973000.0,,,-0.06641118320776902
40570,GEE GROUP INC.,2017,9271000.0,842000.0,54170000.0,,,0.09082083917592493
40570,GEE GROUP INC.,2018,132544000.0,-7564000.0,54200000.0,,,-0.057067841622404636
40570,GEE GROUP INC.,2019,124481000.0,-17763000.0,165284000.0,,,-0.1426964757673862
40570,GEE GROUP INC.,2020,119491000.0,0.0,129835000.0,,,0.0
40570,GENERAL EMPLOYMENT ENTERPRISES INC,2011,3394000.0,-1556000.0,37189000.0,,,-0.4584560989982322
40570,GENERAL EMPLOYMENT ENTERPRISES INC,2014,2285000.0,-1890000.0,7317000.0,,,-0.8271334792122538
40570,GENERAL EMPLOYMENT ENTERPRISES INC,2015,26874000.0,-1355000.0,43387000.0,,,-0.050420480762074865
43920,GREIF INC,2010,3498445000.0,209985000.0,3461537000.0,5338.0,,0.0600223813722954
43920,GREIF INC,2010,3498445000.0,209985000.0,3461537000.0,5338.0,,0.0600223813722954
43920,GREIF INC,2011,376658000.0,209985000.0,3461537000.0,5338.0,,0.5574951282064897
43920,GREIF INC,2011,376658000.0,209985000.0,3461537000.0,5338.0,,0.5574951282064897
43920,GREIF INC,2012,3498400000.0,40400000.0,1634900000.0,5338.0,,0.01154813629087583
43920,GREIF INC,2012,3498400000.0,40400000.0,1634900000.0,5338.0,,0.01154813629087583
43920,GREIF INC,2013,3853400000.0,23600000.0,1932800000.0,5338.0,,0.006124461514506669
43920,GREIF INC,2013,3853400000.0,23600000.0,1932800000.0,5338.0,,0.006124461514506669
43920,GREIF INC,2015,319000000.0,8600000.0,1843600000.0,5338.0,,0.026959247648902823
43920,GREIF INC,2015,319000000.0,8600000.0,1843600000.0,5338.0,,0.026959247648902823
43920,GREIF INC,2016,3667400000.0,20800000.0,845000000.0,5338.0,,0.005671592954136446
43920,GREIF INC,2016,3667400000.0,20800000.0,845000000.0,5338.0,,0.005671592954136446
43920,GREIF INC,2017,339900000.0,43900000.0,820900000.0,5338.0,60000.0,0.12915563401000293
43920,GREIF INC,2017,339900000.0,43900000.0,820900000.0,5338.0,60000.0,0.12915563401000293
43920,GREIF INC,2018,439800000.0,209400000.0,,5338.0,20000.0,0.4761255115961801
43920,GREIF INC,2018,439800000.0,209400000.0,,5338.0,20000.0,0.4761255115961801
43920,"GREIF, INC",2019,256400000.0,209400000.0,,5338.0,0.0,0.8166926677067082
43920,"GREIF, INC",2019,256400000.0,209400000.0,,5338.0,0.0,0.8166926677067082
43920,"GREIF, INC",2020,474300000.0,44400000.0,,5338.0,41813.0,0.09361163820366857
43920,"GREIF, INC",2020,474300000.0,44400000.0,,5338.0,41813.0,0.09361163820366857
46619,HEICO CORP,2010,732910000.0,44626000.0,538296000.0,5567.0,,0.06088878579907492
46619,HEICO CORP,2011,941069000.0,20402000.0,507237000.0,5567.0,,0.02167960053938659
46619,HEICO CORP,2012,42400000.0,17074000.0,331598000.0,5567.0,,0.402688679245283
46619,HEICO CORP,2013,1533015000.0,19043000.0,764891000.0,5567.0,,0.012421926726092047
46619,HEICO CORP,2014,759807000.0,3600000.0,216490000.0,5567.0,,0.00473804531940348
46619,HEICO CORP,2015,703144000.0,38250000.0,350033000.0,5567.0,,0.05439853003083295
46619,HEICO CORP,2016,1736387000.0,33105000.0,511272000.0,5567.0,,0.019065450271166507
46619,HEICO CORP,2017,1015696000.0,45686000.0,967540000.0,5567.0,,0.044979994013956935
46619,HEICO CORP,2018,2512431000.0,40927000.0,421224000.0,5567.0,,0.016289800595518843
46619,HEICO CORP,2019,167541000.0,81098000.0,701827000.0,5567.0,,0.48404868062145984
46619,HEICO CORP,2020,1643032000.0,81098000.0,-19058000.0,5567.0,,0.0493587465125451
46765,HELMERICH & PAYNE INC,2010,4161024000.0,,1843740000.0,,,
46765,HELMERICH & PAYNE INC,2011,5003891000.0,,204702000.0,,,
46765,HELMERICH & PAYNE INC,2012,5721085000.0,129719000.0,2678475000.0,,,0.02267384595754127
46765,HELMERICH & PAYNE INC,2013,5721085000.0,151080000.0,2785449000.0,,,0.026407578282790764
46765,HELMERICH & PAYNE INC,2014,6721861000.0,581045000.0,119026000.0,,,0.08644109123946478
46765,"HELMERICH & PAYNE, INC.",2015,-6539946000.0,203042000.0,3099954000.0,,,-0.031046433716730996
46765,"HELMERICH & PAYNE, INC.",2016,915758000.0,-21200000.0,-855000.0,,,-0.02315022090989104
46765,"HELMERICH & PAYNE, INC.",2017,6832019000.0,-414214000.0,405283000.0,,,-0.06062834427129082
46765,"HELMERICH & PAYNE, INC.",2018,5642560000.0,-56828000.0,14130000.0,,,-0.010071315147734362
46765,"HELMERICH & PAYNE, INC.",2019,413392000.0,-154683000.0,0.0,,,-0.37417995510314667
46765,"HELMERICH & PAYNE, INC.",2020,0.0,41177000.0,208267000.0,,,
47217,HEWLETT PACKARD CO,2010,114799000000.0,8329000000.0,58000000.0,,,0.07255289680223695
47217,HEWLETT PACKARD CO,2011,12185000000.0,8761000000.0,114552000000.0,,,0.718998768978252
47217,HEWLETT PACKARD CO,2012,15781000000.0,,120357000000.0,,,
47217,HEWLETT PACKARD CO,2013,11870000000.0,,3757000000.0,,,
47217,HEWLETT PACKARD CO,2014,11690000000.0,,12844000000.0,,,
47217,HP INC,2015,13093000000.0,,30438000000.0,,,
47217,HP INC,2016,29010000000.0,4554000000.0,18229000000.0,,,0.15698035160289556
47217,HP INC,2018,5000000.0,5327000000.0,33321000000.0,,,1065.4
47217,HP INC,2019,5062000000.0,2526000000.0,23891000000.0,,,0.49901224812327144
47217,HP INC,2020,14697000000.0,5327000000.0,1609000000.0,,,0.3624549227733551
47307,HICKOK INC,2013,3504683.0,-672535.0,1366530.0,,,-0.19189610016084194
47307,HICKOK INC,2016,15434755.0,-122377.0,2158000.0,,,-0.007928664886485078
47307,HICKOK INC,2017,25962304.0,567439.0,5852924.0,,,0.021856265145034894
47518,"HILL-ROM HOLDINGS, INC.",2010,1245600000.0,125300000.0,1507700000.0,,,0.10059409120102762
47518,"HILL-ROM HOLDINGS, INC.",2011,1299100000.0,125300000.0,374200000.0,,,0.096451389423447
47518,"HILL-ROM HOLDINGS, INC.",2012,1299100000.0,23400000.0,482900000.0,,,0.018012470171657302
47518,"HILL-ROM HOLDINGS, INC.",2013,1627600000.0,23400000.0,381100000.0,,,0.01437699680511182
47518,"HILL-ROM HOLDINGS, INC.",2014,1586800000.0,60600000.0,495600000.0,,,0.03819006806150744
47518,"HILL-ROM HOLDINGS, INC.",2015,4457600000.0,13200000.0,474500000.0,,,0.0029612347451543433
47518,"HILL-ROM HOLDINGS, INC.",2016,4262400000.0,-9600000.0,408300000.0,,,-0.0022522522522522522
47518,"HILL-ROM HOLDINGS, INC.",2017,4262400000.0,600000.0,706000000.0,,,0.00014076576576576576
47518,"HILL-ROM HOLDINGS, INC.",2018,4360000000.0,100000.0,1829400000.0,,,2.293577981651376e-05
47518,"HILL-ROM HOLDINGS, INC.",2019,4360000000.0,27900000.0,355100000.0,,,0.006399082568807339
47518,"HILL-ROM HOLDINGS, INC.",2020,4671100000.0,42400000.0,438700000.0,,,0.009077091049217528
48465,HORMEL FOODS CORP /DE/,2010,3692055000.0,342813000.0,6754903000.0,5709.0,,0.0928515420274075
48465,HORMEL FOODS CORP /DE/,2011,4244391000.0,,6198818000.0,5709.0,,
48465,HORMEL FOODS CORP /DE/,2012,178642000.0,474195000.0,6874150000.0,5709.0,,2.654442964140572
48465,HORMEL FOODS CORP /DE/,2013,810077000.0,500050000.0,1467222000.0,5709.0,,0.6172869986433388
48465,HORMEL FOODS CORP /DE/,2014,1249631000.0,137975000.0,1170871000.0,5709.0,,0.11041259379768907
48465,HORMEL FOODS CORP /DE/,2015,4915880000.0,686088000.0,608214000.0,5709.0,,0.13956565253830444
48465,HORMEL FOODS CORP /DE/,2016,5455619000.0,243940000.0,2188587000.0,5709.0,,0.04471353296482031
48465,HORMEL FOODS CORP /DE/,2017,6139831000.0,235147000.0,2187309000.0,5709.0,,0.0382986111506978
48465,HORMEL FOODS CORP /DE/,2018,675878000.0,890052000.0,,5709.0,,1.316882632664475
48465,HORMEL FOODS CORP /DE/,2019,3583639000.0,1012140000.0,,5709.0,,0.28243358217722264
48465,HORMEL FOODS CORP /DE/,2020,1111318000.0,908082000.0,,5709.0,,0.8171216519484072
49728,IEC ELECTRONICS CORP,2011,85820000.0,2631000.0,34941000.0,,,0.030657189466324865
49728,IEC ELECTRONICS CORP,2012,85820000.0,2001000.0,34626000.0,,,0.023316243299930085
49728,IEC ELECTRONICS CORP,2013,88964000.0,-8667000.0,37062000.0,,,-0.09742142889258576
49728,IEC ELECTRONICS CORP,2014,85975000.0,0.0,35687000.0,,,0.0
49728,IEC ELECTRONICS CORP,2015,72996000.0,-14714000.0,32577000.0,,,-0.20157268891446106
49728,IEC ELECTRONICS CORP,2016,50626000.0,-5536000.0,32933000.0,,,-0.1093509264014538
49728,IEC ELECTRONICS CORP,2017,50397000.0,4786000.0,127010000.0,,,0.09496597019663869
49728,IEC ELECTRONICS CORP,2018,52447000.0,-494000.0,96455000.0,,,-0.00941903254714283
49728,IEC ELECTRONICS CORP,2019,110832000.0,763000.0,156981000.0,,,0.006884293344882345
49728,IEC ELECTRONICS CORP,2020,110832000.0,6753000.0,182714000.0,,,0.06093005630142919
50292,IEH CORP,2020,26084652.0,5160776.0,5910137.0,,,0.19784722449047815
50493,INGLES MARKETS INC,2011,1618349808.0,30842189.0,3390051840.0,,,0.019057801253806555
50493,INGLES MARKETS INC,2012,-2434000.0,43444343.0,131191000.0,,,-17.848949465899754
50493,INGLES MARKETS INC,2013,143237000.0,20795890.0,3569023094.0,,,0.14518518259946803
50493,INGLES MARKETS INC,2014,-2267000.0,51426454.0,3835985953.0,,,-22.684805469783857
50493,INGLES MARKETS INC,2015,-2392000.0,59353123.0,618147000.0,,,-24.813178511705686
50493,INGLES MARKETS INC,2016,-2338000.0,59353123.0,817161000.0,,,-25.386280153977758
50493,INGLES MARKETS INC,2017,-2338000.0,53873580.0,858409000.0,,,-23.042591958939266
50493,INGLES MARKETS INC,2018,-2415000.0,9295000.0,1061560000.0,,,-3.8488612836438922
50493,INGLES MARKETS INC,2019,147988000.0,81580002.0,121450000.0,,,0.5512609265616131
50493,INGLES MARKETS INC,2020,1698904000.0,81580002.0,4482076000.0,,,0.04801919472789516
50725,GRIFFON CORP,2011,1865254000.0,9592000.0,1293996000.0,5987.0,,0.00514246317123566
50725,GRIFFON CORP,2012,-7134901000.0,2488000.0,-53625000.0,5987.0,400000.0,-0.0003487084123521826
50725,GRIFFON CORP,2013,-7601710000.0,9048000.0,489342000.0,5987.0,300000.0,-0.001190258507625258
50725,GRIFFON CORP,2014,1374866000.0,40721000.0,-52145000.0,5987.0,,0.02961815915151004
50725,GRIFFON CORP,2015,1777608000.0,3767000.0,593363000.0,5987.0,,0.0021191398778583354
50725,GRIFFON CORP,2016,1782096000.0,52316000.0,1581295000.0,5987.0,,0.02935644319946849
50725,GRIFFON CORP,2017,1452446000.0,34289000.0,383807000.0,5987.0,,0.023607762353987687
50725,GRIFFON CORP,2018,2084890000.0,14912000.0,,5987.0,,0.0071524157149777685
50725,GRIFFON CORP,2019,160000000.0,-207367000.0,,5987.0,,-1.29604375
50725,GRIFFON CORP,2020,1653211000.0,53429000.0,40285000.0,5987.0,,0.0323183187143081
52988,JACOBS ENGINEERING GROUP INC /DE/,2010,4428614000.0,114383000.0,1666325000.0,,,0.025828171071129703
52988,JACOBS ENGINEERING GROUP INC /DE/,2011,4683917000.0,76994000.0,2356175000.0,,,0.01643795139837021
52988,JACOBS ENGINEERING GROUP INC /DE/,2012,6839433000.0,77500000.0,1656487000.0,,,0.011331348665890872
52988,JACOBS ENGINEERING GROUP INC /DE/,2013,7274144000.0,83933000.0,158908000.0,,,0.01153853979244843
52988,JACOBS ENGINEERING GROUP INC /DE/,2014,7274144000.0,423093000.0,141507000.0,,,0.05816395716114501
52988,JACOBS ENGINEERING GROUP INC /DE/,2015,8453659000.0,110811000.0,141507000.0,,,0.013108051791537841
52988,JACOBS ENGINEERING GROUP INC /DE/,2016,7785926000.0,302971000.0,6247448000.0,,,0.03891264828358246
52988,JACOBS ENGINEERING GROUP INC /DE/,2017,7380859000.0,293727000.0,5738840000.0,,,0.03979577444847544
52988,JACOBS ENGINEERING GROUP INC /DE/,2018,7380859000.0,2163000.0,2781763000.0,,,0.00029305532052570035
52988,JACOBS ENGINEERING GROUP INC /DE/,2019,11462711000.0,23262000.0,,,,0.0020293628618919205
52988,JACOBS ENGINEERING GROUP INC /DE/,2020,192600000.0,81993000.0,,,,0.42571651090342677
53669,JOHNSON CONTROLS INC,2010,1554000000.0,-338000000.0,12892000000.0,6268.0,120000.0,-0.2175032175032175
53669,JOHNSON CONTROLS INC,2011,1087000000.0,-338000000.0,8019000000.0,6268.0,120000.0,-0.3109475620975161
53669,JOHNSON CONTROLS INC,2012,1326000000.0,-184000000.0,14715000000.0,6268.0,60000.0,-0.138763197586727
53669,JOHNSON CONTROLS INC,2013,1352000000.0,1178000000.0,10663000000.0,6268.0,150000.0,0.871301775147929
53669,JOHNSON CONTROLS INC,2014,1872000000.0,1184000000.0,4501000000.0,6268.0,110000.0,0.6324786324786325
53669,JOHNSON CONTROLS INC,2015,4281000000.0,1215000000.0,10085000000.0,6268.0,,0.28381219341275404
53669,JOHNSON CONTROLS INC,2016,2338000000.0,-847000000.0,16837000000.0,6268.0,30000.0,-0.36227544910179643
54187,MAYS J W INC,2012,56341251.0,530356.0,,,,0.009413280510935053
54187,MAYS J W INC,2013,55384745.0,1270353.0,,,,0.02293687548800667
54187,MAYS J W INC,2014,56693937.0,1270353.0,,,,0.02240721084513852
54187,MAYS J W INC,2015,66436103.0,2208682.0,,,,0.03324520705255695
54187,MAYS J W INC,2016,63545254.0,1517760.0,,,,0.02388471057177614
54187,MAYS J W INC,2017,63545254.0,1517760.0,,,,0.02388471057177614
54187,MAYS J W INC,2018,66562473.0,2974141.0,19549387.0,,,0.04468194864094067
54187,MAYS J W INC,2019,68789075.0,,19300882.0,,,
54187,MAYS J W INC,2020,68789075.0,-906005.0,19531846.0,,,-0.013170768759428733
56978,KULICKE & SOFFA INDUSTRIES INC,2011,728391000.0,-41601000.0,830401000.0,,,-0.057113555768810984
56978,KULICKE & SOFFA INDUSTRIES INC,2012,639149000.0,1912000.0,33503000.0,,,0.002991477730544834
56978,KULICKE & SOFFA INDUSTRIES INC,2013,639149000.0,16617000.0,150271000.0,,,0.025998632556727776
56978,KULICKE & SOFFA INDUSTRIES INC,2014,815609000.0,160580000.0,5822000.0,,,0.19688355572339197
56978,KULICKE & SOFFA INDUSTRIES INC,2015,944448000.0,25039000.0,472567000.0,,,0.026511782543877482
56978,KULICKE & SOFFA INDUSTRIES INC,2016,81128000.0,47112000.0,31371000.0,,,0.580711961345035
56978,KULICKE & SOFFA INDUSTRIES INC,2017,982444000.0,47112000.0,108534000.0,,,0.04795387828721026
56978,KULICKE & SOFFA INDUSTRIES INC,2018,1171107000.0,48455000.0,215892000.0,,,0.041375382437300774
56978,KULICKE & SOFFA INDUSTRIES INC,2019,1185740000.0,36313000.0,56831000.0,,,0.03062475753537875
56978,KULICKE & SOFFA INDUSTRIES INC,2020,1079616000.0,56676000.0,462059000.0,,,0.052496443179797264
57183,LACLEDE GAS CO,2011,1658452000.0,53777000.0,,6547.0,,0.032426021374148906
57183,LACLEDE GAS CO,2012,1643046000.0,0.0,,6547.0,,0.0
57183,LACLEDE GAS CO,2013,0.0,49899000.0,,6547.0,,
57183,LACLEDE GAS CO,2015,3167500000.0,-9400000.0,,6547.0,,-0.002967640094711918
58361,"LEE ENTERPRISES, INC",2011,1440116000.0,-146868000.0,842030000.0,6639.0,,-0.10198345133308706
58361,"LEE ENTERPRISES, INC",2012,1061136000.0,46105000.0,180457000.0,6639.0,,0.04344871910857798
58361,"LEE ENTERPRISES, INC",2013,827705000.0,-16698000.0,171745000.0,6639.0,,-0.020173854211343413
58361,"LEE ENTERPRISES, INC",2014,811275000.0,-16698000.0,154093000.0,6639.0,,-0.02058241656651567
58361,"LEE ENTERPRISES, INC",2015,763484000.0,1486000.0,660877000.0,6639.0,,0.0019463407222679193
58361,"LEE ENTERPRISES, INC",2016,747825000.0,11237000.0,158677000.0,6639.0,,0.0150262427707017
58361,"LEE ENTERPRISES, INC",2017,620850000.0,27481000.0,133387000.0,6639.0,,0.044263509704437466
58361,"LEE ENTERPRISES, INC",2018,620850000.0,3185000.0,133387000.0,6639.0,,0.005130063622453089
58361,"LEE ENTERPRISES, INC",2019,555202000.0,10361000.0,,6639.0,,0.01866167629079146
58361,"LEE ENTERPRISES, INC",2020,4834000.0,45766000.0,,6639.0,,9.467521721141912
59860,GOLDRICH MINING CO,2020,724992.0,-3779949.0,,,,-5.213780289989407
61398,MAGELLAN PETROLEUM CORP /DE/,2015,79474000.0,15509000.0,,,,0.1951455822029846
63296,MATTHEWS INTERNATIONAL CORP,2010,993825000.0,57732000.0,818623000.0,,,0.05809071013508414
63296,MATTHEWS INTERNATIONAL CORP,2011,29316000.0,72372000.0,520083000.0,,,2.4686860417519445
63296,MATTHEWS INTERNATIONAL CORP,2012,299248000.0,16325000.0,56921000.0,,,0.054553413890819656
63296,MATTHEWS INTERNATIONAL CORP,2013,356458000.0,12975000.0,225609000.0,,,0.03639980025697277
63296,MATTHEWS INTERNATIONAL CORP,2014,113420000.0,43674000.0,0.0,,,0.3850643625462881
63296,MATTHEWS INTERNATIONAL CORP,2015,108148000.0,19041000.0,798339000.0,,,0.17606428227983875
63296,MATTHEWS INTERNATIONAL CORP,2016,72620000.0,66749000.0,43865000.0,,,0.9191545028917654
63296,MATTHEWS INTERNATIONAL CORP,2017,1157771000.0,10322000.0,47417000.0,,,0.008915407278295966
63296,MATTHEWS INTERNATIONAL CORP,2018,65734000.0,24414000.0,346000.0,,,0.3714059695134938
63296,MATTHEWS INTERNATIONAL CORP,2019,741148000.0,3097000.0,320553000.0,,,0.004178652576813268
63296,MATTHEWS INTERNATIONAL CORP,2020,192948000.0,15417000.0,156515000.0,,,0.07990235711176068
64472,GENCOR INDUSTRIES INC,2012,104375000.0,875000.0,59692000.0,,,0.008383233532934131
64472,GENCOR INDUSTRIES INC,2013,110312000.0,2766000.0,13993000.0,,,0.02507433461454783
64472,GENCOR INDUSTRIES INC,2014,116948000.0,6725000.0,48943000.0,,,0.057504189896364195
64472,GENCOR INDUSTRIES INC,2015,117828000.0,-1819000.0,39230000.0,,,-0.01543775673014903
64472,GENCOR INDUSTRIES INC,2016,128712000.0,-1819000.0,39230000.0,,,-0.014132326434209709
64472,GENCOR INDUSTRIES INC,2017,128712000.0,1630000.0,69991000.0,,,0.012663931878923488
64472,GENCOR INDUSTRIES INC,2018,153023000.0,8418000.0,,,,0.055011338164851036
64472,GENCOR INDUSTRIES INC,2019,165372000.0,10196000.0,,,,0.06165493553926904
64472,GENCOR INDUSTRIES INC,2020,165372000.0,10196000.0,,,,0.06165493553926904
67625,MONMOUTH REAL ESTATE INVESTMENT CORP,2011,454118797.0,11007515.0,45212822.0,,,0.024239285122566727
67625,MONMOUTH REAL ESTATE INVESTMENT CORP,2012,574507702.0,11007515.0,,,,0.019159908495012656
67625,MONMOUTH REAL ESTATE INVESTMENT CORP,2013,574507702.0,0.0,,,,0.0
67625,MONMOUTH REAL ESTATE INVESTMENT CORP,2014,617240866.0,0.0,,,,0.0
67625,MONMOUTH REAL ESTATE INVESTMENT CORP,2015,915991942.0,0.0,,,,0.0
67625,MONMOUTH REAL ESTATE INVESTMENT CORP,2016,1229758028.0,0.0,,,,0.0
67625,MONMOUTH REAL ESTATE INVESTMENT CORP,2017,1223485885.0,0.0,,,,0.0
67625,MONMOUTH REAL ESTATE INVESTMENT CORP,2018,1443037755.0,0.0,,,,0.0
67625,MONMOUTH REAL ESTATE INVESTMENT CORP,2019,1718378000.0,17630000.0,,,,0.010259675112227926
67625,MONMOUTH REAL ESTATE INVESTMENT CORP,2020,1871948000.0,0.0,,,,0.0
67887,MOOG INC,2010,2712134000.0,108094000.0,1848918000.0,7549.0,,0.03985570034518943
67887,MOOG INC,2010,2712134000.0,108094000.0,1848918000.0,7549.0,,0.03985570034518943
67887,MOOG INC,2011,1110771000.0,30615000.0,113253000.0,7549.0,,0.027561936708826573
67887,MOOG INC,2011,1110771000.0,30615000.0,113253000.0,7549.0,,0.027561936708826573
67887,MOOG INC,2012,384409000.0,136021000.0,619061000.0,7549.0,,0.35384447294418186
67887,MOOG INC,2012,384409000.0,136021000.0,619061000.0,7549.0,,0.35384447294418186
67887,MOOG INC.,2013,1268753000.0,152462000.0,415428000.0,7549.0,,0.12016680945779044
67887,MOOG INC.,2013,1268753000.0,152462000.0,415428000.0,7549.0,,0.12016680945779044
67887,MOOG INC.,2014,1257099000.0,40254000.0,2469536000.0,7549.0,,0.032021344380991475
67887,MOOG INC.,2014,1257099000.0,40254000.0,2469536000.0,7549.0,,0.032021344380991475
67887,MOOG INC.,2015,1220814000.0,120497000.0,634539000.0,7549.0,0.0,0.0987021773996694
67887,MOOG INC.,2015,1220814000.0,120497000.0,634539000.0,7549.0,0.0,0.0987021773996694
67887,MOOG INC.,2016,1220814000.0,131883000.0,514984000.0,7549.0,120000.0,0.10802874147904595
67887,MOOG INC.,2016,1220814000.0,131883000.0,514984000.0,7549.0,120000.0,0.10802874147904595
67887,MOOG INC.,2017,262389000.0,131883000.0,1124885000.0,7549.0,140000.0,0.5026239667059214
67887,MOOG INC.,2017,262389000.0,131883000.0,1124885000.0,7549.0,140000.0,0.5026239667059214
67887,MOOG INC.,2018,3090592000.0,40088000.0,145627000.0,7549.0,230000.0,0.01297097772853874
67887,MOOG INC.,2018,3090592000.0,40088000.0,145627000.0,7549.0,230000.0,0.01297097772853874
67887,MOOG INC.,2019,3114237000.0,96507000.0,9276000.0,7549.0,230000.0,0.030988970974270745
67887,MOOG INC.,2019,3114237000.0,96507000.0,9276000.0,7549.0,230000.0,0.030988970974270745
67887,MOOG INC.,2020,761874000.0,-77977000.0,102600000.0,7549.0,220000.0,-0.10234894483864786
67887,MOOG INC.,2020,761874000.0,-77977000.0,102600000.0,7549.0,220000.0,-0.10234894483864786
68709,MTS SYSTEMS CORP,2012,315357000.0,18576000.0,467368000.0,6900.0,,0.05890466994549035
68709,MTS SYSTEMS CORP,2013,94569000.0,50942000.0,100244000.0,6900.0,,0.5386754644756738
68709,MTS SYSTEMS CORP,2014,360037000.0,57806000.0,29058000.0,6900.0,,0.16055572066204307
68709,MTS SYSTEMS CORP,2015,451277000.0,57806000.0,1088000.0,6900.0,,0.1280942746915974
68709,MTS SYSTEMS CORP,2017,1188020000.0,25084000.0,131727000.0,6900.0,,0.021114122657867714
68709,MTS SYSTEMS CORP,2018,0.0,25084000.0,148056000.0,6900.0,,
68709,MTS SYSTEMS CORP,2019,1139396000.0,25084000.0,1026000.0,6900.0,,0.02201517295128296
68709,MTS SYSTEMS CORP,2020,-33000.0,-367000.0,-31000.0,6900.0,,11.121212121212121
69422,INTERGROUP CORP,2017,56356000.0,-7136000.0,72898000.0,163610.0,40000.0,-0.1266236070693449
70145,NATIONAL FUEL GAS CO,2010,4769129000.0,100708000.0,,7733.0,,0.02111664415032598
70145,NATIONAL FUEL GAS CO,2011,5284742000.0,258402000.0,,7733.0,,0.04889585905991248
70145,NATIONAL FUEL GAS CO,2012,198706000.0,115611000.0,,7733.0,,0.5818193713325214
70145,NATIONAL FUEL GAS CO,2013,6218347000.0,124189000.0,,7733.0,,0.019971384678275434
70145,NATIONAL FUEL GAS CO,2014,95793000.0,47842000.0,,7733.0,,0.49943106490035805
70145,NATIONAL FUEL GAS CO,2015,6204977000.0,13321000.0,,7733.0,,0.002146825040608531
70145,NATIONAL FUEL GAS CO,2016,2021514000.0,299413000.0,,7733.0,,0.1481132458147705
70145,NATIONAL FUEL GAS CO,2017,63392000.0,1509000.0,,7733.0,,0.023804265522463404
70145,NATIONAL FUEL GAS CO,2018,77138000.0,4348000.0,0.0,7733.0,,0.0563665119655682
70145,NATIONAL FUEL GAS CO,2019,1407152000.0,-21354000.0,1448228000.0,7733.0,,-0.01517533287093363
70145,NATIONAL FUEL GAS CO,2020,1848180000.0,391521000.0,478000.0,7733.0,,0.21184137908645262
70793,NBTY INC,2012,864231000.0,,1764755000.0,,,
70793,NBTY INC,2013,119395000.0,,36655000.0,,,
70793,NBTY INC,2014,692685000.0,,190675000.0,,,
70793,NBTY INC,2015,4075592000.0,,1172050000.0,,,
72331,NORDSON CORP,2010,986354000.0,168048000.0,819165000.0,7921.0,,0.17037290871228788
72331,NORDSON CORP,2011,986354000.0,53556000.0,390319000.0,7921.0,,0.05429693598849906
72331,NORDSON CORP,2012,-25316000.0,224829000.0,312255000.0,7921.0,,-8.880905356296413
72331,NORDSON CORP,2013,-25316000.0,59777000.0,109074000.0,7921.0,,-2.36123400221204
72331,NORDSON CORP,2014,110982000.0,61934000.0,403086000.0,7921.0,,0.5580544592816853
72331,NORDSON CORP,2015,486852000.0,246773000.0,123654000.0,7921.0,,0.506874779193677
72331,NORDSON CORP,2016,22884000.0,41161000.0,593858000.0,7921.0,,1.79868030064674
72331,NORDSON CORP,2017,794699000.0,70601000.0,594298000.0,7921.0,,0.08883992555672021
72331,NORDSON CORP,2018,26175000.0,49988000.0,253092000.0,7921.0,,1.9097612225405922
72331,NORDSON CORP,2019,38997000.0,91235000.0,530812000.0,7921.0,,2.3395389388927352
72331,NORDSON CORP,2020,3519907000.0,86981000.0,2194226000.0,7921.0,,0.02471116424382803
73605,OAKRIDGE HOLDINGS INC,2012,19494159.0,55734.0,13314725.0,,,0.002859010229679567
73605,OAKRIDGE HOLDINGS INC,2013,18624332.0,-314641.0,12757054.0,,,-0.0168940824293725
73605,OAKRIDGE HOLDINGS INC,2016,5764244.0,2530532.0,,,,0.4390050108912808
73887,BRISTOW GROUP INC,2019,661266000.0,-195658000.0,0.0,8092.0,,-0.2958839559269643
74046,OIL DRI CORP OF AMERICA,2012,165565000.0,,59582000.0,8105.0,,
74046,OIL DRI CORP OF AMERICA,2013,53721000.0,,214239000.0,8105.0,,
74046,OIL DRI CORP OF AMERICA,2014,53721000.0,,63546000.0,8105.0,,
74046,OIL DRI CORP OF AMERICA,2015,175261000.0,8356000.0,64643000.0,8105.0,,0.04767746389670263
74046,OIL DRI CORP OF AMERICA,2016,7297000.0,11368000.0,64916000.0,8105.0,,1.557900507057695
74046,OIL-DRI CORP OF AMERICA,2017,38075000.0,10792000.0,262313000.0,8105.0,,0.28344057780695997
74046,OIL-DRI CORP OF AMERICA,2018,212575000.0,8249000.0,266000000.0,8105.0,,0.038805127602022815
74046,OIL-DRI CORP OF AMERICA,2019,185361000.0,-9000.0,51905000.0,8105.0,,-4.855390292456342e-05
74046,OIL-DRI CORP OF AMERICA,2020,10195000.0,18900000.0,105877000.0,8105.0,,1.8538499264345267
75829,PALL CORP,2012,3232416000.0,319309000.0,1253594000.0,,,0.09878338679179907
77597,SPARTECH CORP,2011,549702000.0,0.0,1022896000.0,,,0.0
77597,SPARTECH CORP,2012,94267000.0,0.0,222418000.0,,,0.0
78311,SOOUM CORP.,2016,338.0,-14751242.0,46842.0,,,-43642.72781065089
78460,PIEDMONT NATURAL GAS CO INC,2010,3118819000.0,,,,,
78460,PIEDMONT NATURAL GAS CO INC,2011,188448000.0,-9518000.0,,,,-0.050507301749023605
78460,PIEDMONT NATURAL GAS CO INC,2012,3563887000.0,47408000.0,,,,0.01330232973155434
78460,PIEDMONT NATURAL GAS CO INC,2013,4182423000.0,85923000.0,,,,0.020543833084315
78460,PIEDMONT NATURAL GAS CO INC,2014,171553000.0,-5003000.0,,,,-0.02916299918975477
78460,PIEDMONT NATURAL GAS CO INC,2015,161154000.0,-8967000.0,,,,-0.05564242898097472
78460,PIEDMONT NATURAL GAS CO INC,2016,5691000000.0,-8300000.0,160400000.0,,,-0.00145844315586013
79661,PORTSMOUTH SQUARE INC,2017,44389000.0,-4792000.0,,,,-0.10795467345513528
80420,POWELL INDUSTRIES INC,2011,400712000.0,39717000.0,,,,0.09911607338936693
80420,POWELL INDUSTRIES INC,2012,448312000.0,-2715000.0,,,,-0.0060560502507182494
80420,POWELL INDUSTRIES INC,2013,17083000.0,42076000.0,,,,2.4630334250424397
80420,POWELL INDUSTRIES INC,2014,541443000.0,2947000.0,,,,0.0054428628682982325
80420,POWELL INDUSTRIES INC,2015,541443000.0,42076000.0,,,,0.07771085783729774
80420,POWELL INDUSTRIES INC,2016,462516000.0,5567000.0,,,,0.012036340364441447
80420,POWELL INDUSTRIES INC,2017,414986000.0,-3215000.0,,,,-0.007747249304795824
80420,POWELL INDUSTRIES INC,2018,429951000.0,-3330000.0,,,,-0.007745068624099025
80420,POWELL INDUSTRIES INC,2019,429951000.0,-7152000.0,45540000.0,,,-0.01663445369356043
80420,POWELL INDUSTRIES INC,2020,472278000.0,6538000.0,397983000.0,,,0.013843541304062438
83402,"RESOURCE AMERICA, INC.",2011,422506000.0,-14931000.0,88728000.0,,,-0.03533914311276053
83402,"RESOURCE AMERICA, INC.",2012,169727000.0,-2278000.0,88728000.0,,,-0.013421553435811627
84290,"ROBBINS & MYERS, INC.",2012,972890000.0,35257000.0,478193000.0,,,0.03623945153100556
85704,"HARRIS TEETER SUPERMARKETS, INC.",2012,1952488000.0,112041000.0,4099353000.0,,,0.05738370735185056
85704,"HARRIS TEETER SUPERMARKETS, INC.",2013,1952488000.0,91247000.0,1152700000.0,,,0.04673370591778285
85704,RUDDICK CORP,2010,1844321000.0,112041000.0,4077822000.0,,,0.060749186285901424
85704,RUDDICK CORP,2011,1893671000.0,,1107300000.0,,,
86759,SANTA FE FINANCIAL CORP,2017,71283000.0,-4960000.0,54674000.0,,,-0.0695818077241418
87047,SB PARTNERS,2013,18201798.0,-1105250.0,642766.0,,,-0.060722023175952176
87565,SCHULMAN A INC,2012,89738000.0,13582000.0,460141000.0,,,0.1513517127638236
87565,SCHULMAN A INC,2013,89738000.0,402000.0,563071000.0,,,0.004479707593215806
87565,SCHULMAN A INC,2014,413438000.0,15071000.0,805798000.0,,,0.036452865967811374
87565,SCHULMAN A INC,2015,2351711000.0,6859000.0,588508000.0,,,0.0029165998713277267
87565,SCHULMAN A INC,2016,335793000.0,-96347000.0,0.0,,,-0.2869237893583249
87565,SCHULMAN A INC,2017,-1275884000.0,-383204000.0,163544000.0,,,0.3003439184126457
87802,SCIENTIFIC INDUSTRIES INC,2016,7141400.0,165600.0,7848400.0,,,0.023188730501022208
87802,SCIENTIFIC INDUSTRIES INC,2019,7325500.0,1200.0,0.0,,,0.00016381134393556753
87802,SCIENTIFIC INDUSTRIES INC,2020,14797400.0,-703300.0,0.0,,,-0.04752861989268385
88572,SECURITY LAND & DEVELOPMENT CORP,2011,9869356.0,,,,,
88572,SECURITY LAND & DEVELOPMENT CORP,2012,9825124.0,269499.0,,,,0.027429577479123928
88572,SECURITY LAND & DEVELOPMENT CORP,2013,9668159.0,284261.0,,,,0.029401771319648343
88572,SECURITY LAND & DEVELOPMENT CORP,2014,9668159.0,329818.0,,,,0.03411383697765004
88572,SECURITY LAND & DEVELOPMENT CORP,2015,11744221.0,329818.0,,,,0.028083429288328278
88572,SECURITY LAND & DEVELOPMENT CORP,2016,11744221.0,300251.0,,,,0.025565850642626703
88572,SECURITY LAND & DEVELOPMENT CORP,2018,11215374.0,331817.0,463200.0,,,0.02958590591807282
90168,SIFCO INDUSTRIES INC,2012,6217000.0,0.0,15022000.0,,,0.0
90168,SIFCO INDUSTRIES INC,2013,106545000.0,0.0,102900000.0,,,0.0
90168,SIFCO INDUSTRIES INC,2014,109697000.0,0.0,119654000.0,,,0.0
90168,SIFCO INDUSTRIES INC,2016,156689000.0,-2872000.0,119121000.0,,,-0.01832930199312013
90168,SIFCO INDUSTRIES INC,2017,130457000.0,-11335000.0,119121000.0,,,-0.0868868669369984
90168,SIFCO INDUSTRIES INC,2018,110887000.0,-14209000.0,121458000.0,,,-0.12813945728534454
90168,SIFCO INDUSTRIES INC,2019,102237000.0,823000.0,54999000.0,,,0.0080499232176218
90168,SIFCO INDUSTRIES INC,2020,121948000.0,-569000.0,16787000.0,,,-0.004665923180371962
90721,PERVASIP CORP,2016,1052288.0,-214569.0,,,,-0.20390710527916311
93631,FREDERICK'S OF HOLLYWOOD GROUP INC /NY/,2013,36199000.0,0.0,86507000.0,,,0.0
93859,BIGLARI HOLDINGS INC.,2012,386622000.0,33110000.0,673781000.0,,,0.08563920314932932
93859,BIGLARI HOLDINGS INC.,2013,450148000.0,2604000.0,709200000.0,,,0.005784764122022091
93859,BIGLARI HOLDINGS INC.,2014,18802000.0,140271000.0,740207000.0,,,7.46042974151686
96699,TECHNICAL COMMUNICATIONS CORP,2011,14825942.0,7868294.0,21551148.0,,,0.5307112357514956
96699,TECHNICAL COMMUNICATIONS CORP,2012,12839796.0,-840885.0,12102105.0,,,-0.06549052648500023
96699,TECHNICAL COMMUNICATIONS CORP,2013,12839796.0,-840885.0,6249649.0,,,-0.06549052648500023
96699,TECHNICAL COMMUNICATIONS CORP,2014,9809398.0,-714129.0,1563842.0,,,-0.0728004919364063
96699,TECHNICAL COMMUNICATIONS CORP,2015,8015763.0,-2564874.0,6138575.0,,,-0.3199787718274605
96699,TECHNICAL COMMUNICATIONS CORP,2016,5471213.0,-1821901.0,211057.0,,,-0.3329976369042843
96699,TECHNICAL COMMUNICATIONS CORP,2017,3934824.0,-2472288.0,2522934.0,,,-0.6283096778915651
96699,TECHNICAL COMMUNICATIONS CORP,2019,2917261.0,-1479599.0,,,,-0.5071877353449006
96699,TECHNICAL COMMUNICATIONS CORP,2020,2917261.0,-910650.0,,,,-0.312159248006949
99771,TRINITY CAPITAL CORP,2014,148227000.0,12863000.0,,,,0.08677906184433336
99771,TRINITY CAPITAL CORP,2016,144145000.0,1914000.0,,,,0.013278296160116549
100493,TYSON FOODS INC,2010,2277000000.0,40000000.0,4552000000.0,10793.0,,0.01756697408871322
100493,TYSON FOODS INC,2010,2277000000.0,40000000.0,4552000000.0,10793.0,,0.01756697408871322
100493,TYSON FOODS INC,2011,13678000000.0,159000000.0,286000000.0,10793.0,,0.01162450650679924
100493,TYSON FOODS INC,2011,13678000000.0,159000000.0,286000000.0,10793.0,,0.01162450650679924
100493,TYSON FOODS INC,2012,5902000000.0,-470000000.0,8373000000.0,10793.0,,-0.0796340223652999
100493,TYSON FOODS INC,2012,5902000000.0,-470000000.0,8373000000.0,10793.0,,-0.0796340223652999
100493,TYSON FOODS INC,2013,960000000.0,385000000.0,211000000.0,10793.0,,0.4010416666666667
100493,TYSON FOODS INC,2013,960000000.0,385000000.0,211000000.0,10793.0,,0.4010416666666667
100493,TYSON FOODS INC,2014,1452000000.0,385000000.0,-1420000000.0,10793.0,,0.26515151515151514
100493,TYSON FOODS INC,2014,1452000000.0,385000000.0,-1420000000.0,10793.0,,0.26515151515151514
100493,TYSON FOODS INC,2015,21127000000.0,-774000000.0,5408000000.0,10793.0,,-0.03663558479670564
100493,TYSON FOODS INC,2015,21127000000.0,-774000000.0,5408000000.0,10793.0,,-0.03663558479670564
100493,TYSON FOODS INC,2016,3103000000.0,1220000000.0,3927000000.0,10793.0,,0.3931679020302933
100493,TYSON FOODS INC,2016,3103000000.0,1220000000.0,3927000000.0,10793.0,,0.3931679020302933
100493,TYSON FOODS INC,2017,13466000000.0,1774000000.0,-386000000.0,10793.0,,0.13173919500965395
100493,TYSON FOODS INC,2017,13466000000.0,1774000000.0,-386000000.0,10793.0,,0.13173919500965395
100493,TYSON FOODS INC,2018,5836000000.0,593000000.0,14513000000.0,10793.0,,0.10161069225496916
100493,TYSON FOODS INC,2018,5836000000.0,593000000.0,14513000000.0,10793.0,,0.10161069225496916
100493,"TYSON FOODS, INC.",2019,15063000000.0,2022000000.0,0.0,10793.0,,0.13423620792670782
100493,"TYSON FOODS, INC.",2019,15063000000.0,2022000000.0,0.0,10793.0,,0.13423620792670782
100493,"TYSON FOODS, INC.",2020,926000000.0,527000000.0,126000000.0,10793.0,,0.5691144708423326
100493,"TYSON FOODS, INC.",2020,926000000.0,527000000.0,126000000.0,10793.0,,0.5691144708423326
100548,UGI UTILITIES INC,2011,2139576000.0,90258000.0,1137366000.0,,,0.04218499366229571
100548,UGI UTILITIES INC,2012,1996281000.0,87898000.0,1137366000.0,,,0.044030875412830156
100548,UGI UTILITIES INC,2013,0.0,102098000.0,345802000.0,,,
100548,UGI UTILITIES INC,2014,2354643000.0,87898000.0,298899000.0,,,0.03732965039710903
100548,UGI UTILITIES INC,2015,2354643000.0,121055000.0,1676000.0,,,0.05141119057113966
100548,UGI UTILITIES INC,2016,0.0,121055000.0,1041581000.0,,,
100548,UGI UTILITIES INC,2017,172794000.0,116041000.0,359940000.0,,,0.671556882762133
100548,UGI UTILITIES INC,2018,172794000.0,97373000.0,126081000.0,,,0.5635207240992164
101462,UNITED REFINING CO,2012,169935000.0,-711000.0,619147000.0,,,-0.004183952687792391
101462,UNITED REFINING CO,2013,681035000.0,711000.0,870109000.0,,,0.0010439992070892098
101462,UNITED REFINING CO,2014,-164032000.0,190816000.0,2626015000.0,,,-1.163285212641436
101462,UNITED REFINING CO,2016,707266000.0,71113000.0,575328000.0,,,0.1005463291039015
102741,VALSPAR CORP,2010,3867936000.0,150766000.0,3482378000.0,11096.0,,0.038978411225004755
102741,VALSPAR CORP,2011,2293130000.0,-295723000.0,873915000.0,11096.0,,-0.12896041654856027
102741,VALSPAR CORP,2012,2071211000.0,0.0,927610000.0,11096.0,,0.0
102741,VALSPAR CORP,2013,2071211000.0,55029000.0,-140133000.0,11096.0,,0.02656851474813527
102741,VALSPAR CORP,2014,4025509000.0,345401000.0,411433000.0,11096.0,,0.0858030624201809
102741,VALSPAR CORP,2015,2400261000.0,102862000.0,91201000.0,11096.0,,0.04285450623911316
102741,VALSPAR CORP,2016,1616919000.0,116988000.0,1149538000.0,11096.0,,0.07235241839572669
103145,VEECO INSTRUMENTS INC,2013,622288000.0,,139909000.0,11124.0,,
103595,VILLAGE SUPER MARKET INC,2013,409538000.0,20982000.0,1298928000.0,,,0.05123334098423101
103595,VILLAGE SUPER MARKET INC,2014,457412000.0,25784000.0,1518636000.0,,,0.05636931256722605
103595,VILLAGE SUPER MARKET INC,2015,457412000.0,30620000.0,1583789000.0,,,0.0669418379928817
103595,VILLAGE SUPER MARKET INC,2016,450254000.0,5045000.0,1583789000.0,,,0.01120478663154575
103595,VILLAGE SUPER MARKET INC,2017,450254000.0,22921000.0,1583789000.0,,,0.05090682148298516
103595,VILLAGE SUPER MARKET INC,2018,455225000.0,25080000.0,1612015000.0,,,0.0550936350156516
103595,VILLAGE SUPER MARKET INC,2019,481590000.0,25080000.0,1011232000.0,,,0.05207749330343238
103595,VILLAGE SUPER MARKET INC,2020,502289000.0,24939000.0,616271000.0,,,0.04965069909952239
103872,"VOLT INFORMATION SCIENCES, INC.",2013,556674000.0,547000.0,,,,0.0009826217858207855
104207,WALGREEN CO,2010,25142000000.0,2091000000.0,59034000000.0,122355.0,,0.0831676079866359
104207,WALGREEN CO,2011,26275000000.0,2091000000.0,67420000000.0,122355.0,,0.079581351094196
104207,WALGREEN CO,2012,33462000000.0,353000000.0,18651000000.0,122355.0,50000.0,0.010549279780049011
104207,WALGREEN CO,2013,35481000000.0,2714000000.0,17941000000.0,122355.0,200000.0,0.07649164341478538
104207,WALGREEN CO,2014,35481000000.0,0.0,76392000000.0,122355.0,200000.0,0.0
104819,WASHINGTON GAS LIGHT CO,2018,-882450000.0,167594000.0,,,,-0.18991897557935294
104897,"WSI INDUSTRIES, INC.",2012,23074091.0,1473362.0,11922000.0,,,0.06385352298385231
104897,"WSI INDUSTRIES, INC.",2013,23074091.0,899423.0,24963235.0,,,0.038979780395249373
104897,"WSI INDUSTRIES, INC.",2014,28991160.0,1224124.0,20248000.0,,,0.04222404346704306
104897,"WSI INDUSTRIES, INC.",2015,28991160.0,997068.0,34244000.0,,,0.03439213884508243
104897,"WSI INDUSTRIES, INC.",2016,25982586.0,173048.0,42982937.0,,,0.0066601530732930125
104897,"WSI INDUSTRIES, INC.",2017,25982586.0,-814297.0,35215984.0,,,-0.031340106023318846
105132,WD 40 CO,2012,99091000.0,36433000.0,26188000.0,,,0.36767213975033053
105132,WD 40 CO,2013,323064000.0,35485000.0,52020000.0,,,0.10983891736621845
105132,WD 40 CO,2014,347680000.0,43746000.0,180806000.0,,,0.12582259549010585
105132,WD 40 CO,2015,347680000.0,43746000.0,378150000.0,,,0.12582259549010585
105132,WD 40 CO,2016,339668000.0,52628000.0,333306000.0,,,0.1549395291873241
105132,WD 40 CO,2017,339668000.0,52628000.0,339974000.0,,,0.1549395291873241
105132,WD 40 CO,2018,369717000.0,52628000.0,184929000.0,,,0.14234671383788142
105132,WD 40 CO,2019,317059000.0,65215000.0,4200000.0,,,0.20568726956181657
105132,WD 40 CO,2020,362637000.0,60710000.0,20700000.0,,,0.1674125916550159
107687,WINNEBAGO INDUSTRIES INC,2012,239927000.0,40908000.0,59164000.0,,,0.17050186098271558
107687,WINNEBAGO INDUSTRIES INC,2013,309145000.0,7391000.0,446616000.0,,,0.023907874945413965
107687,WINNEBAGO INDUSTRIES INC,2014,309145000.0,9593000.0,28702000.0,,,0.03103074609002248
107687,WINNEBAGO INDUSTRIES INC,2015,362174000.0,11146000.0,71253000.0,,,0.030775262719024556
107687,WINNEBAGO INDUSTRIES INC,2016,390718000.0,8558000.0,263254000.0,,,0.021903265270604374
107687,WINNEBAGO INDUSTRIES INC,2017,21777000.0,41210000.0,920315000.0,,,1.8923635027781605
107687,WINNEBAGO INDUSTRIES INC,2018,902512000.0,11738000.0,4451000.0,,,0.013005921250908575
107687,WINNEBAGO INDUSTRIES INC,2019,103169000.0,111798000.0,101718000.0,,,1.0836394653432717
107687,WINNEBAGO INDUSTRIES INC,2020,143080000.0,21598000.0,33245000.0,,,0.15095051719317865
108312,WOODWARD GOVERNOR CO,2010,1663233000.0,110844000.0,1258204000.0,,,0.06664369934939963
108312,"WOODWARD, INC.",2011,1663233000.0,41690000.0,365075000.0,,,0.025065640232005977
108312,"WOODWARD, INC.",2012,1606726000.0,28302000.0,264046000.0,,,0.01761470219564506
108312,"WOODWARD, INC.",2013,605842000.0,145942000.0,193226000.0,,,0.24089118945203536
108312,"WOODWARD, INC.",2014,2397202000.0,42446000.0,339893000.0,,,0.01770647613342555
108312,"WOODWARD, INC.",2015,2220269000.0,23383000.0,297303000.0,,,0.010531606755757974
108312,"WOODWARD, INC.",2016,-26049000.0,43784000.0,176511000.0,,,-1.6808322776306193
108312,"WOODWARD, INC.",2017,705169000.0,0.0,2023078000.0,,,0.0
108312,"WOODWARD, INC.",2018,2642362000.0,0.0,1233176000.0,,,0.0
108312,"WOODWARD, INC.",2019,3956526000.0,180378000.0,161906000.0,,,0.04558999485912642
108312,"WOODWARD, INC.",2020,1805892000.0,38465000.0,194956000.0,,,0.02129972335001207
109156,ZALE CORP,2012,821427000.0,,226187000.0,,,
109177,HARBINGER GROUP INC.,2011,4016195000.0,-70785000.0,219888000.0,,,-0.01762489122166628
109177,HARBINGER GROUP INC.,2012,25200491000.0,-63670000.0,3252435000.0,,,-0.002526538074198634
109177,HARBINGER GROUP INC.,2013,2303700000.0,-45800000.0,-2100000.0,,,-0.019881060902027174
109177,HARBINGER GROUP INC.,2014,2383300000.0,-372000000.0,8600000.0,,,-0.1560860991062812
109177,"HRG GROUP, INC.",2015,5513000000.0,-556800000.0,5815900000.0,,,-0.10099764193723926
109177,"HRG GROUP, INC.",2016,2843700000.0,-109800000.0,5215400000.0,,,-0.03861166789745754
109177,"HRG GROUP, INC.",2017,35849700000.0,-26200000.0,1100000.0,,,-0.000730828988806043
109177,"SPECTRUM BRANDS HOLDINGS, INC.",2018,2157300000.0,433900000.0,602300000.0,,,0.20113104343392202
109177,"SPECTRUM BRANDS HOLDINGS, INC.",2019,7637400000.0,-28900000.0,993000000.0,,,-0.0037840102652735223
109177,"SPECTRUM BRANDS HOLDINGS, INC.",2020,5184300000.0,-57000000.0,586100000.0,,,-0.01099473410103582
109657,OXIS INTERNATIONAL INC,2014,129000.0,-5171000.0,26000.0,,,-40.08527131782946
203527,VARIAN MEDICAL SYSTEMS INC,2010,2323952000.0,360422000.0,2214060000.0,119216.0,,0.15509012234331862
203527,VARIAN MEDICAL SYSTEMS INC,2011,1000000000.0,0.0,719000000.0,119216.0,,0.0
203527,VARIAN MEDICAL SYSTEMS INC,2012,1485000000.0,0.0,469000000.0,119216.0,,0.0
203527,VARIAN MEDICAL SYSTEMS INC,2013,239000000.0,0.0,720300000.0,119216.0,,0.0
203527,VARIAN MEDICAL SYSTEMS INC,2014,1574900000.0,403703000.0,1650900000.0,119216.0,,0.25633564035811796
203527,VARIAN MEDICAL SYSTEMS INC,2015,1314100000.0,438248000.0,2344200000.0,119216.0,,0.33349668974963853
203527,VARIAN MEDICAL SYSTEMS INC,2016,3338700000.0,-1000000.0,759400000.0,119216.0,80000.0,-0.00029951777638002815
203527,VARIAN MEDICAL SYSTEMS INC,2017,595300000.0,411500000.0,0.0,119216.0,80000.0,0.6912481101965395
203527,VARIAN MEDICAL SYSTEMS INC,2018,1124200000.0,399300000.0,1069800000.0,119216.0,140000.0,0.35518590998043054
203527,VARIAN MEDICAL SYSTEMS INC,2019,2300000.0,73200000.0,2919100000.0,119216.0,220000.0,31.82608695652174
203527,VARIAN MEDICAL SYSTEMS INC,2020,4462200000.0,149900000.0,2919100000.0,119216.0,240000.0,0.03359329478732464
216877,PISMO COAST VILLAGE INC,2012,16206161.0,471466.0,5925569.0,,,0.029091775652481795
216877,PISMO COAST VILLAGE INC,2013,16478820.0,671191.0,6188570.0,,,0.040730525608022906
216877,PISMO COAST VILLAGE INC,2014,17035915.0,749086.0,6557299.0,,,0.04397098717620979
216877,PISMO COAST VILLAGE INC,2015,17562180.0,961322.0,7119022.0,,,0.05473819309447916
216877,PISMO COAST VILLAGE INC,2016,17562180.0,961322.0,7644417.0,,,0.05473819309447916
216877,PISMO COAST VILLAGE INC,2017,-108000.0,928889.0,8207063.0,,,-8.600824074074074
216877,PISMO COAST VILLAGE INC,2018,17769898.0,1624200.0,1194560.0,,,0.09140176268878977
216877,PISMO COAST VILLAGE INC,2019,19173998.0,1624200.0,7306671.0,,,0.0847084682078302
216877,PISMO COAST VILLAGE INC,2020,22498412.0,1478233.0,7430755.0,,,0.06570388167840469
230498,ROCK-TENN CO,2010,2914900000.0,222300000.0,2838900000.0,,,0.07626333664962777
230498,ROCK-TENN CO,2011,8159000000.0,50300000.0,2119900000.0,,,0.006164971197450668
230498,ROCK-TENN CO,2012,372800000.0,31900000.0,2119900000.0,,,0.08556866952789699
230498,ROCK-TENN CO,2013,9600000.0,76700000.0,9207600000.0,,,7.989583333333333
230498,ROCK-TENN CO,2014,14300000.0,176500000.0,9545400000.0,,,12.342657342657343
276720,PURE CYCLE CORP,2013,93522800.0,,284384.0,,,
276720,PURE CYCLE CORP,2015,8398000.0,0.0,1241900.0,,,0.0
276720,PURE CYCLE CORP,2016,70879614.0,10.0,1196569.0,,,1.410842897648963e-07
276720,PURE CYCLE CORP,2017,69787572.0,-1310607.0,76.0,,,-0.018779948383932887
276720,PURE CYCLE CORP,2018,71906615.0,0.0,0.0,,,0.0
276720,PURE CYCLE CORP,2019,15266783.0,414680.0,124200.0,,,0.02716223843621803
276720,PURE CYCLE CORP,2020,16866542.0,0.0,158600.0,,,0.0
310056,VICON INDUSTRIES INC /NY/,2011,33191276.0,-11459946.0,48681122.0,21238.0,,-0.34526982331140266
310056,VICON INDUSTRIES INC /NY/,2012,31334749.0,-1380345.0,48681122.0,21238.0,,-0.044051573542203896
310056,VICON INDUSTRIES INC /NY/,2013,31334749.0,0.0,39846083.0,21238.0,,0.0
310056,VICON INDUSTRIES INC /NY/,2015,34172131.0,-7925412.0,34878409.0,21238.0,,-0.23192618569793028
310056,VICON INDUSTRIES INC /NY/,2017,18077709.0,0.0,35759651.0,21238.0,,0.0
310568,MICROSEMI CORP,2010,879886000.0,-26823000.0,452972000.0,9715.0,,-0.030484630963556643
310568,MICROSEMI CORP,2011,879886000.0,30602000.0,835854000.0,9715.0,,0.03477950552685234
310568,MICROSEMI CORP,2012,1934630000.0,-29675000.0,518268000.0,9715.0,,-0.015338850322800742
310568,MICROSEMI CORP,2013,1912655000.0,-2905000.0,212293000.0,9715.0,,-0.0015188311535535683
310568,MICROSEMI CORP,2014,1912655000.0,-2905000.0,311952000.0,9715.0,,-0.0015188311535535683
310568,MICROSEMI CORP,2015,2450100000.0,14700000.0,0.0,9715.0,,0.005999755112036244
310568,MICROSEMI CORP,2016,2432000000.0,19700000.0,1138300000.0,9715.0,,0.00810032894736842
310568,MICROSEMI CORP,2017,4323100000.0,115200000.0,264700000.0,9715.0,,0.026647544586060928
314712,"BOOMERANG SYSTEMS, INC.",2013,6029787.0,-17422111.0,1145294.0,,,-2.889341033107803
314712,"BOOMERANG SYSTEMS, INC.",2014,4162628.0,-2669356.0,5446890.0,,,-0.641267007284821
315131,PANHANDLE OIL & GAS INC,2011,111424193.0,-2405021.0,,,,-0.021584369922248395
315131,PANHANDLE OIL & GAS INC,2012,135186730.0,8493912.0,,,,0.06283095981388113
315131,PANHANDLE OIL & GAS INC,2013,135186730.0,3412110.0,13404333.0,,,0.025239977326176912
315131,PANHANDLE OIL & GAS INC,2014,246640604.0,1022487.0,19752045.0,,,0.0041456555952968715
315131,PANHANDLE OIL & GAS INC,2015,246640604.0,10233761.0,11748888.0,,,0.041492604356418133
315131,PANHANDLE OIL & GAS INC,2016,198135226.0,-786795.0,84411224.0,,,-0.003971000088596058
315131,PANHANDLE OIL & GAS INC,2017,197824326.0,3531933.0,70366815.0,,,0.01785388617980177
315131,PANHANDLE OIL & GAS INC,2018,206744219.0,-2238392.0,12437186.0,,,-0.010826866215785217
315131,PANHANDLE OIL & GAS INC,2019,126644947.0,-40744938.0,66035685.0,,,-0.32172572980744346
315131,PHX MINERALS INC.,2020,126644947.0,-56153780.0,11311287.0,,,-0.44339534525605667
315189,DEERE & CO,2010,38735000000.0,-223000000.0,2297600000.0,,,-0.005757067251839422
315189,DEERE & CO,2011,41133000000.0,904000000.0,16611000000.0,,,0.02197748766197457
315189,DEERE & CO,2012,2915000000.0,1865000000.0,36157100000.0,,,0.6397941680960549
315189,DEERE & CO,2013,34495000000.0,996000000.0,210000000.0,,,0.028873749818814323
315189,DEERE & CO,2014,28296700000.0,3064700000.0,2568900000.0,,,0.10830591553078628
315189,DEERE & CO,2015,8332000000.0,512000000.0,225000000.0,,,0.061449831973115696
315189,DEERE & CO,2016,57947600000.0,1940000000.0,49000000.0,,,0.03347852197502571
315189,DEERE & CO,2017,5659000000.0,194000000.0,5525000000.0,,,0.03428167520763386
315189,DEERE & CO,2018,42596000000.0,1523900000.0,229000000.0,,,0.03577565968635553
315189,DEERE & CO,2019,9359000000.0,-84000000.0,5539000000.0,,,-0.008975317875841436
315189,DEERE & CO,2020,70108000000.0,721000000.0,3621000000.0,,,0.01028413305186284
316253,ENZO BIOCHEM INC,2012,69123000.0,-27143000.0,87776000.0,,,-0.3926768224758763
316253,ENZO BIOCHEM INC,2013,3247099000.0,-3102000.0,24669000.0,,,-0.0009553142666731135
316253,ENZO BIOCHEM INC,2014,64411000.0,-2787000.0,95947000.0,,,-0.043269006846656625
316253,ENZO BIOCHEM INC,2015,68394000.0,-2907000.0,4689000.0,,,-0.042503728397227825
316253,ENZO BIOCHEM INC,2016,2149000.0,-2907000.0,31858000.0,,,-1.3527221963704048
316253,ENZO BIOCHEM INC,2018,2184000.0,-71000.0,70915000.0,,,-0.03250915750915751
316253,ENZO BIOCHEM INC,2019,2064000.0,-2504000.0,101013000.0,,,-1.2131782945736433
316253,ENZO BIOCHEM INC,2020,112538000.0,-5978000.0,4666000.0,,,-0.05311983507792923
317889,"BULOVA TECHNOLOGIES GROUP, INC.",2012,3715742.0,-8122952.0,4903292.0,,,-2.1860914993559835
319016,GOLF ROUNDS COM INC,2012,5524.0,,,,,
319016,GOLF ROUNDS COM INC,2013,11501.0,-109855.0,,,,-9.55177810625163
319156,CUBIC ENERGY INC,2013,30539291.0,-1543350.0,259108.0,,,-0.05053653668646073
319156,CUBIC ENERGY INC,2014,124971142.0,9114122.0,977880.0,,,0.07292981286831803
320174,BSD MEDICAL CORP,2012,15366049.0,-7960660.0,3037475.0,,,-0.5180681123690286
320174,BSD MEDICAL CORP,2013,15366049.0,-8251691.0,2071192.0,,,-0.5370079842905616
320174,BSD MEDICAL CORP,2014,12248794.0,-7142832.0,3673292.0,,,-0.5831457366333371
320193,APPLE INC,2010,36171000000.0,8235000000.0,3981000000.0,1690.0,1610000.0,0.22766857427220702
320193,APPLE INC,2011,3807000000.0,0.0,13859000000.0,1690.0,2260000.0,0.0
320193,APPLE INC,2012,1710000000.0,25922000000.0,2573000000.0,1690.0,1970000.0,15.15906432748538
320193,APPLE INC,2013,188086000000.0,13064000000.0,12890000000.0,1690.0,3370000.0,0.06945758854991865
320193,APPLE INC,2014,9352000000.0,8467000000.0,60949000000.0,1690.0,4110000.0,0.9053678357570573
320193,APPLE INC,2015,290479000000.0,0.0,45646000000.0,1690.0,4480000.0,0.0
320193,APPLE INC,2016,321686000000.0,0.0,49605000000.0,1690.0,4670000.0,0.0
320193,APPLE INC,2017,321686000000.0,53394000000.0,50557000000.0,1690.0,7070000.0,0.1659817337403555
320193,APPLE INC,2018,375319000000.0,17891000000.0,16928000000.0,1690.0,6620000.0,0.047668783088519365
320193,APPLE INC,2019,338516000000.0,55256000000.0,114230000000.0,1690.0,7350000.0,0.16323009842961633
320193,APPLE INC,2020,323888000000.0,22236000000.0,25740000000.0,1690.0,6650000.0,0.06865336165588104
320431,"UNIFIED GROCERS, INC.",2012,24596000.0,7387000.0,-11585000.0,,,0.30033338754268984
320431,"UNIFIED GROCERS, INC.",2013,25852000.0,-17644000.0,1280000.0,,,-0.6825003868172675
320431,"UNIFIED GROCERS, INC.",2016,24893000.0,-5406000.0,4026519000.0,,,-0.2171694853975013
350797,EATON VANCE CORP,2010,1280607000.0,174298000.0,890371000.0,,,0.13610576859255025
350797,EATON VANCE CORP,2011,1831300000.0,41750000.0,303594000.0,,,0.022798012340959975
350797,EATON VANCE CORP,2012,1831300000.0,46820000.0,1248606000.0,,,0.025566537432425054
350797,EATON VANCE CORP,2013,1979491000.0,49805000.0,309889000.0,,,0.025160508433733724
350797,EATON VANCE CORP,2014,2407249000.0,74901000.0,367590000.0,,,0.031114770428817294
350797,EATON VANCE CORP,2015,2116471000.0,230299000.0,354061000.0,,,0.10881273591747773
350797,EATON VANCE CORP,2016,1732576000.0,68709000.0,1289830000.0,,,0.03965713480967069
350797,EATON VANCE CORP,2017,-2194000.0,60711000.0,1342860000.0,,,-27.67137648131267
350797,EATON VANCE CORP,2019,4253629000.0,105487000.0,430795000.0,,,0.024799294907948015
350797,EATON VANCE CORP,2020,4949298000.0,109206000.0,122231000.0,,,0.022064947392539305
350832,AMERICAN PACIFIC CORP,2011,268650000.0,-7236000.0,197148000.0,1533.0,80000.0,-0.02693467336683417
350832,AMERICAN PACIFIC CORP,2012,246464000.0,-7236000.0,138584000.0,1533.0,10000.0,-0.029359257335756946
350832,AMERICAN PACIFIC CORP,2013,89854000.0,25319000.0,68513000.0,1533.0,40000.0,0.2817793309145948
351231,DAWSON GEOPHYSICAL CO,2012,279175000.0,334000.0,,,,0.0011963821975463419
351231,DAWSON GEOPHYSICAL CO,2013,289027000.0,4063000.0,,,,0.014057510198009182
351231,DAWSON GEOPHYSICAL CO,2014,289027000.0,-12620000.0,,,,-0.04366374075778388
352991,ADVANCED OXYGEN TECHNOLOGIES INC,2012,546120.0,,51959.0,,,
352991,ADVANCED OXYGEN TECHNOLOGIES INC,2013,559322.0,,41923.0,,,
352991,ADVANCED OXYGEN TECHNOLOGIES INC,2014,584479.0,-64924.0,44830.0,,,-0.11108012435006219
352991,ADVANCED OXYGEN TECHNOLOGIES INC,2016,674902.0,11021.0,36227.0,,,0.016329778249286563
353184,AIR T INC,2017,52154752.0,-1370000.0,-1309638.0,1210.0,,-0.02626798033667191
353944,INTERNATIONAL GAME TECHNOLOGY,2011,843200000.0,126800000.0,477000000.0,37895.0,,0.15037950664136623
353944,INTERNATIONAL GAME TECHNOLOGY,2012,807800000.0,49300000.0,445500000.0,37895.0,,0.061029957910373855
353944,INTERNATIONAL GAME TECHNOLOGY,2013,4285100000.0,,541300000.0,37895.0,,
353944,INTERNATIONAL GAME TECHNOLOGY,2014,535200000.0,,541200000.0,37895.0,,
354260,SOFTECH INC,2014,,360000.0,6358000.0,,,
355019,FONAR CORP,2013,,5776481.0,68725401.0,,,
355019,FONAR CORP,2020,133560210.0,242031.0,85690000.0,,,0.0018121489925779543
356037,CSP INC /MA/,2012,51066000.0,6609000.0,34053000.0,,,0.12942074961814123
356037,CSP INC /MA/,2013,15377000.0,368000.0,40172000.0,,,0.02393184626390063
356037,CSP INC /MA/,2014,46307000.0,1334000.0,2991000.0,,,0.028807739650592783
356037,CSP INC /MA/,2015,46307000.0,1334000.0,27848000.0,,,0.028807739650592783
356037,CSP INC /MA/,2017,30990000.0,2604000.0,22990000.0,,,0.084027105517909
356037,CSP INC /MA/,2018,24091000.0,2506000.0,1936000.0,,,0.10402224897264539
356037,CSP INC /MA/,2019,55275000.0,-371000.0,5294000.0,,,-0.006711895070104026
356037,CSP INC /MA/,2020,11548000.0,-1446000.0,2483000.0,,,-0.12521648770349844
356309,NEW JERSEY RESOURCES CORP,2010,2321030000.0,109168000.0,,7849.0,,0.04703429081054532
356309,NEW JERSEY RESOURCES CORP,2011,645000.0,101299000.0,,7849.0,,157.05271317829457
356309,NEW JERSEY RESOURCES CORP,2012,157779000.0,57357000.0,,7849.0,,0.3635274656323085
356309,NEW JERSEY RESOURCES CORP,2013,2770005000.0,92879000.0,,7849.0,,0.03353026438580436
356309,NEW JERSEY RESOURCES CORP,2014,-58971000.0,-20021000.0,,7849.0,,0.33950585881195844
356309,NEW JERSEY RESOURCES CORP,2015,526475000.0,-14274000.0,,7849.0,,-0.027112398499453915
356309,NEW JERSEY RESOURCES CORP,2016,3704641000.0,-17363000.0,,7849.0,,-0.004686823905474241
356309,NEW JERSEY RESOURCES CORP,2017,3284357000.0,73354000.0,,7849.0,,0.022334356466121072
356309,NEW JERSEY RESOURCES CORP,2018,398277000.0,131672000.0,,7849.0,,0.33060407706194433
356309,NEW JERSEY RESOURCES CORP,2019,104411000.0,169505000.0,,7849.0,,1.6234400589976152
356309,NEW JERSEY RESOURCES CORP,2020,5636185000.0,233436000.0,,7849.0,,0.04141737717977675
357020,LTX-CREDENCE CORP,2012,302115000.0,813000.0,75647000.0,,,0.002691028250831637
357020,LTX-CREDENCE CORP,2013,247601000.0,-12127000.0,132134000.0,,,-0.04897799281909201
357020,XCERRA CORP,2014,247601000.0,-19869000.0,30486000.0,,,-0.08024604100952742
357020,XCERRA CORP,2015,364143000.0,-12127000.0,29503000.0,,,-0.03330285080311855
357108,IRVINE SENSORS CORP/DE/,2011,6324800.0,-11155800.0,14095000.0,,,-1.763818618770554
357108,ISC8 INC. /DE,2012,6140700.0,,4196400.0,,,
357108,ISC8 INC. /DE,2013,6141000.0,,,,,
357294,HOVNANIAN ENTERPRISES INC,2011,1517074000.0,2588000.0,1371842000.0,5750.0,,0.0017059154662198417
357294,HOVNANIAN ENTERPRISES INC,2012,771925000.0,34676000.0,1105530000.0,5750.0,,0.04492146257732293
357294,HOVNANIAN ENTERPRISES INC,2013,-74519000.0,8466000.0,1446591000.0,5750.0,,-0.11360860988472739
357294,HOVNANIAN ENTERPRISES INC,2014,-62298000.0,21153000.0,282855000.0,5750.0,,-0.33954541076760086
357294,HOVNANIAN ENTERPRISES INC,2015,148096000.0,17105000.0,-162000.0,5750.0,,0.11549940579083838
357294,HOVNANIAN ENTERPRISES INC,2016,291373000.0,-19559000.0,141000.0,5750.0,,-0.06712701588685294
357294,HOVNANIAN ENTERPRISES INC,2017,197230000.0,11841000.0,199770000.0,5750.0,,0.060036505602595956
357294,HOVNANIAN ENTERPRISES INC,2018,162113000.0,-143000.0,260584000.0,5750.0,,-0.0008821007568794606
357294,HOVNANIAN ENTERPRISES INC,2019,246497000.0,,440691000.0,5750.0,,
357294,HOVNANIAN ENTERPRISES INC,2020,315585000.0,,497618000.0,5750.0,,
700764,VICTORY ENERGY CORP,2013,1518165.0,-3706002.0,305180.0,,,-2.441106203871121
701719,DGSE COMPANIES INC,2012,13866432.0,1013535.0,82567921.0,,,0.0730927032995943
703339,"CAPITAL GROUP HOLDINGS, INC.",2012,33794.0,0.0,0.0,,,0.0
704172,PHI GROUP INC,2014,459845.0,-884047.0,,,,-1.9224890995879047
704172,PHI GROUP INC,2015,444100.0,-255994.0,,,,-0.5764332357577122
704172,PHI GROUP INC,2016,753990.0,-1368915.0,,,,-1.8155612143397126
704172,PHI GROUP INC,2017,753990.0,,,,,
704172,PHI GROUP INC,2018,27424139.0,-2026320.0,1212159.0,,,-0.07388819025457828
704366,"ELITE DATA SERVICES, INC.",2017,101730.0,,,,,
704384,BIOVEST INTERNATIONAL INC,2011,5418000.0,-8173000.0,3881000.0,,,-1.5084902177925434
704384,BIOVEST INTERNATIONAL INC,2012,4739000.0,-15284000.0,839000.0,,,-3.225152985861996
704384,BIOVEST INTERNATIONAL INC,2013,37487000.0,-1477000.0,1501000.0,,,-0.03940032544615467
711404,COOPER COMPANIES INC,2010,2525018000.0,100548000.0,1158517000.0,37895.0,,0.03982070622862886
711404,COOPER COMPANIES INC,2010,2525018000.0,100548000.0,1158517000.0,37895.0,,0.03982070622862886
711404,COOPER COMPANIES INC,2011,62124000.0,0.0,0.0,37895.0,,0.0
711404,COOPER COMPANIES INC,2011,62124000.0,0.0,0.0,37895.0,,0.0
711404,COOPER COMPANIES INC,2012,2525018000.0,54623000.0,360909000.0,37895.0,,0.02163271707370007
711404,COOPER COMPANIES INC,2012,2525018000.0,54623000.0,360909000.0,37895.0,,0.02163271707370007
711404,COOPER COMPANIES INC,2013,2251476000.0,175430000.0,0.0,37895.0,,0.07791777482860132
711404,COOPER COMPANIES INC,2013,2251476000.0,175430000.0,0.0,37895.0,,0.07791777482860132
711404,COOPER COMPANIES INC,2014,3137261000.0,88951000.0,379839000.0,37895.0,,0.028353076138708255
711404,COOPER COMPANIES INC,2014,3137261000.0,88951000.0,379839000.0,37895.0,,0.028353076138708255
711404,COOPER COMPANIES INC,2015,674800000.0,45000000.0,0.0,37895.0,,0.06668642560758743
711404,COOPER COMPANIES INC,2015,674800000.0,45000000.0,0.0,37895.0,,0.06668642560758743
711404,COOPER COMPANIES INC,2016,3699600000.0,269856000.0,0.0,37895.0,,0.07294193966915342
711404,COOPER COMPANIES INC,2016,3699600000.0,269856000.0,0.0,37895.0,,0.07294193966915342
711404,COOPER COMPANIES INC,2017,4478600000.0,372900000.0,1966800000.0,37895.0,,0.08326262671370517
711404,COOPER COMPANIES INC,2017,4478600000.0,372900000.0,1966800000.0,37895.0,,0.08326262671370517
711404,COOPER COMPANIES INC,2018,189100000.0,273900000.0,389600000.0,37895.0,,1.448439978847171
711404,COOPER COMPANIES INC,2018,189100000.0,273900000.0,389600000.0,37895.0,,1.448439978847171
711404,"COOPER COMPANIES, INC.",2019,3562600000.0,122400000.0,250400000.0,37895.0,,0.03435693033178016
711404,"COOPER COMPANIES, INC.",2019,3562600000.0,122400000.0,250400000.0,37895.0,,0.03435693033178016
711404,"COOPER COMPANIES, INC.",2020,4236300000.0,466700000.0,524900000.0,37895.0,,0.1101668909189623
711404,"COOPER COMPANIES, INC.",2020,4236300000.0,466700000.0,524900000.0,37895.0,,0.1101668909189623
715446,ITUS CORP,2015,9055356.0,-1379043.0,3667320.0,,,-0.15229031304788018
716688,MICROWAVE FILTER CO INC /NY/,2012,2599344.0,242915.0,4458819.0,,,0.09345242491951816
716688,MICROWAVE FILTER CO INC /NY/,2014,2424430.0,-551473.0,3627445.0,,,-0.22746501239466596
716688,MICROWAVE FILTER CO INC /NY/,2015,2497294.0,38567.0,3541053.0,,,0.015443516061785276
716688,MICROWAVE FILTER CO INC /NY/,2016,2132101.0,-32594.0,3541053.0,,,-0.015287268286070875
716688,MICROWAVE FILTER CO INC /NY/,2017,1831437.0,,3545330.0,,,
716688,MICROWAVE FILTER CO INC /NY/,2018,1831437.0,,3341811.0,,,
717954,UNIFIRST CORP,2012,0.0,0.0,-160042000.0,,,
717954,UNIFIRST CORP,2013,76351000.0,27459000.0,170867000.0,,,0.3596416549881469
717954,UNIFIRST CORP,2014,1273705000.0,119925000.0,352238000.0,,,0.09415445491695487
717954,UNIFIRST CORP,2015,21517000.0,30944000.0,170867000.0,,,1.4381186968443556
717954,UNIFIRST CORP,2016,,125026000.0,1244408000.0,,,
717954,UNIFIRST CORP,2017,0.0,35890000.0,1329375000.0,,,
717954,UNIFIRST CORP,2018,32556000.0,70196000.0,189154000.0,,,2.156161690625384
717954,UNIFIRST CORP,2019,1819128000.0,70196000.0,1415423000.0,,,0.03858771895105787
717954,UNIFIRST CORP,2020,1865713000.0,47220000.0,60404000.0,,,0.02530935894213097
718789,SHFL ENTERTAINMENT INC.,2012,32890000.0,23083000.0,98886000.0,,,0.7018242626938279
718924,SPAN AMERICA MEDICAL SYSTEMS INC,2011,30596000.0,3699066.0,55867104.0,9916.0,,0.12090031376650542
718924,SPAN AMERICA MEDICAL SYSTEMS INC,2012,6756258.0,4506215.0,17782000.0,9916.0,,0.6669690529876153
718924,SPAN AMERICA MEDICAL SYSTEMS INC,2013,5769403.0,1247000.0,21661000.0,9916.0,,0.2161402141608066
718924,SPAN AMERICA MEDICAL SYSTEMS INC,2014,9030782.0,656000.0,13251000.0,9916.0,,0.07264044243344596
718924,SPAN AMERICA MEDICAL SYSTEMS INC,2016,9633841.0,,15813000.0,9916.0,,
720005,RAYMOND JAMES FINANCIAL INC,2010,18226728000.0,152750000.0,2602519000.0,,,0.008380549707001717
720005,RAYMOND JAMES FINANCIAL INC,2011,41680000.0,-1344000.0,2602519000.0,,,-0.032245681381957776
720005,RAYMOND JAMES FINANCIAL INC,2012,176919000.0,295869000.0,1903101000.0,,,1.6723415800451054
720005,RAYMOND JAMES FINANCIAL INC,2013,26415000.0,278353000.0,23726000.0,,,10.53768692031043
720005,RAYMOND JAMES FINANCIAL INC,2014,1965648000.0,70000.0,21349000.0,,,3.561166597478287e-05
720005,RAYMOND JAMES FINANCIAL INC,2015,186170000.0,4001000.0,33749000.0,,,0.0214911102755546
720005,RAYMOND JAMES FINANCIAL INC,2016,36669000.0,-10000.0,-71791000.0,,,-0.00027270991845973437
720005,RAYMOND JAMES FINANCIAL INC,2017,20611898000.0,636235000.0,66967000.0,,,0.030867366023255113
720005,RAYMOND JAMES FINANCIAL INC,2018,1757094000.0,529350000.0,404421000.0,,,0.3012644741829407
720005,RAYMOND JAMES FINANCIAL INC,2019,37413000000.0,636000000.0,488000000.0,,,0.016999438697778847
720005,RAYMOND JAMES FINANCIAL INC,2020,47482000000.0,857000000.0,-187000000.0,,,0.018048944863316624
720154,BIOANALYTICAL SYSTEMS INC,2011,29743000.0,-2691000.0,33144000.0,,,-0.0904750697643143
720154,BIOANALYTICAL SYSTEMS INC,2012,26975000.0,-6390000.0,33144000.0,,,-0.23688600556070435
720154,BIOANALYTICAL SYSTEMS INC,2013,4049000.0,-6317000.0,28208000.0,,,-1.5601383057545073
720154,BIOANALYTICAL SYSTEMS INC,2014,15149000.0,773000.0,24584000.0,,,0.05102647039408542
720154,BIOANALYTICAL SYSTEMS INC,2015,5837000.0,1099000.0,22698000.0,,,0.1882816515333219
720154,BIOANALYTICAL SYSTEMS INC,2016,3164000.0,-3230000.0,20441000.0,,,-1.0208596713021492
720154,BIOANALYTICAL SYSTEMS INC,2017,3098000.0,-3230000.0,20441000.0,,,-1.0426081342801807
720154,BIOANALYTICAL SYSTEMS INC,2018,12512000.0,-194000.0,4060000.0,,,-0.015505115089514066
720154,BIOANALYTICAL SYSTEMS INC,2019,3262000.0,-764000.0,43642000.0,,,-0.23421213979153893
720154,BIOANALYTICAL SYSTEMS INC,2020,35695000.0,-4685000.0,4568000.0,,,-0.1312508754727553
720500,AMTECH SYSTEMS INC,2011,136101000.0,-1589000.0,120019000.0,,,-0.01167515301136656
720500,AMTECH SYSTEMS INC,2012,205865000.0,3075000.0,16532000.0,,,0.014936973259174702
720500,AMTECH SYSTEMS INC,2013,4224000.0,-1682000.0,81539000.0,,,-0.39820075757575757
720500,AMTECH SYSTEMS INC,2014,83651000.0,-2092000.0,45848000.0,,,-0.0250086669615426
720500,AMTECH SYSTEMS INC,2015,5793000.0,1349000.0,24273000.0,,,0.2328672535819092
720500,AMTECH SYSTEMS INC,2016,42962000.0,1349000.0,42409000.0,,,0.03139984172059029
720500,AMTECH SYSTEMS INC,2017,31369000.0,-53000.0,9725000.0,,,-0.0016895661321687015
720500,AMTECH SYSTEMS INC,2018,149406000.0,-7008000.0,,,,-0.04690574675715835
720500,AMTECH SYSTEMS INC,2019,34209000.0,9131000.0,,,,0.266918062498173
720500,AMTECH SYSTEMS INC,2020,12717000.0,,,,,
720762,NON INVASIVE MONITORING SYSTEMS INC /FL/,2012,616000.0,0.0,743000.0,,,0.0
720762,NON INVASIVE MONITORING SYSTEMS INC /FL/,2013,810000.0,-554000.0,250000.0,,,-0.6839506172839506
720762,NON INVASIVE MONITORING SYSTEMS INC /FL/,2014,810000.0,0.0,13000.0,,,0.0
720762,NON INVASIVE MONITORING SYSTEMS INC /FL/,2015,528000.0,0.0,0.0,,,0.0
720762,NON INVASIVE MONITORING SYSTEMS INC /FL/,2016,528000.0,-418000.0,,,,-0.7916666666666666
720762,NON INVASIVE MONITORING SYSTEMS INC /FL/,2017,242000.0,,6000.0,,,
720762,NON INVASIVE MONITORING SYSTEMS INC /FL/,2018,110000.0,,6000.0,,,
720762,NON INVASIVE MONITORING SYSTEMS INC /FL/,2019,361000.0,,,,,
720762,NON INVASIVE MONITORING SYSTEMS INC /FL/,2020,361000.0,-163000.0,,,,-0.4515235457063712
722392,PLANAR SYSTEMS INC,2011,105302000.0,-3424000.0,175668000.0,29435.0,,-0.03251600159541129
722392,PLANAR SYSTEMS INC,2012,81884000.0,-4706000.0,186504000.0,29435.0,,-0.05747154511259831
722392,PLANAR SYSTEMS INC,2013,79885000.0,-4706000.0,186504000.0,29435.0,,-0.05890968266883645
722392,PLANAR SYSTEMS INC,2014,84404000.0,-16182000.0,179003000.0,29435.0,,-0.19172077152741576
723125,MICRON TECHNOLOGY INC,2011,14752000000.0,75000000.0,521000000.0,7343.0,,0.005084056399132321
723125,MICRON TECHNOLOGY INC,2012,14752000000.0,75000000.0,2252000000.0,7343.0,,0.005084056399132321
723125,MICRON TECHNOLOGY INC,2013,1685000000.0,-275000000.0,1262000000.0,7343.0,,-0.1632047477744807
723125,MICRON TECHNOLOGY INC,2014,13535000000.0,3045000000.0,4107000000.0,7343.0,,0.22497229405245658
723125,MICRON TECHNOLOGY INC,2015,17259000000.0,471000000.0,420000000.0,7343.0,,0.02729010950808274
723125,MICRON TECHNOLOGY INC,2016,2103000000.0,-276000000.0,4811000000.0,7343.0,,-0.1312410841654779
723125,MICRON TECHNOLOGY INC,2017,27540000000.0,5089000000.0,10339000000.0,7343.0,,0.18478576615831518
723125,MICRON TECHNOLOGY INC,2018,2204000000.0,2368000000.0,10388000000.0,7343.0,,1.074410163339383
723125,MICRON TECHNOLOGY INC,2019,2664000000.0,-16000000.0,1213000000.0,7343.0,,-0.006006006006006006
723125,MICRON TECHNOLOGY INC,2020,38000000.0,14135000000.0,3657000000.0,7343.0,,371.9736842105263
725363,CEL SCI CORP,2012,16067450.0,,,,,
725363,CEL SCI CORP,2013,16067450.0,-8493959.0,,,,-0.5286438731721587
725363,CEL SCI CORP,2014,19230434.0,-4447473.0,,,,-0.23127262754444336
725363,CEL SCI CORP,2015,15447603.0,-2444480.0,,,,-0.15824332098643396
725363,CEL SCI CORP,2017,24886125.0,-14363287.0,,,,-0.5771604458307591
725363,CEL SCI CORP,2018,22924174.0,-14363287.0,,,,-0.6265563592389414
725363,CEL SCI CORP,2019,29586422.0,-22134640.0,,,,-0.7481350735820641
725363,CEL SCI CORP,2020,27622994.0,-22134640.0,,,,-0.8013121242396823
725394,DALRADA FINANCIAL CORP,2020,2783671.0,365850.0,0.0,,,0.13142716937454174
725876,FUNCTION(X) INC.,2016,8723000.0,-63689000.0,1285000.0,,,-7.30127249799381
725876,VIGGLE INC.,2012,20950000.0,-9000.0,1735000.0,,,-0.00042959427207637233
726293,AGRICON GLOBAL CORP,2013,1471424.0,,,,,
726293,AGRICON GLOBAL CORP,2014,132285.0,,,,,
727207,ACCELR8 TECHNOLOGY CORP,2012,6264338.0,-378761.0,235910.0,,,-0.0604630529195583
727346,"GLOBAL HEALTHCARE REIT, INC.",2013,3846451.0,-845271.0,3113252.0,,,-0.21975348184599258
731802,ATMOS ENERGY CORP,2010,6367083000.0,190978000.0,,4383.0,,0.029994583076740165
731802,ATMOS ENERGY CORP,2011,6586130000.0,207601000.0,,4383.0,,0.031520938699964925
731802,ATMOS ENERGY CORP,2012,7098160000.0,0.0,,4383.0,,0.0
731802,ATMOS ENERGY CORP,2013,-1605013000.0,216717000.0,,4383.0,,-0.135025074563259
731802,ATMOS ENERGY CORP,2014,8390006000.0,68260000.0,,4383.0,,0.008135870224645847
731802,ATMOS ENERGY CORP,2015,655129000.0,289817000.0,,4383.0,,0.4423815767581652
731802,ATMOS ENERGY CORP,2016,9549778000.0,0.0,,4383.0,,0.0
731802,ATMOS ENERGY CORP,2017,10749596000.0,233830000.0,,4383.0,,0.02175244539422691
731802,ATMOS ENERGY CORP,2018,-1922169000.0,396421000.0,-312326000.0,4383.0,110000.0,-0.20623628827642107
731802,ATMOS ENERGY CORP,2019,-2491445000.0,80466000.0,3003047000.0,4383.0,,-0.03229692006044685
731802,ATMOS ENERGY CORP,2020,15359032000.0,511406000.0,2626993000.0,4383.0,,0.03329675984788625
732026,TRIO TECH INTERNATIONAL,2012,10940.0,-688000.0,35535000.0,,,-62.888482632541134
732026,TRIO-TECH INTERNATIONAL,2014,36044000.0,57000.0,31770000.0,,,0.0015814005104871824
733337,RECEIVABLE ACQUISITION & MANAGEMENT CORP,2012,60572.0,-81812.0,85426.0,,,-1.3506570692729314
737207,"MARINA BIOTECH, INC.",2012,11750000.0,-27753000.0,,,,-2.3619574468085105
737758,TORO CO,2010,872682000.0,,1878184000.0,,,
737758,TORO CO,2011,870663000.0,,331358000.0,,,
737758,TORO CO,2012,497388000.0,,368094000.0,,,
737758,TORO CO,2013,202222000.0,,1529470000.0,,,
737758,TORO CO,2014,1192415000.0,,1425259000.0,,,
737758,TORO CO,2015,1192415000.0,,474211000.0,,,
737758,TORO CO,2016,217093000.0,,2390875000.0,,,
737758,TORO CO,2017,217093000.0,,669131000.0,,,
737758,TORO CO,2018,455605000.0,,579588000.0,,,
737758,TORO CO,2019,199273000.0,,673247000.0,,,
737758,TORO CO,2020,630323000.0,38266000.0,34613000.0,,,0.06070855735868753
738214,"AEMETIS, INC",2012,27217921.0,-8564209.0,141857914.0,,,-0.3146533124260299
739608,PENFORD CORP,2012,236179000.0,-5452000.0,72266000.0,,,-0.023084186146947867
739608,PENFORD CORP,2013,236179000.0,2058000.0,291523000.0,,,0.00871372984050233
739608,PENFORD CORP,2014,89781000.0,488000.0,111234000.0,,,0.0054354484801906865
740664,R F INDUSTRIES LTD,2018,12410000.0,5846000.0,729000.0,,,0.471071716357776
740664,R F INDUSTRIES LTD,2019,17210000.0,0.0,13704000.0,,,0.0
740664,R F INDUSTRIES LTD,2020,7081000.0,-81000.0,,,,-0.011439062279339076
743758,"CLOUDCOMMERCE, INC.",2017,2210439.0,-7492111.0,2079743.0,,,-3.3894221917003815
744452,APPLIED DNA SCIENCES INC,2011,1413314.0,,968848.0,106126.0,,
744452,APPLIED DNA SCIENCES INC,2012,1348934.0,,968848.0,106126.0,,
744452,APPLIED DNA SCIENCES INC,2013,1348934.0,-7150712.0,2036222.0,106126.0,,-5.3010095379017805
744452,APPLIED DNA SCIENCES INC,2014,8374966.0,-7150712.0,2036222.0,106126.0,,-0.853819824462571
744452,APPLIED DNA SCIENCES INC,2015,15554312.0,-11881137.0,9008499.0,106126.0,,-0.7638484427983699
744452,APPLIED DNA SCIENCES INC,2016,15554312.0,-11881137.0,7817037.0,106126.0,,-0.7638484427983699
744452,APPLIED DNA SCIENCES INC,2017,15565831.0,-12855767.0,3485691.0,106126.0,,-0.8258966064837785
744452,APPLIED DNA SCIENCES INC,2018,5633733.0,-12855767.0,,106126.0,,-2.281926921279372
744452,APPLIED DNA SCIENCES INC,2019,3564735.0,-11692928.0,,106126.0,,-3.2801675299846975
744452,APPLIED DNA SCIENCES INC,2020,3564735.0,-13027219.0,,106126.0,,-3.654470528664824
745543,"ALL STATE PROPERTIES HOLDINGS, INC.",2017,0.0,-4375.0,,,,
745543,"ALL STATE PROPERTIES HOLDINGS, INC.",2018,0.0,-4375.0,,,,
748790,"GLOBAL CLEAN ENERGY HOLDINGS, INC.",2014,19481729.0,63287.0,332320.0,166740.0,,0.003248530969710132
750199,"EPL OIL & GAS, INC.",2015,3377657000.0,-1056601000.0,37695000.0,,,-0.3128206919767164
758004,NOVELL INC,2010,2225998000.0,-8745000.0,862185000.0,11910.0,,-0.003928574958288372
759999,CENTENARY INTERNATIONAL CORP,2015,2913.0,-938729.0,0.0,,,-322.25506350841056
764401,INSTEEL INDUSTRIES INC,2011,182505000.0,473000.0,211586000.0,,,0.00259170981616942
764401,INSTEEL INDUSTRIES INC,2012,216530000.0,-387000.0,211586000.0,,,-0.0017872812081466771
764401,INSTEEL INDUSTRIES INC,2013,212649000.0,-387000.0,97865000.0,,,-0.0018199003992494674
764401,INSTEEL INDUSTRIES INC,2014,256795000.0,11735000.0,363896000.0,,,0.045697930255651394
764401,INSTEEL INDUSTRIES INC,2015,256795000.0,11735000.0,447504000.0,,,0.045697930255651394
764401,INSTEEL INDUSTRIES INC,2016,260239000.0,21710000.0,408978000.0,,,0.0834233147222361
764401,INSTEEL INDUSTRIES INC,2017,292892000.0,,388871000.0,,,
764401,INSTEEL INDUSTRIES INC,2018,283073000.0,22548000.0,161746000.0,,,0.07965436477516401
764401,INSTEEL INDUSTRIES INC,2019,329534000.0,22548000.0,453217000.0,,,0.06842389556161124
764401,INSTEEL INDUSTRIES INC,2020,293009000.0,19009000.0,472618000.0,,,0.06487514035405056
764630,UNITED STATES BASKETBALL LEAGUE INC,2017,416.0,0.0,,,,0.0
764667,SIONIX CORP,2012,2906920.0,-6300426.0,,,,-2.16738885143038
764839,"PURESAFE WATER SYSTEMS, INC.",2014,576300.0,-2759585.0,495000.0,,,-4.788452195037307
764897,"BROAD STREET REALTY, INC.",2020,192310000.0,-1890000.0,7242000.0,,,-0.009827882065415215
767884,"CERES, INC.",2012,69247000.0,-7540000.0,6616000.0,187285.0,,-0.10888558349098156
767884,"CERES, INC.",2013,69247000.0,,6616000.0,187285.0,,
767884,"CERES, INC.",2014,37178000.0,-32511000.0,340000.0,187285.0,,-0.8744687718543225
767884,"CERES, INC.",2015,32424000.0,-28156000.0,2404000.0,187285.0,,-0.8683691093017518
769207,FIDELITY BANCORP INC,2011,696670000.0,678000.0,,,,0.0009732010851622719
771497,ABM INDUSTRIES INC /DE/,2010,1521153000.0,45434000.0,,1410.0,,0.02986813292285523
771497,ABM INDUSTRIES INC /DE/,2011,313772000.0,68504000.0,,1410.0,,0.21832413344721646
771497,ABM INDUSTRIES INC /DE/,2012,1869251000.0,27663000.0,,1410.0,,0.014798975632485953
771497,ABM INDUSTRIES INC /DE/,2013,287909000.0,24168000.0,,1410.0,,0.08394319038307244
771497,ABM INDUSTRIES INC /DE/,2014,334900000.0,13400000.0,,1410.0,,0.04001194386383995
771497,ABM INDUSTRIES INC /DE/,2015,231900000.0,13100000.0,,1410.0,,0.05648986632169038
771497,ABM INDUSTRIES INC /DE/,2016,2130700000.0,57200000.0,,1410.0,,0.026845637583892617
771497,ABM INDUSTRIES INC /DE/,2017,2278800000.0,-3600000.0,,1410.0,,-0.001579778830963665
771497,ABM INDUSTRIES INC /DE/,2018,3812600000.0,57200000.0,,1410.0,25000.0,0.015002885170225043
771497,ABM INDUSTRIES INC /DE/,2019,3692600000.0,29700000.0,593200000.0,1410.0,25000.0,0.008043113253534096
771497,ABM INDUSTRIES INC /DE/,2020,3776900000.0,300000.0,99900000.0,1410.0,25000.0,7.943022055124573e-05
772320,TAXUS CARDIUM PHARMACEUTICALS GROUP INC.,2016,746093.0,-3697560.0,,,,-4.955896919016798
772897,HUTCHINSON TECHNOLOGY INC,2011,479712000.0,-168707000.0,347189000.0,,,-0.35168392702288037
772897,HUTCHINSON TECHNOLOGY INC,2012,401005000.0,-12476000.0,61005000.0,,,-0.031111831523297714
772897,HUTCHINSON TECHNOLOGY INC,2013,306675000.0,-13890000.0,12795000.0,,,-0.04529224749327464
772897,HUTCHINSON TECHNOLOGY INC,2014,275165000.0,1867000.0,256000.0,,,0.006785019897152618
772897,HUTCHINSON TECHNOLOGY INC,2015,241512000.0,-8706000.0,162120000.0,,,-0.03604789824108119
773318,VERITEC INC,2014,901220.0,302053.0,720172.0,,,0.3351601162868112
773318,VERITEC INC,2017,72859.0,-1298088.0,681088.0,,,-17.816439973098724
773318,VERITEC INC,2018,72859.0,-1369807.0,325536.0,,,-18.800793313111626
774937,ALAS AVIATION CORP.,2013,0.0,-67925.0,,,,
775057,ALTEX INDUSTRIES INC,2011,3351000.0,-330000.0,161000.0,,,-0.09847806624888093
775057,ALTEX INDUSTRIES INC,2012,3351000.0,-290000.0,161000.0,,,-0.08654133094598628
775057,ALTEX INDUSTRIES INC,2013,3092000.0,-276000.0,119000.0,,,-0.08926261319534282
775057,ALTEX INDUSTRIES INC,2014,2895000.0,-305000.0,101000.0,,,-0.10535405872193437
775057,ALTEX INDUSTRIES INC,2015,2778000.0,-305000.0,100000.0,,,-0.10979121670266379
775057,ALTEX INDUSTRIES INC,2016,2778000.0,-348000.0,48000.0,,,-0.12526997840172785
775057,ALTEX INDUSTRIES INC,2017,2618000.0,-129000.0,61000.0,,,-0.0492742551566081
775057,ALTEX INDUSTRIES INC,2018,2389000.0,-73000.0,64000.0,,,-0.030556718292172456
775057,ALTEX INDUSTRIES INC,2019,2344000.0,-73000.0,64000.0,,,-0.03114334470989761
775057,ALTEX INDUSTRIES INC,2020,2344000.0,-32000.0,56000.0,,,-0.013651877133105802
775158,OSHKOSH CORP,2010,4768000000.0,790000000.0,6877700000.0,11721.0,240000.0,0.16568791946308725
775158,OSHKOSH CORP,2011,876400000.0,-1109100000.0,1042300000.0,11721.0,60000.0,-1.265518028297581
775158,OSHKOSH CORP,2012,1766500000.0,790000000.0,783100000.0,11721.0,,0.4472120011321823
775158,OSHKOSH CORP,2013,537100000.0,304500000.0,39000000.0,11721.0,,0.5669335319307391
775158,OSHKOSH CORP,2014,398000000.0,289700000.0,892300000.0,11721.0,,0.7278894472361809
775158,OSHKOSH CORP,2015,40700000.0,,0.0,11721.0,,
775158,OSHKOSH CORP,2016,419800000.0,,1724500000.0,11721.0,60000.0,
775158,OSHKOSH CORP,2017,543900000.0,,6279200000.0,11721.0,80000.0,
775158,OSHKOSH CORP,2018,541000000.0,,0.0,11721.0,80000.0,
775158,OSHKOSH CORP,2019,2207200000.0,,1254900000.0,11721.0,60000.0,
775158,OSHKOSH CORP,2020,2317200000.0,,-24600000.0,11721.0,60000.0,
779544,ARK RESTAURANTS CORP,2011,54261000.0,1415000.0,117768000.0,,,0.026077661672287648
779544,ARK RESTAURANTS CORP,2012,55164000.0,1415000.0,136896000.0,,,0.02565078674497861
779544,ARK RESTAURANTS CORP,2013,55164000.0,3825000.0,138028000.0,,,0.06933869915162062
779544,ARK RESTAURANTS CORP,2014,56458000.0,1301000.0,130598000.0,,,0.023043678486662653
779544,ARK RESTAURANTS CORP,2015,66567000.0,4915000.0,139357000.0,,,0.0738353838989289
779544,ARK RESTAURANTS CORP,2016,68255000.0,4030000.0,145863000.0,,,0.059043293531609406
779544,ARK RESTAURANTS CORP,2017,68255000.0,-2759000.0,153877000.0,,,-0.04042194711010182
779544,ARK RESTAURANTS CORP,2018,80067000.0,1243000.0,,,,0.015524498232730088
779544,ARK RESTAURANTS CORP,2019,84737000.0,4655000.0,3229000.0,,,0.05493468024593743
779544,ARK RESTAURANTS CORP,2020,94652000.0,2676000.0,13817000.0,,,0.028271985800616996
783412,DAILY JOURNAL CORP,2011,88921000.0,7672000.0,34513000.0,,,0.08627883177202236
783412,DAILY JOURNAL CORP,2012,120964000.0,8887000.0,34513000.0,,,0.07346813928110843
783412,DAILY JOURNAL CORP,2015,47611000.0,,10828000.0,,,
783412,DAILY JOURNAL CORP,2016,173676000.0,-4789000.0,10503000.0,,,-0.02757433381699256
783412,DAILY JOURNAL CORP,2017,19026000.0,,41612000.0,,,
783412,DAILY JOURNAL CORP,2018,33461000.0,-1043000.0,,,,-0.031170616538656944
783412,DAILY JOURNAL CORP,2019,263998000.0,-232000.0,,,,-0.0008787945363222449
783412,DAILY JOURNAL CORP,2020,22741000.0,0.0,,,,0.0
784539,EACO CORP,2012,13920000.0,2139000.0,110345000.0,,,0.15366379310344827
784539,EACO CORP,2013,44329000.0,2420000.0,114634000.0,,,0.05459180220623069
784539,EACO CORP,2014,10305000.0,2552000.0,134747000.0,,,0.24764677341096555
784539,EACO CORP,2015,40883000.0,3741000.0,140213000.0,,,0.0915050265391483
784539,EACO CORP,2016,42516000.0,4095000.0,148544000.0,,,0.09631668077900085
784539,EACO CORP,2017,50592000.0,4095000.0,156954000.0,,,0.08094165085388995
784539,EACO CORP,2018,65780000.0,0.0,156954000.0,,,0.0
784539,EACO CORP,2019,92878000.0,9432000.0,193284000.0,,,0.10155257434483947
784539,EACO CORP,2020,92878000.0,0.0,221241000.0,,,0.0
785557,DLH HOLDINGS CORP.,2012,26422000.0,,,,,
785557,DLH HOLDINGS CORP.,2013,26422000.0,,,,,
785557,DLH HOLDINGS CORP.,2014,30072000.0,,,,,
785557,DLH HOLDINGS CORP.,2015,30072000.0,,,,,
785557,DLH HOLDINGS CORP.,2016,65074000.0,,,,,
785557,DLH HOLDINGS CORP.,2017,65074000.0,,,,,
785557,DLH HOLDINGS CORP.,2018,62541000.0,,,,,
785557,DLH HOLDINGS CORP.,2019,62541000.0,,,,,
785557,DLH HOLDINGS CORP.,2020,183562000.0,,,,,
785557,TEAMSTAFF INC,2011,21917000.0,,41923000.0,,,
785786,PLEXUS CORP,2010,1290379000.0,46327000.0,1841622000.0,,,0.035901855191381754
785786,PLEXUS CORP,2011,495639000.0,26607000.0,1108000.0,,,0.05368221629048561
785786,PLEXUS CORP,2012,88420000.0,18323000.0,1156347000.0,,,0.2072268717484732
785786,PLEXUS CORP,2013,111977000.0,23533000.0,237632000.0,,,0.21015922912741009
785786,PLEXUS CORP,2014,881426000.0,82259000.0,1255851000.0,,,0.09332490759292329
785786,PLEXUS CORP,2015,1609026000.0,18516000.0,-160924000.0,,,0.011507582848257269
785786,PLEXUS CORP,2016,1009917000.0,23079000.0,1188068000.0,,,0.02285237301679247
785786,PLEXUS CORP,2017,1976182000.0,26099000.0,616664000.0,,,0.013206779537512233
785786,PLEXUS CORP,2018,155544000.0,26501000.0,1161851000.0,,,0.17037622794836188
785786,PLEXUS CORP,2019,209541000.0,1506000.0,,,,0.007187137600755938
785786,PLEXUS CORP,2020,209541000.0,117479000.0,,,,0.5606492285519302
785956,J&J SNACK FOODS CORP,2012,139978000.0,48409000.0,696703000.0,,,0.3458329166011802
785956,J&J SNACK FOODS CORP,2013,143437000.0,19538000.0,172686000.0,,,0.13621311098252195
785956,J&J SNACK FOODS CORP,2014,18561000.0,64381000.0,201326000.0,,,3.4686169926189323
785956,J&J SNACK FOODS CORP,2015,171609000.0,23678000.0,25534000.0,,,0.1379764464567709
785956,J&J SNACK FOODS CORP,2016,790487000.0,,22748000.0,,,
785956,J&J SNACK FOODS CORP,2017,867228000.0,13540000.0,150118000.0,,,0.015612964526053126
785956,J&J SNACK FOODS CORP,2018,22090000.0,79174000.0,57318000.0,,,3.58415572657311
785956,J&J SNACK FOODS CORP,2019,217549000.0,79174000.0,,,,0.3639364005350519
785956,J&J SNACK FOODS CORP,2020,286816000.0,0.0,,,,0.0
787075,FIRST FINANCIAL HOLDINGS INC /DE/,2011,3323015000.0,29320000.0,,,,0.008823312564041992
788329,JOHNSON OUTDOORS INC,2011,226756000.0,32644000.0,382432000.0,13906.0,,0.14396090952389354
788329,JOHNSON OUTDOORS INC,2012,38814000.0,-5840000.0,77377000.0,13906.0,,-0.15046117380326687
788329,JOHNSON OUTDOORS INC,2013,32766000.0,19327000.0,87274000.0,13906.0,,0.5898492339620338
788329,JOHNSON OUTDOORS INC,2014,33441000.0,13654000.0,40659000.0,13906.0,,0.4083011871654556
788329,JOHNSON OUTDOORS INC,2015,32033000.0,-4194000.0,140883000.0,13906.0,,-0.13092748103518248
788329,JOHNSON OUTDOORS INC,2016,59740000.0,10616000.0,12349000.0,13906.0,,0.17770338131904923
788329,JOHNSON OUTDOORS INC,2017,20222000.0,16553000.0,68330000.0,13906.0,,0.8185639402630798
788329,JOHNSON OUTDOORS INC,2018,113889000.0,35157000.0,,13906.0,,0.3086953085899428
788329,JOHNSON OUTDOORS INC,2019,42048000.0,3521000.0,,13906.0,,0.08373763318112633
788329,JOHNSON OUTDOORS INC,2020,546026000.0,40669000.0,,13906.0,,0.07448180123290832
789879,ENSURGE INC,2014,351.0,434067.0,,,,1236.6581196581196
792130,DATAWATCH CORP,2012,22805000.0,1034000.0,17674000.0,,,0.0453409340057005
792130,DATAWATCH CORP,2013,22805000.0,132000.0,30296000.0,,,0.005788204341153256
792130,DATAWATCH CORP,2014,68914000.0,-2683000.0,26006000.0,,,-0.03893258263923151
792130,DATAWATCH CORP,2015,58931000.0,-4197000.0,30296000.0,,,-0.07121888310057525
792130,DATAWATCH CORP,2016,48431000.0,-5809000.0,35087000.0,,,-0.11994383762466189
792130,DATAWATCH CORP,2017,50405000.0,-2231000.0,36263000.0,,,-0.04426148199583375
792130,DATAWATCH CORP,2018,50405000.0,-3964000.0,30462000.0,,,-0.07864299176668982
794107,CALA CORP,2015,0.0,-313827.0,,,,
794170,TOLL BROTHERS INC,2010,5171555000.0,-297810000.0,,12395.0,,-0.05758616122230161
794170,TOLL BROTHERS INC,2010,5171555000.0,-297810000.0,,12395.0,,-0.05758616122230161
794170,TOLL BROTHERS INC,2011,395011000.0,-237089000.0,,12395.0,,-0.6002086017857731
794170,TOLL BROTHERS INC,2011,395011000.0,-237089000.0,,12395.0,,-0.6002086017857731
794170,TOLL BROTHERS INC,2012,650844000.0,39795000.0,,12395.0,,0.061143684200822314
794170,TOLL BROTHERS INC,2012,650844000.0,39795000.0,,12395.0,,0.061143684200822314
794170,TOLL BROTHERS INC,2013,800268000.0,,,12395.0,,
794170,TOLL BROTHERS INC,2013,800268000.0,,,12395.0,,
794170,TOLL BROTHERS INC,2014,1713779000.0,,,12395.0,,
794170,TOLL BROTHERS INC,2014,1713779000.0,,,12395.0,,
794170,TOLL BROTHERS INC,2015,1400394000.0,19485000.0,,12395.0,,0.013913941362216633
794170,TOLL BROTHERS INC,2015,1400394000.0,19485000.0,,12395.0,,0.013913941362216633
794170,TOLL BROTHERS INC,2016,1580217000.0,114378000.0,,12395.0,,0.07238119827846429
794170,TOLL BROTHERS INC,2016,1580217000.0,114378000.0,,12395.0,,0.07238119827846429
794170,TOLL BROTHERS INC,2017,9736789000.0,105483000.0,,12395.0,,0.010833448275401674
794170,TOLL BROTHERS INC,2017,9736789000.0,105483000.0,,12395.0,,0.010833448275401674
794170,TOLL BROTHERS INC,2018,1121013000.0,24911000.0,,12395.0,,0.02222186540209614
794170,TOLL BROTHERS INC,2018,1121013000.0,24911000.0,,12395.0,,0.02222186540209614
794170,"TOLL BROTHERS, INC.",2019,970854000.0,-6937000.0,,12395.0,,-0.007145255620309542
794170,"TOLL BROTHERS, INC.",2019,970854000.0,-6937000.0,,12395.0,,-0.007145255620309542
794170,"TOLL BROTHERS, INC.",2020,1427523000.0,446624000.0,,12395.0,,0.31286641266025134
794170,"TOLL BROTHERS, INC.",2020,1427523000.0,446624000.0,,12395.0,,0.31286641266025134
794172,MERIDIAN BIOSCIENCE INC,2010,154785000.0,,148274000.0,,,
794172,MERIDIAN BIOSCIENCE INC,2011,90388000.0,,41059000.0,,,
794172,MERIDIAN BIOSCIENCE INC,2012,2675000.0,,143000000.0,,,
794172,MERIDIAN BIOSCIENCE INC,2013,14220000.0,,38403000.0,,,
794172,MERIDIAN BIOSCIENCE INC,2014,111719000.0,8474000.0,188832000.0,,,0.07585101907464263
794172,MERIDIAN BIOSCIENCE INC,2015,176748000.0,34743000.0,194830000.0,,,0.19656799511168443
794172,MERIDIAN BIOSCIENCE INC,2016,67834000.0,35540000.0,1003000.0,,,0.5239260547807884
794172,MERIDIAN BIOSCIENCE INC,2017,69938000.0,5726000.0,196082000.0,,,0.08187251565672453
794172,MERIDIAN BIOSCIENCE INC,2018,66624000.0,32229000.0,1471000.0,,,0.48374459654178675
794172,MERIDIAN BIOSCIENCE INC,2019,14816000.0,24382000.0,64332000.0,,,1.6456533477321815
794172,MERIDIAN BIOSCIENCE INC,2020,6807000.0,23849000.0,121596000.0,,,3.5035992360805053
796505,"CLEARFIELD, INC.",2011,21360961.0,6167446.0,24366755.0,,,0.28872511868731
796505,"CLEARFIELD, INC.",2012,37740338.0,7701194.0,35192532.0,,,0.2040573669478
796505,"CLEARFIELD, INC.",2013,46413339.0,7701194.0,37473966.0,,,0.16592630838302755
796505,"CLEARFIELD, INC.",2014,46413339.0,7701194.0,37473966.0,,,0.16592630838302755
796505,"CLEARFIELD, INC.",2015,57627617.0,,58045292.0,,,
796505,"CLEARFIELD, INC.",2016,57627617.0,5432851.0,75287726.0,,,0.09427512853776342
796505,"CLEARFIELD, INC.",2017,70595313.0,4682008.0,60323917.0,,,0.06632179674591145
796505,"CLEARFIELD, INC.",2018,74228642.0,4274547.0,5356000.0,,,0.05758622123249944
796505,"CLEARFIELD, INC.",2019,74228642.0,4566156.0,73947619.0,,,0.06151474521115448
796505,"CLEARFIELD, INC.",2020,95297430.0,,93074514.0,,,
799235,ERHC ENERGY INC,2011,19748238.0,0.0,,,,0.0
799235,ERHC ENERGY INC,2012,19748238.0,-7689137.0,,,,-0.38935812906447653
799235,ERHC ENERGY INC,2013,20640111.0,0.0,,,,0.0
799235,ERHC ENERGY INC,2014,12472600.0,-5152817.0,,,,-0.41313094302711545
799694,ONCOLOGIX TECH INC.,2012,15371.0,-187179.0,,22629.0,,-12.17741200962852
799694,ONCOLOGIX TECH INC.,2014,1303755.0,-1312043.0,3677475.0,22629.0,,-1.006357022600105
801898,JOY GLOBAL INC,2010,2278962000.0,279475000.0,2332609000.0,13003.0,,0.12263258448363773
801898,JOY GLOBAL INC,2011,1803141000.0,609656000.0,2738852000.0,13003.0,,0.33810777970219746
801898,JOY GLOBAL INC,2012,-8549726000.0,609656000.0,2126788000.0,13003.0,,-0.07130708048421669
801898,JOY GLOBAL INC,2013,4040857000.0,609656000.0,5012697000.0,13003.0,,0.15087294601120504
801898,JOY GLOBAL INC,2014,-10137943000.0,-3745000.0,3778310000.0,13003.0,,0.00036940432590713916
801898,JOY GLOBAL INC,2015,6119097000.0,1489000.0,1801405000.0,13003.0,,0.0002433365576652895
801898,JOY GLOBAL INC,2016,2870518000.0,338118000.0,0.0,13003.0,,0.11778989018706729
802851,LOGIC DEVICES INC,2011,2760700.0,-1070500.0,2193300.0,,,-0.3877639729054225
803044,ELECTRONIC CONTROL SECURITY INC,2013,4686427.0,-1531773.0,981700.0,,,-0.3268530588441898
804328,QUALCOMM INC/DE,2010,142000000.0,3160000000.0,10991000000.0,61737.0,1330000.0,22.253521126760564
804328,QUALCOMM INC/DE,2011,142000000.0,999000000.0,10000000.0,61737.0,2260000.0,7.035211267605634
804328,QUALCOMM INC/DE,2012,1085000000.0,0.0,3659000000.0,61737.0,1710000.0,0.0
804328,QUALCOMM INC/DE,2013,45516000000.0,6109000000.0,24866000000.0,61737.0,2930000.0,0.13421653923894894
804328,QUALCOMM INC/DE,2014,48574000000.0,2238000000.0,597000000.0,61737.0,3040000.0,0.04607403137480957
804328,QUALCOMM INC/DE,2015,45516000000.0,1894000000.0,181000000.0,61737.0,4240000.0,0.04161174092626769
804328,QUALCOMM INC/DE,2016,812000000.0,5271000000.0,25281000000.0,61737.0,2730000.0,6.491379310344827
804328,QUALCOMM INC/DE,2017,50796000000.0,1498000000.0,3918000000.0,61737.0,4973000.0,0.029490511063863297
804328,QUALCOMM INC/DE,2018,1037000000.0,866000000.0,311000000.0,61737.0,5550000.0,0.8351012536162006
804328,QUALCOMM INC/DE,2019,2307000000.0,0.0,14579000000.0,61737.0,5900000.0,0.0
804328,QUALCOMM INC/DE,2020,2307000000.0,5198000000.0,9793000000.0,61737.0,5670000.0,2.2531426094495015
805305,QUIKSILVER INC,2013,577643000.0,2071000.0,434702000.0,,,0.0035852594076272023
805305,QUIKSILVER INC,2014,146673000.0,-220084000.0,537295000.0,,,-1.5005079326120008
805729,CHINA SENIOR LIVING INDUSTRY INTERNATIONAL HOLDING CORP,2018,950927.0,125939.0,500544.0,,,0.13243813668136462
807863,MITEK SYSTEMS INC,2011,3008456.0,-125057.0,5118901.0,,,-0.04156849892436519
807863,MITEK SYSTEMS INC,2012,16722921.0,-125057.0,10265975.0,,,-0.00747817920087047
807863,MITEK SYSTEMS INC,2013,16722921.0,-7275706.0,3384788.0,,,-0.4350738725609001
807863,MITEK SYSTEMS INC,2014,32853374.0,-7839996.0,3787730.0,,,-0.23863594649365388
807863,MITEK SYSTEMS INC,2015,38746497.0,-1468300.0,5672326.0,,,-0.037895038614716575
807863,MITEK SYSTEMS INC,2016,48385000.0,2526000.0,9105000.0,,,0.05220626227136509
807863,MITEK SYSTEMS INC,2017,71719000.0,1217000.0,9670000.0,,,0.016969004029615584
807863,MITEK SYSTEMS INC,2018,71719000.0,-2127000.0,34701000.0,,,-0.029657412958909075
807863,MITEK SYSTEMS INC,2019,135897000.0,-724000.0,46845000.0,,,-0.0053275642582249795
807863,MITEK SYSTEMS INC,2020,135897000.0,-5736000.0,57030000.0,,,-0.04220843727234597
807882,JACK IN THE BOX INC /NEW/,2010,1407092000.0,119279000.0,2297531000.0,,,0.08476986579413429
807882,JACK IN THE BOX INC /NEW/,2011,1407092000.0,118408000.0,168424000.0,,,0.08415085865032279
807882,JACK IN THE BOX INC /NEW/,2012,1463725000.0,57651000.0,1252028000.0,,,0.03938649678047448
807882,JACK IN THE BOX INC /NEW/,2013,1463725000.0,51152000.0,337981000.0,,,0.03494645510597961
807882,JACK IN THE BOX INC /NEW/,2014,1319209000.0,88950000.0,350329000.0,,,0.06742676861664831
807882,JACK IN THE BOX INC /NEW/,2015,1270665000.0,23005000.0,356888000.0,,,0.018104693211822155
807882,JACK IN THE BOX INC /NEW/,2016,1348791000.0,33221000.0,1162258000.0,,,0.024630205865845783
807882,JACK IN THE BOX INC /NEW/,2017,1228421000.0,36351000.0,395141000.0,,,0.029591646512067117
807882,JACK IN THE BOX INC /NEW/,2018,1234745000.0,33094000.0,789040000.0,,,0.026802295210752017
807882,JACK IN THE BOX INC /NEW/,2019,946766000.0,135332000.0,336807000.0,,,0.14294133925383887
807882,JACK IN THE BOX INC /NEW/,2020,958483000.0,94437000.0,169811000.0,,,0.09852756908573235
808326,EMCORE CORP,2011,170298000.0,-138801000.0,176356000.0,6223.0,,-0.815047739844273
808326,EMCORE CORP,2012,169866000.0,-5205000.0,49417000.0,6223.0,,-0.03064180000706439
808326,EMCORE CORP,2013,173714000.0,-9335000.0,44373000.0,6223.0,,-0.05373775285814615
808326,EMCORE CORP,2014,191342000.0,4852000.0,15032000.0,6223.0,,0.025357736409152197
808326,EMCORE CORP,2015,191342000.0,1480000.0,55736000.0,6223.0,,0.007734841278966458
808326,EMCORE CORP,2016,160907000.0,56128000.0,7746000.0,6223.0,,0.3488226118192496
808326,EMCORE CORP,2017,127211000.0,8235000.0,16885000.0,6223.0,,0.06473496788799711
808326,EMCORE CORP,2018,144084000.0,1757000.0,543000.0,6223.0,,0.012194275561478026
808326,EMCORE CORP,2019,109562000.0,8235000.0,647000.0,6223.0,,0.075162921450868
808326,EMCORE CORP,2020,109562000.0,-1335000.0,33530000.0,6223.0,,-0.01218488161953962
808450,NAVISTAR INTERNATIONAL CORP,2010,9730000000.0,320000000.0,14724000000.0,6081.0,,0.0328879753340185
808450,NAVISTAR INTERNATIONAL CORP,2011,3580000000.0,129000000.0,291000000.0,6081.0,240000.0,0.03603351955307262
808450,NAVISTAR INTERNATIONAL CORP,2012,811000000.0,1723000000.0,949000000.0,6081.0,300000.0,2.124537607891492
808450,NAVISTAR INTERNATIONAL CORP,2013,2250000000.0,476000000.0,13641000000.0,6081.0,240000.0,0.21155555555555555
808450,NAVISTAR INTERNATIONAL CORP,2014,806000000.0,2432000000.0,2621000000.0,6081.0,,3.0173697270471465
808450,NAVISTAR INTERNATIONAL CORP,2015,-6707000000.0,-238000000.0,2421000000.0,6081.0,,0.03548531385120024
808450,NAVISTAR INTERNATIONAL CORP,2016,7975000000.0,21000000.0,7699000000.0,6081.0,,0.002633228840125392
808450,NAVISTAR INTERNATIONAL CORP,2017,407000000.0,30000000.0,2427000000.0,6081.0,,0.07371007371007371
808450,NAVISTAR INTERNATIONAL CORP,2018,1621000000.0,30000000.0,2427000000.0,6081.0,,0.01850709438618137
808450,NAVISTAR INTERNATIONAL CORP,2019,7141000000.0,340000000.0,542000000.0,6081.0,,0.04761237921859684
808450,NAVISTAR INTERNATIONAL CORP,2020,1705000000.0,-347000000.0,688000000.0,6081.0,,-0.20351906158357772
809933,ECOLOGY & ENVIRONMENT INC,2013,97512155.0,1429000.0,36011000.0,186720.0,,0.014654583318356567
809933,ECOLOGY & ENVIRONMENT INC,2014,81681684.0,773579.0,155410099.0,186720.0,,0.009470654400318192
809933,ECOLOGY & ENVIRONMENT INC,2015,71708322.0,100000.0,134936891.0,186720.0,,0.0013945382796713608
809933,ECOLOGY & ENVIRONMENT INC,2016,59512000.0,-1383000.0,128427000.0,186720.0,,-0.02323901061970695
809933,ECOLOGY & ENVIRONMENT INC,2017,59512000.0,3015000.0,105817000.0,186720.0,,0.05066205135098804
809933,ECOLOGY & ENVIRONMENT INC,2019,43823000.0,-651000.0,80542000.0,186720.0,,-0.014855213015996167
810136,PHOTRONICS INC,2017,987988000.0,11854000.0,129956000.0,,,0.011998121434673296
810136,PHOTRONICS INC,2018,1020794000.0,1797000.0,36081000.0,,,0.001760394359684716
810136,PHOTRONICS INC,2019,1118665000.0,13005000.0,546295000.0,,,0.011625464281085043
810332,MESA AIR GROUP INC,2018,1357649000.0,5304000.0,166952000.0,,,0.003906753512874094
810332,MESA AIR GROUP INC,2019,1472388000.0,33255000.0,157293000.0,,,0.02258575864513973
810332,MESA AIR GROUP INC,2020,1501930000.0,47580000.0,723357000.0,,,0.03167923937866612
811222,CARDIFF INTERNATIONAL INC,2016,76386.0,-3944421.0,168621.0,,,-51.63800958290786
812128,SANDERSON FARMS INC,2011,948521000.0,82319000.0,1789508000.0,,,0.08678669212384334
812128,SANDERSON FARMS INC,2012,948521000.0,-127077000.0,862300000.0,,,-0.13397383927187695
812128,SANDERSON FARMS INC,2013,924645000.0,23865000.0,648379000.0,,,0.025809905423162402
812128,SANDERSON FARMS INC,2014,924645000.0,249048000.0,1009200000.0,,,0.26934445111367067
812128,SANDERSON FARMS INC,2015,1251461000.0,66503000.0,1041200000.0,,,0.053140289629481065
812128,SANDERSON FARMS INC,2016,1422700000.0,50881000.0,1005700000.0,,,0.03576368876080692
812128,SANDERSON FARMS INC,2017,1422700000.0,188961000.0,802038000.0,,,0.13281858438180924
812128,SANDERSON FARMS INC,2018,1733243000.0,188961000.0,,,,0.10902164324333057
812128,SANDERSON FARMS INC,2019,1774134000.0,53294000.0,,,,0.03003944459663137
812128,SANDERSON FARMS INC,2020,1849031000.0,53362000.0,,,,0.028859440431231276
812149,4NET SOFTWARE INC,2011,7180.0,0.0,0.0,,,0.0
812149,4NET SOFTWARE INC,2012,7180.0,-43487.0,0.0,,,-6.056685236768803
812149,4NET SOFTWARE INC,2014,1489.0,0.0,0.0,,,0.0
812149,REGIONAL BRANDS INC.,2016,4712877.0,-39760.0,27613000.0,,,-0.008436460361685653
812306,PROCYON CORP,2020,2434932.0,,4334088.0,,,
814547,FAIR ISAAC CORP,2010,1303888000.0,64457000.0,605643000.0,13824.0,,0.04943446062852024
814547,FAIR ISAAC CORP,2011,1129468000.0,64457000.0,68088000.0,13824.0,,0.05706846054956847
814547,FAIR ISAAC CORP,2012,1158611000.0,21246000.0,396036000.0,13824.0,,0.018337474786619495
814547,FAIR ISAAC CORP,2013,1158611000.0,71562000.0,170349000.0,13824.0,,0.06176533797797535
814547,FAIR ISAAC CORP,2014,1161547000.0,28557000.0,179325000.0,13824.0,,0.0245853159622469
814547,FAIR ISAAC CORP,2015,1230163000.0,20548000.0,105500000.0,13824.0,,0.016703477506639364
814547,FAIR ISAAC CORP,2016,1230163000.0,86502000.0,186469000.0,13824.0,,0.07031751076889811
814547,FAIR ISAAC CORP,2017,1220676000.0,128256000.0,112648000.0,13824.0,,0.10506964993167721
814547,FAIR ISAAC CORP,2018,1255620000.0,142415000.0,881356000.0,13824.0,,0.11342205444322327
814547,FAIR ISAAC CORP,2019,1433448000.0,128256000.0,5035000.0,13824.0,,0.08947377233077168
814547,FAIR ISAAC CORP,2020,1606240000.0,59126000.0,300044000.0,13824.0,,0.03681019025799383
814904,GOLDEN RIVER RESOURCES CORP.,2012,5665000.0,-20893000.0,0.0,,,-3.6880847308031774
814904,GOLDEN RIVER RESOURCES CORP.,2014,233000.0,-961000.0,,,,-4.124463519313305
820771,GOLIATH FILM & MEDIA HOLDINGS,2016,878.0,34460.0,,,,39.24829157175399
820901,ARETE INDUSTRIES INC,2017,2006774.0,-4499045.0,953021.0,,,-2.241929086185091
822370,"CNS RESPONSE, INC.",2013,1402200.0,-3406800.0,,,,-2.4296106118955927
822370,"CNS RESPONSE, INC.",2014,1402200.0,0.0,,,,0.0
822370,"MYND ANALYTICS, INC.",2016,1320100.0,-5940900.0,,,,-4.50034088326642
822370,"MYND ANALYTICS, INC.",2017,6096100.0,-7112800.0,,,,-1.1667787601909418
822370,"MYND ANALYTICS, INC.",2018,6096100.0,-7112800.0,,,,-1.1667787601909418
822746,"INFINITY ENERGY RESOURCES, INC",2014,10490011.0,2904958.0,,,,0.27692611571141346
823277,CHS INC,2012,6816809000.0,502159000.0,48522000.0,,,0.07366481883238918
823277,CHS INC,2013,13504270000.0,992386000.0,-467583000.0,,,0.07348683046177246
823277,CHS INC,2014,4409594000.0,992386000.0,12982293000.0,,,0.22505155803459456
823277,CHS INC,2015,149125000.0,81103000.0,12181212000.0,,,0.543859178541492
823277,CHS INC,2016,15228312000.0,424192000.0,-498062000.0,,,0.02785548391706185
823277,CHS INC,2017,4304001000.0,75858000.0,30347203000.0,,,0.01762499590497307
823277,CHS INC,2018,-73300000.0,209150000.0,30355260000.0,,,-2.8533424283765347
823277,CHS INC,2019,16381178000.0,69157000.0,0.0,,,0.004221735457608726
823277,CHS INC,2020,6415580000.0,160373000.0,22940712000.0,,,0.024997428135881714
824416,QUEST PATENT RESEARCH CORP,2014,43717.0,-99054.0,64303.0,,,-2.265800489512089
825322,MPHASE TECHNOLOGIES INC,2015,290714.0,-1098763.0,581261.0,,,-3.7795324614569648
825322,MPHASE TECHNOLOGIES INC,2018,,-310765.0,,,,
825322,MPHASE TECHNOLOGIES INC,2019,5614898.0,,,,,
825324,GOOD TIMES RESTAURANTS INC,2011,6999000.0,-2932000.0,20863000.0,,,-0.418916988141163
825324,GOOD TIMES RESTAURANTS INC,2012,7061000.0,-777000.0,20603000.0,,,-0.11004107066987678
825324,GOOD TIMES RESTAURANTS INC,2013,9875000.0,,19706000.0,,,
825324,GOOD TIMES RESTAURANTS INC,2015,16881000.0,-791000.0,28901000.0,,,-0.04685741366032818
825324,GOOD TIMES RESTAURANTS INC,2016,46877000.0,,28901000.0,,,
825324,GOOD TIMES RESTAURANTS INC.,2017,46877000.0,-2255000.0,29217000.0,,,-0.04810461420312733
825324,GOOD TIMES RESTAURANTS INC.,2018,60950000.0,-2255000.0,31013000.0,,,-0.03699753896636587
825324,GOOD TIMES RESTAURANTS INC.,2019,60950000.0,-5137000.0,31779000.0,,,-0.08428219852337981
825324,GOOD TIMES RESTAURANTS INC.,2020,59905000.0,0.0,76538000.0,,,0.0
825410,LANDAUER INC,2011,150696000.0,23366000.0,114367000.0,14169.0,,0.15505388331475287
825410,LANDAUER INC,2012,31706000.0,24538000.0,114367000.0,14169.0,,0.7739229167980823
825410,LANDAUER INC,2013,70967000.0,4877000.0,37432000.0,14169.0,,0.06872208209449462
825410,LANDAUER INC,2015,48164000.0,2797000.0,38147000.0,14169.0,,0.058072419234282864
825410,LANDAUER INC,2016,48308000.0,3547000.0,120861000.0,14169.0,,0.07342469156247412
825411,"SEVCON, INC.",2011,22947000.0,712000.0,32286000.0,,,0.031028021092081755
825411,"SEVCON, INC.",2012,21855000.0,712000.0,33825000.0,,,0.032578357355296274
825411,"SEVCON, INC.",2013,21855000.0,1195000.0,32203000.0,,,0.05467856325783574
825411,"SEVCON, INC.",2014,1325000.0,731000.0,8000.0,,,0.5516981132075471
825411,"SEVCON, INC.",2015,35616000.0,731000.0,2215000.0,,,0.020524483378256964
825411,"SEVCON, INC.",2016,35616000.0,-5813000.0,12078000.0,,,-0.16321316262354
825542,SCOTTS MIRACLE-GRO CO,2010,2164000000.0,153300000.0,3139900000.0,60800.0,,0.07084103512014787
825542,SCOTTS MIRACLE-GRO CO,2011,315500000.0,153300000.0,1172600000.0,60800.0,,0.48589540412044374
825542,SCOTTS MIRACLE-GRO CO,2012,216500000.0,-228400000.0,2649700000.0,60800.0,,-1.0549653579676674
825542,SCOTTS MIRACLE-GRO CO,2013,2074400000.0,100000000.0,2317400000.0,60800.0,,0.04820671037408407
825542,SCOTTS MIRACLE-GRO CO,2014,1509200000.0,-65700000.0,454300000.0,60800.0,,-0.04353299761463027
825542,SCOTTS MIRACLE-GRO CO,2015,191300000.0,-202400000.0,1116400000.0,60800.0,,-1.0580240460010455
825542,SCOTTS MIRACLE-GRO CO,2016,636800000.0,180200000.0,64100000.0,60800.0,,0.2829773869346734
825542,SCOTTS MIRACLE-GRO CO,2017,298000000.0,-267800000.0,153000000.0,60800.0,,-0.8986577181208054
825542,SCOTTS MIRACLE-GRO CO,2018,571200000.0,-357600000.0,191400000.0,60800.0,,-0.6260504201680672
825542,SCOTTS MIRACLE-GRO CO,2019,1765100000.0,201700000.0,287900000.0,60800.0,,0.11427114611070194
825542,SCOTTS MIRACLE-GRO CO,2020,1100100000.0,387400000.0,20000000.0,60800.0,,0.35214980456322154
826326,"ARC GROUP WORLDWIDE, INC.",2013,15645000.0,3039000.0,30407000.0,,,0.19424736337488016
826326,"ARC GROUP WORLDWIDE, INC.",2014,29826000.0,3039000.0,69712000.0,,,0.10189096761215047
827871,"EAGLE PHARMACEUTICALS, INC.",2014,18103000.0,-19383000.0,13679000.0,19784.0,,-1.0707065127326962
827876,"CLEANSPARK, INC.",2016,33019542.0,-2540562.0,82031.0,,,-0.07694116411426906
827876,"CLEANSPARK, INC.",2019,17555662.0,-47006165.0,4532782.0,,,-2.6775501259935397
827876,"CLEANSPARK, INC.",2020,23434252.0,,5454972.0,,,
827876,SMARTDATA CORP,2012,1822.0,-37807.0,0.0,,,-20.75027442371021
827876,SMARTDATA CORP,2013,270.0,-19745.0,0.0,,,-73.12962962962963
827876,STRATEAN INC.,2014,763254.0,-31772.0,,,,-0.04162703372664932
827876,STRATEAN INC.,2015,763254.0,-45145.0,,,,-0.059148068663904804
829224,STARBUCKS CORP,2010,71100000.0,390800000.0,947100000.0,25434.0,,5.49648382559775
829224,STARBUCKS CORP,2011,1071300000.0,1245700000.0,9774600000.0,25434.0,,1.1627928684775506
829224,STARBUCKS CORP,2012,4525600000.0,1383800000.0,10707400000.0,25434.0,0.0,0.30577161039420186
829224,STARBUCKS CORP,2013,467400000.0,1245700000.0,0.0,25434.0,0.0,2.6651690201112537
829224,STARBUCKS CORP,2014,10752900000.0,1383800000.0,1273000000.0,25434.0,,0.12869086478996364
829224,STARBUCKS CORP,2015,4549300000.0,983100000.0,4153700000.0,25434.0,,0.2160991800936408
829224,STARBUCKS CORP,2016,2521400000.0,983100000.0,2154200000.0,25434.0,,0.38990243515507256
829224,STARBUCKS CORP,2017,7257800000.0,801000000.0,3495000000.0,25434.0,,0.11036402215547411
829224,STARBUCKS CORP,2018,3327200000.0,751800000.0,335300000.0,25434.0,90000.0,0.2259557585958163
829224,STARBUCKS CORP,2019,14365600000.0,3599200000.0,17409400000.0,25434.0,120000.0,0.2505429637467283
829224,STARBUCKS CORP,2020,4446700000.0,-678400000.0,6190700000.0,25434.0,200000.0,-0.15256257449344457
830524,CHASE CORP,2012,53509000.0,3373000.0,123040000.0,3203.0,,0.06303612476405838
830524,CHASE CORP,2013,4447000.0,3540000.0,95988000.0,3203.0,,0.7960422756914775
830524,CHASE CORP,2014,50972000.0,3540000.0,52931000.0,3203.0,,0.06944989405948364
830524,CHASE CORP,2015,50972000.0,7166000.0,52588000.0,3203.0,,0.14058698893510163
830524,CHASE CORP,2016,38983000.0,4066000.0,169657000.0,3203.0,,0.10430187517635893
830524,CHASE CORP,2017,38162000.0,10855000.0,61499000.0,3203.0,,0.2844452596824066
830524,CHASE CORP,2018,254738000.0,11855000.0,16270000.0,3203.0,,0.046538011604079485
830524,CHASE CORP,2019,266316000.0,43143000.0,4512000.0,3203.0,,0.16199927905195333
830524,CHASE CORP,2020,32478000.0,8823000.0,64157000.0,3203.0,,0.2716608165527434
830916,MULTI FINELINE ELECTRONIX INC,2011,562321000.0,,791339000.0,,,
830916,MULTI FINELINE ELECTRONIX INC,2012,-258795000.0,,35889000.0,,,
830916,MULTI FINELINE ELECTRONIX INC,2013,2022000.0,,190097000.0,,,
830916,MULTI FINELINE ELECTRONIX INC,2014,299757000.0,29485000.0,7580000.0,,,0.09836300736930247
831378,FINOTEC GROUP INC,2020,,-2675.0,,,,
831489,SCORES HOLDING CO INC,2012,206546.0,-651348.0,632875.0,60800.0,,-3.1535251227329506
831489,SCORES HOLDING CO INC,2013,464265.0,183627.0,693889.0,60800.0,,0.3955219540564118
831641,TETRA TECH INC,2010,1381689000.0,,,24783.0,,
831641,TETRA TECH INC,2011,618025000.0,,,24783.0,,
831641,TETRA TECH INC,2012,-189656000.0,,,24783.0,,
831641,TETRA TECH INC,2013,1671030000.0,,,24783.0,,
831641,TETRA TECH INC,2014,1799092000.0,,,24783.0,,
831641,TETRA TECH INC,2015,792392000.0,,,24783.0,,
831641,TETRA TECH INC,2016,308438000.0,,,24783.0,,
831641,TETRA TECH INC,2017,555485000.0,,,24783.0,,
831641,TETRA TECH INC,2018,478197000.0,,764643000.0,24783.0,,
831641,TETRA TECH INC,2019,25683000.0,,1509901000.0,24783.0,,
831641,TETRA TECH INC,2020,2378558000.0,,722621000.0,24783.0,,
833444,JOHNSON CONTROLS INTERNATIONAL PLC,2016,0.0,-313000000.0,22032000000.0,6268.0,30000.0,
833444,JOHNSON CONTROLS INTERNATIONAL PLC,2016,0.0,-313000000.0,22032000000.0,10787.0,130000.0,
833444,JOHNSON CONTROLS INTERNATIONAL PLC,2016,0.0,-313000000.0,22032000000.0,10787.0,130000.0,
833444,JOHNSON CONTROLS INTERNATIONAL PLC,2017,39288000000.0,-1743000000.0,315000000.0,6268.0,,-0.04436469150885767
833444,JOHNSON CONTROLS INTERNATIONAL PLC,2017,39288000000.0,-1743000000.0,315000000.0,10787.0,,-0.04436469150885767
833444,JOHNSON CONTROLS INTERNATIONAL PLC,2017,39288000000.0,-1743000000.0,315000000.0,10787.0,,-0.04436469150885767
833444,JOHNSON CONTROLS INTERNATIONAL PLC,2018,2521000000.0,2162000000.0,4687000000.0,6268.0,,0.8575961919873066
833444,JOHNSON CONTROLS INTERNATIONAL PLC,2018,2521000000.0,2162000000.0,4687000000.0,10787.0,,0.8575961919873066
833444,JOHNSON CONTROLS INTERNATIONAL PLC,2018,2521000000.0,2162000000.0,4687000000.0,10787.0,,0.8575961919873066
833444,JOHNSON CONTROLS INTERNATIONAL PLC,2019,13945000000.0,5674000000.0,8624000000.0,6268.0,,0.4068841878809609
833444,JOHNSON CONTROLS INTERNATIONAL PLC,2019,13945000000.0,5674000000.0,8624000000.0,10787.0,,0.4068841878809609
833444,JOHNSON CONTROLS INTERNATIONAL PLC,2019,13945000000.0,5674000000.0,8624000000.0,10787.0,,0.4068841878809609
833444,JOHNSON CONTROLS INTERNATIONAL PLC,2020,13882000000.0,631000000.0,1075000000.0,6268.0,60000.0,0.045454545454545456
833444,JOHNSON CONTROLS INTERNATIONAL PLC,2020,13882000000.0,631000000.0,1075000000.0,10787.0,,0.045454545454545456
833444,JOHNSON CONTROLS INTERNATIONAL PLC,2020,13882000000.0,631000000.0,1075000000.0,10787.0,,0.045454545454545456
833444,TYCO INTERNATIONAL LTD,2010,1935000000.0,-1798000000.0,1399000000.0,6268.0,120000.0,-0.9291989664082687
833444,TYCO INTERNATIONAL LTD,2010,1935000000.0,-1798000000.0,1399000000.0,10787.0,200000.0,-0.9291989664082687
833444,TYCO INTERNATIONAL LTD,2010,1935000000.0,-1798000000.0,1399000000.0,10787.0,200000.0,-0.9291989664082687
833444,TYCO INTERNATIONAL LTD,2011,779000000.0,-1798000000.0,4691000000.0,6268.0,120000.0,-2.3080872913992296
833444,TYCO INTERNATIONAL LTD,2011,779000000.0,-1798000000.0,4691000000.0,10787.0,200000.0,-2.3080872913992296
833444,TYCO INTERNATIONAL LTD,2011,779000000.0,-1798000000.0,4691000000.0,10787.0,200000.0,-2.3080872913992296
833444,TYCO INTERNATIONAL LTD,2012,21455000000.0,-3604000000.0,2766000000.0,6268.0,60000.0,-0.1679794919599161
833444,TYCO INTERNATIONAL LTD,2012,21455000000.0,-3604000000.0,2766000000.0,10787.0,200000.0,-0.1679794919599161
833444,TYCO INTERNATIONAL LTD,2012,21455000000.0,-3604000000.0,2766000000.0,10787.0,200000.0,-0.1679794919599161
833444,TYCO INTERNATIONAL LTD,2013,3884000000.0,599000000.0,4341000000.0,6268.0,150000.0,0.15422245108135943
833444,TYCO INTERNATIONAL LTD,2013,3884000000.0,599000000.0,4341000000.0,10787.0,200000.0,0.15422245108135943
833444,TYCO INTERNATIONAL LTD,2013,3884000000.0,599000000.0,4341000000.0,10787.0,200000.0,0.15422245108135943
833444,TYCO INTERNATIONAL LTD,2014,12789000000.0,536000000.0,1162000000.0,6268.0,110000.0,0.04191101728047541
833444,TYCO INTERNATIONAL LTD,2014,12789000000.0,536000000.0,1162000000.0,10787.0,200000.0,0.04191101728047541
833444,TYCO INTERNATIONAL LTD,2014,12789000000.0,536000000.0,1162000000.0,10787.0,200000.0,0.04191101728047541
833444,TYCO INTERNATIONAL PLC,2015,-52897000000.0,1861000000.0,0.0,6268.0,,-0.03518157929561223
833444,TYCO INTERNATIONAL PLC,2015,-52897000000.0,1861000000.0,0.0,10787.0,200000.0,-0.03518157929561223
833444,TYCO INTERNATIONAL PLC,2015,-52897000000.0,1861000000.0,0.0,10787.0,200000.0,-0.03518157929561223
836157,LINDSAY CORP,2012,303741000.0,18823000.0,478890000.0,,,0.061970560444589304
836157,LINDSAY CORP,2013,120769000.0,10428000.0,551255000.0,,,0.08634666180890792
836157,LINDSAY CORP,2014,526551000.0,19351000.0,539943000.0,,,0.03675047621218078
836157,LINDSAY CORP,2015,120769000.0,51512000.0,240281000.0,,,0.42653329910821486
836157,LINDSAY CORP,2016,341972000.0,51512000.0,516411000.0,,,0.15063221550302364
836157,LINDSAY CORP,2017,487515000.0,9644000.0,141319000.0,,,0.019781955427012502
836157,LINDSAY CORP,2018,487515000.0,5012000.0,516411000.0,,,0.010280709311508363
836157,LINDSAY CORP,2019,88399000.0,20277000.0,145241000.0,,,0.22938042285546217
836157,LINDSAY CORP,2020,85848000.0,0.0,123106000.0,,,0.0
836429,SYNERGETICS USA INC,2012,78763000.0,5586000.0,801000.0,,,0.07092162563640288
836429,SYNERGETICS USA INC,2013,78763000.0,1006000.0,14097000.0,,,0.012772494699287736
836429,SYNERGETICS USA INC,2014,84715000.0,0.0,856000.0,,,0.0
836429,SYNERGETICS USA INC,2015,84715000.0,0.0,62796000.0,,,0.0
836690,INNOVATIVE SOLUTIONS & SUPPORT INC,2012,62597231.0,,6134492.0,135844.0,,
836690,INNOVATIVE SOLUTIONS & SUPPORT INC,2013,42630511.0,,8214974.0,135844.0,,
836690,INNOVATIVE SOLUTIONS & SUPPORT INC,2014,42630511.0,,9918221.0,135844.0,,
836690,INNOVATIVE SOLUTIONS & SUPPORT INC,2016,36488969.0,,3137089.0,135844.0,,
836690,INNOVATIVE SOLUTIONS & SUPPORT INC,2017,36488969.0,,6583578.0,135844.0,,
836690,INNOVATIVE SOLUTIONS & SUPPORT INC,2018,41037764.0,,4653902.0,135844.0,,
836690,INNOVATIVE SOLUTIONS & SUPPORT INC,2019,37633678.0,,,135844.0,,
836690,INNOVATIVE SOLUTIONS & SUPPORT INC,2020,38557025.0,,,135844.0,,
836809,"AFTERMASTER, INC.",2018,1150762.0,-8518359.0,879984.0,,,-7.402363825013339
836809,"AFTERMASTER, INC.",2019,1093447.0,-9302739.0,374510.0,,,-8.507718252462167
836937,ESIO WATER & BEVERAGE DEVELOPMENT CORP.,2013,290278.0,-3557635.0,,,,-12.255958081563191
836937,ESIO WATER & BEVERAGE DEVELOPMENT CORP.,2014,153457.0,-195152.0,,,,-1.2717047772340135
836937,ESIO WATER & BEVERAGE DEVELOPMENT CORP.,2015,5912.0,-48500.0,,,,-8.203653585926928
836937,UPD HOLDING CORP.,2016,64638.0,-78502.0,,,,-1.2144868343698754
836937,UPD HOLDING CORP.,2017,65308.0,-78502.0,,,,-1.2020273167146445
843212,AMERICAN ENERGY GROUP LTD,2012,1927318.0,-991784.0,849980.0,,,-0.5145928175838134
843212,AMERICAN ENERGY GROUP LTD,2013,3729706.0,-79419.0,1217553.0,,,-0.02129363547689818
843212,AMERICAN ENERGY GROUP LTD,2014,4788209.0,,1217553.0,,,
843212,AMERICAN ENERGY GROUP LTD,2015,4788209.0,-4708163.0,1108163.0,,,-0.9832826846113025
843212,AMERICAN ENERGY GROUP LTD,2016,30060.0,-3468720.0,,,,-115.3932135728543
843212,AMERICAN ENERGY GROUP LTD,2018,99713.0,,,,,
844059,"FRP HOLDINGS, INC.",2014,287093000.0,15385000.0,160140000.0,,,0.05358890673057163
844059,"FRP HOLDINGS, INC.",2015,252621000.0,8272000.0,21548000.0,,,0.03274470451783502
844059,"FRP HOLDINGS, INC.",2016,252478000.0,12024000.0,1185000.0,,,0.04762395139378481
844059,PATRIOT TRANSPORTATION HOLDING INC,2011,266390000.0,3753000.0,111338000.0,,,0.014088366680430947
844059,PATRIOT TRANSPORTATION HOLDING INC,2012,275705000.0,12211000.0,17191000.0,,,0.04429009267151485
844059,PATRIOT TRANSPORTATION HOLDING INC,2013,287093000.0,7808000.0,120106000.0,,,0.02719676202484909
845819,DALA PETROLEUM CORP.,2014,3116857.0,-2712084.0,0.0,,,-0.8701342409998277
845819,WESTCOTT PRODUCTS CORP,2011,0.0,-2382.0,0.0,,,
845819,WESTCOTT PRODUCTS CORP,2012,0.0,-10183.0,0.0,,,
845819,WESTCOTT PRODUCTS CORP,2013,0.0,-22220.0,0.0,,,
846377,"SOURCE FINANCIAL, INC.",2013,40227248.0,,6098374.0,,,
846377,"SOURCE FINANCIAL, INC.",2014,39242700.0,274598.0,5305130.0,,,0.006997428821156546
849146,LIFEVANTAGE CORP,2016,50259000.0,1003000.0,158291000.0,,,0.019956624684136174
849399,SYMANTEC CORP,2018,41000000.0,1138000000.0,,,,27.75609756097561
849636,CORTEX PHARMACEUTICALS INC/DE/,2014,1820655.0,-7572244.0,48309.0,37895.0,,-4.1590768157613605
851726,SANTA FE GOLD CORP,2014,21448275.0,-11643845.0,14571973.0,,,-0.542880254938917
851726,SANTA FE GOLD CORP,2017,7290.0,0.0,66884.0,,,0.0
854398,XATA CORP /MN/,2011,65825000.0,-1311000.0,63031000.0,,,-0.019916445119635397
854398,XRS CORP,2012,65825000.0,-2798000.0,63089000.0,,,-0.04250664641093809
854398,XRS CORP,2013,49139000.0,-10286000.0,56196000.0,,,-0.20932456907954985
854701,INTEGRATED SILICON SOLUTION INC,2011,291987000.0,55957000.0,270508000.0,,,0.1916420936548545
854701,INTEGRATED SILICON SOLUTION INC,2012,317071000.0,3137000.0,46386000.0,,,0.009893683118292118
854701,INTEGRATED SILICON SOLUTION INC,2013,361869000.0,4698000.0,17913000.0,,,0.012982598675211196
854701,INTEGRATED SILICON SOLUTION INC,2014,361869000.0,8812000.0,64193000.0,,,0.024351353666658377
854775,DIGI INTERNATIONAL INC,2011,283895000.0,8941000.0,182548000.0,,,0.03149403828880396
854775,DIGI INTERNATIONAL INC,2012,283895000.0,724000.0,24844000.0,,,0.002550238644569295
854775,DIGI INTERNATIONAL INC,2013,299953000.0,2307000.0,99257000.0,,,0.007691204955443019
854775,DIGI INTERNATIONAL INC,2014,290459000.0,1751000.0,85031000.0,,,0.006028389548955274
854775,DIGI INTERNATIONAL INC,2015,290459000.0,738000.0,85031000.0,,,0.002540806103443171
854775,DIGI INTERNATIONAL INC,2016,300360000.0,16708000.0,5789000.0,,,0.0556265814356106
854775,DIGI INTERNATIONAL INC,2017,184917000.0,2137000.0,45105000.0,,,0.011556536175689634
854775,DIGI INTERNATIONAL INC,2018,98801000.0,2621000.0,6226000.0,,,0.026528071578222893
854775,DIGI INTERNATIONAL INC,2019,90255000.0,9958000.0,226893000.0,,,0.11033183757132568
854775,DIGI INTERNATIONAL INC,2020,215651000.0,9958000.0,201737000.0,,,0.04617646104121938
854860,WILLIAMS CONTROLS INC,2011,34205000.0,-2009000.0,61859000.0,,,-0.05873410320128636
854860,WILLIAMS CONTROLS INC,2012,30346000.0,1506000.0,61859000.0,,,0.04962762802346273
857005,PARAMETRIC TECHNOLOGY CORP,2010,1307064000.0,31522000.0,1070330000.0,18699.0,,0.024116646162697465
857005,PARAMETRIC TECHNOLOGY CORP,2011,1629682000.0,24368000.0,466532000.0,18699.0,10000.0,0.014952610386566213
857005,PARAMETRIC TECHNOLOGY CORP,2012,1629682000.0,-35398000.0,429215000.0,18699.0,60000.0,-0.021720801972409342
857005,PTC INC.,2013,1828906000.0,85424000.0,604339000.0,18699.0,45000.0,0.046707703949792935
857005,PTC INC.,2014,1828906000.0,160194000.0,148151000.0,18699.0,,0.08759006750483622
857005,PTC INC.,2015,2199954000.0,143769000.0,1255242000.0,18699.0,,0.065350911882703
857005,PTC INC.,2016,2209913000.0,160194000.0,200300000.0,18699.0,,0.0724888264832145
857005,PTC INC.,2017,2345729000.0,6239000.0,893606000.0,18699.0,,0.002659727530332788
857005,PTC INC.,2018,2360384000.0,-54465000.0,1140533000.0,18699.0,,-0.023074635313576095
857005,PTC INC.,2019,2471908000.0,-27460000.0,1311494000.0,18699.0,,-0.011108827674816376
857005,PTC INC.,2020,3382738000.0,-27460000.0,244736000.0,18699.0,,-0.008117684550207553
857949,"CHINA GREEN AGRICULTURE, INC.",2016,44745889.0,31445126.0,4323514.0,,,0.7027489385672949
857949,"CHINA GREEN AGRICULTURE, INC.",2017,45448157.0,0.0,65607538.0,,,0.0
857949,"CHINA GREEN AGRICULTURE, INC.",2018,512622.0,25152154.0,,,,49.065693630004176
857949,"CHINA GREEN AGRICULTURE, INC.",2019,42269307.0,11590395.0,,,,0.2742035728193982
857949,"CHINA GREEN AGRICULTURE, INC.",2020,44715491.0,-15422166.0,,,,-0.34489537417804494
858655,HAYNES INTERNATIONAL INC,2011,596569000.0,,381543000.0,,,
858655,HAYNES INTERNATIONAL INC,2012,626926000.0,8875000.0,158882000.0,,,0.014156375712604039
858655,HAYNES INTERNATIONAL INC,2013,597852000.0,8443000.0,579561000.0,,,0.014122224229407947
858655,HAYNES INTERNATIONAL INC,2014,597852000.0,3751000.0,114300000.0,,,0.00627412804506801
858655,HAYNES INTERNATIONAL INC,2015,638191000.0,-1223000.0,110676000.0,,,-0.0019163541949040333
858655,HAYNES INTERNATIONAL INC,2016,649601000.0,11719000.0,101853000.0,,,0.01804030474091019
858655,HAYNES INTERNATIONAL INC,2017,649601000.0,-1890000.0,487635000.0,,,-0.0029094782797440275
858655,HAYNES INTERNATIONAL INC,2018,621819000.0,-672000.0,406359000.0,,,-0.0010807003324118433
858655,HAYNES INTERNATIONAL INC,2019,588694000.0,1509000.0,75090000.0,,,0.0025633011377727646
858655,HAYNES INTERNATIONAL INC,2020,593800000.0,1509000.0,59430000.0,,,0.0025412596833950824
858803,"AVANIR PHARMACEUTICALS, INC.",2011,89648994.0,-21996016.0,6089306.0,,,-0.2453570867733329
858803,"AVANIR PHARMACEUTICALS, INC.",2012,89648994.0,-60631563.0,6089306.0,,,-0.6763217331808542
858803,"AVANIR PHARMACEUTICALS, INC.",2013,76079007.0,-59743827.0,75365884.0,,,-0.7852866297269101
858803,"AVANIR PHARMACEUTICALS, INC.",2014,76079000.0,0.0,75366000.0,,,0.0
859737,HOLOGIC INC,2010,5625834000.0,-2216642000.0,1674499000.0,62336.0,80000.0,-0.39401127015123444
859737,HOLOGIC INC,2011,5625834000.0,10940000.0,418112000.0,62336.0,160000.0,0.0019446005694444594
859737,HOLOGIC INC,2012,1770107000.0,-40273000.0,571263000.0,62336.0,160000.0,-0.02275173195744664
859737,HOLOGIC INC,2013,688511000.0,-73634000.0,728057000.0,62336.0,160000.0,-0.10694672997236064
859737,HOLOGIC INC,2014,1397100000.0,3100000.0,0.0,62336.0,160000.0,0.0022188819697945743
859737,HOLOGIC INC,2015,932200000.0,11300000.0,655500000.0,62336.0,160000.0,0.012121862261317314
859737,HOLOGIC INC,2016,809100000.0,84800000.0,2705000000.0,62336.0,160000.0,0.10480781114818935
859737,HOLOGIC INC,2017,3771900000.0,330800000.0,207500000.0,62336.0,160000.0,0.0877011585673003
859737,HOLOGIC INC,2018,30900000.0,50500000.0,1236900000.0,62336.0,160000.0,1.6343042071197411
859737,HOLOGIC INC,2019,1751200000.0,406700000.0,,62336.0,160000.0,0.23224074920054819
859737,HOLOGIC INC,2020,159300000.0,1115200000.0,,62336.0,160000.0,7.0006277463904585
860518,ITEX CORP,2012,13111000.0,969000.0,4229000.0,,,0.07390740599496606
860518,ITEX CORP,2013,13111000.0,160000.0,156000.0,,,0.012203493249942797
860518,ITEX CORP,2014,13371000.0,1070000.0,14825000.0,,,0.08002393239099544
860518,ITEX CORP,2015,10740000.0,0.0,13542000.0,,,0.0
860518,ITEX CORP,2016,10740000.0,690000.0,11110000.0,,,0.06424581005586592
860543,"CHINA GRAND RESORTS, INC.",2012,46322.0,-258188.0,0.0,,,-5.573766244980787
860543,"CHINA GRAND RESORTS, INC.",2013,46322.0,-265250.0,,,,-5.726220802210612
860543,"CHINA GRAND RESORTS, INC.",2017,0.0,-137335.0,,,,
862668,ESCALON MEDICAL CORP,2016,5530380.0,0.0,11576466.0,,,0.0
863894,FEMALE HEALTH CO,2011,19442791.0,6737078.0,22221955.0,22817.0,,0.3465077621829088
863894,FEMALE HEALTH CO,2012,30446427.0,416667.0,7109050.0,22817.0,,0.013685251146218241
863894,FEMALE HEALTH CO,2013,35169953.0,3533846.0,9476866.0,22817.0,,0.10047912205057538
863894,FEMALE HEALTH CO,2014,31673154.0,3491669.0,6690195.0,22817.0,,0.11024064733180662
863894,FEMALE HEALTH CO,2015,37471711.0,375081.0,31456778.0,22817.0,,0.010009711059097355
863894,FEMALE HEALTH CO,2016,37471711.0,1170974.0,2029000.0,22817.0,,0.031249547158388364
863894,VERU INC.,2018,5600000.0,-6612047.0,2900000.0,22817.0,,-1.1807226785714287
863894,VERU INC.,2019,53628770.0,,15864483.0,22817.0,,
863894,VERU INC.,2020,53628770.0,-12017366.0,31803387.0,22817.0,,-0.22408431146192612
865436,WHOLE FOODS MARKET INC,2010,3783388000.0,,2466503000.0,24893.0,,
865436,WHOLE FOODS MARKET INC,2011,4292075000.0,342612000.0,10107787000.0,24893.0,,0.0798243273940926
865436,WHOLE FOODS MARKET INC,2012,4292075000.0,465573000.0,3390940000.0,24893.0,,0.10847270842191714
865436,WHOLE FOODS MARKET INC,2013,5538000000.0,142000000.0,2670000000.0,24893.0,,0.02564102564102564
865436,WHOLE FOODS MARKET INC,2014,5744000000.0,579000000.0,14194000000.0,24893.0,,0.1008008356545961
865436,WHOLE FOODS MARKET INC,2015,5741000000.0,142000000.0,4671000000.0,24893.0,,0.024734366835046158
865436,WHOLE FOODS MARKET INC,2016,1123000000.0,64000000.0,-144000000.0,24893.0,,0.05699020480854853
865436,WHOLE FOODS MARKET INC,2017,6676000000.0,245000000.0,968000000.0,24893.0,,0.03669862192929898
866706,ESCO TECHNOLOGIES INC,2010,923687000.0,44846000.0,613566000.0,23224.0,,0.048551078449734594
866706,ESCO TECHNOLOGIES INC,2011,88600000.0,23897000.0,28200000.0,23224.0,,0.2697178329571106
866706,ESCO TECHNOLOGIES INC,2012,203600000.0,13227000.0,138400000.0,23224.0,,0.0649656188605108
866706,ESCO TECHNOLOGIES INC,2013,1092328000.0,46879000.0,184500000.0,23224.0,,0.042916596480178114
866706,ESCO TECHNOLOGIES INC,2014,114600000.0,1559000.0,110518000.0,23224.0,,0.013603839441535776
866706,ESCO TECHNOLOGIES INC,2015,501200000.0,410000.0,123600.0,23224.0,,0.0008180367118914605
866706,ESCO TECHNOLOGIES INC,2016,110900000.0,0.0,153612000.0,23224.0,,0.0
866706,ESCO TECHNOLOGIES INC,2017,978371000.0,11528000.0,71600000.0,23224.0,,0.0117828512905636
866706,ESCO TECHNOLOGIES INC,2018,175500000.0,45882000.0,207800000.0,23224.0,,0.26143589743589746
866706,ESCO TECHNOLOGIES INC,2019,154200000.0,53703000.0,447833000.0,23224.0,,0.34826848249027237
866706,ESCO TECHNOLOGIES INC,2020,153000000.0,81039000.0,86200000.0,23224.0,,0.5296666666666666
866787,AUTOZONE INC,2010,5318405000.0,268933000.0,1275615000.0,,,0.05056647622736516
866787,AUTOZONE INC,2011,42317000.0,268933000.0,1200700000.0,,,6.355200037809864
866787,AUTOZONE INC,2012,5531955000.0,738311000.0,2792610000.0,,,0.13346294393211802
866787,AUTOZONE INC,2013,6892089000.0,371199000.0,3095414000.0,,,0.053858706699811916
866787,AUTOZONE INC,2014,6265639000.0,930373000.0,3224229000.0,,,0.14848812706892306
866787,AUTOZONE INC,2015,7883720000.0,238310000.0,2260264000.0,,,0.03022811566113459
866787,AUTOZONE INC,2016,247904000.0,1069744000.0,2143651000.0,,,4.315154253259326
866787,AUTOZONE INC,2017,295410000.0,278125000.0,5100702000.0,,,0.9414881012829627
866787,AUTOZONE INC,2018,9259781000.0,1280869000.0,10261112000.0,,,0.13832605760330616
866787,AUTOZONE INC,2019,295410000.0,366721000.0,10888676000.0,,,1.2413967028875124
866787,AUTOZONE INC,2020,120445000.0,1732972000.0,11645235000.0,,,14.388077545767779
867840,"PRECISION OPTICS CORPORATION, INC.",2015,2041882.0,-1178793.0,3912060.0,,,-0.5773071117723747
867963,UNITED AMERICAN HEALTHCARE CORP,2012,20537000.0,-7126000.0,,,,-0.3469834932073818
867963,UNITED AMERICAN HEALTHCARE CORP,2013,10124000.0,537000.0,,,,0.053042275780323986
868368,ROCHESTER MEDICAL CORPORATION,2011,91139464.0,-253535.0,52918875.0,,,-0.002781835539432183
868368,ROCHESTER MEDICAL CORPORATION,2012,75930734.0,,8139000.0,,,
868611,SONIC CORP,2011,679742000.0,19225000.0,550926000.0,,,0.028282789646660058
868611,SONIC CORP,2012,356600000.0,5499000.0,152098000.0,,,0.015420639371845206
868611,SONIC CORP,2013,322300000.0,1677000.0,542585000.0,,,0.0052032268073223704
868611,SONIC CORP,2014,319900000.0,12198000.0,152187000.0,,,0.038130665833072834
868611,SONIC CORP,2015,318200000.0,26296000.0,152187000.0,,,0.08263984915147705
868611,SONIC CORP,2016,308500000.0,12458000.0,552349000.0,,,0.04038249594813614
868611,SONIC CORP,2017,648661000.0,13118000.0,145803000.0,,,0.020223198249933325
868611,SONIC CORP,2018,531134000.0,19607000.0,129551000.0,,,0.03691535469391905
868725,RENTECH INC /CO/,2011,200515000.0,-21000.0,186687000.0,,,-0.00010473031942747425
868857,AECOM,2015,3382400000.0,300000.0,,147988.0,10000.0,8.869441816461684e-05
868857,AECOM,2015,3382400000.0,300000.0,,147988.0,10000.0,8.869441816461684e-05
868857,AECOM,2016,1256400000.0,-521700000.0,,147988.0,,-0.4152340019102197
868857,AECOM,2016,1256400000.0,-521700000.0,,147988.0,,-0.4152340019102197
868857,AECOM,2017,14014300000.0,-154800000.0,,147988.0,160000.0,-0.011045860299836596
868857,AECOM,2017,14014300000.0,-154800000.0,,147988.0,160000.0,-0.011045860299836596
868857,AECOM,2018,179100000.0,96109000.0,,147988.0,510000.0,0.5366219988833054
868857,AECOM,2018,179100000.0,96109000.0,,147988.0,510000.0,0.5366219988833054
868857,AECOM,2019,14461600000.0,217200000.0,4463300000.0,147988.0,590000.0,0.015019085025170105
868857,AECOM,2019,14461600000.0,217200000.0,4463300000.0,147988.0,590000.0,0.015019085025170105
868857,AECOM,2020,197800000.0,83700000.0,13878316000.0,147988.0,240000.0,0.423154701718908
868857,AECOM,2020,197800000.0,83700000.0,13878316000.0,147988.0,240000.0,0.423154701718908
868857,AECOM TECHNOLOGY CORP,2010,3789881000.0,236887000.0,,147988.0,70000.0,0.06250512878900419
868857,AECOM TECHNOLOGY CORP,2010,3789881000.0,236887000.0,,147988.0,70000.0,0.06250512878900419
868857,AECOM TECHNOLOGY CORP,2011,533300000.0,64800000.0,,147988.0,50000.0,0.12150759422463904
868857,AECOM TECHNOLOGY CORP,2011,533300000.0,64800000.0,,147988.0,50000.0,0.12150759422463904
868857,AECOM TECHNOLOGY CORP,2012,5577200000.0,69400000.0,,147988.0,,0.01244352004590117
868857,AECOM TECHNOLOGY CORP,2012,5577200000.0,69400000.0,,147988.0,,0.01244352004590117
868857,AECOM TECHNOLOGY CORP,2013,5789300000.0,-58567000.0,,147988.0,,-0.010116421674468416
868857,AECOM TECHNOLOGY CORP,2013,5789300000.0,-58567000.0,,147988.0,,-0.010116421674468416
868857,AECOM TECHNOLOGY CORP,2014,598000000.0,64100000.0,,147988.0,15000.0,0.10719063545150502
868857,AECOM TECHNOLOGY CORP,2014,598000000.0,64100000.0,,147988.0,15000.0,0.10719063545150502
869495,DEEP WELL OIL & GAS INC,2011,14624096.0,-50000.0,,,,-0.0034190147548265547
869495,DEEP WELL OIL & GAS INC,2017,23691595.0,,50570.0,,,
869495,DEEP WELL OIL & GAS INC,2018,22827332.0,,,,,
869531,GOLDEN EAGLE INTERNATIONAL INC,2017,46111.0,-162464.0,,,,-3.5233241525883194
870743,GROEN BROTHERS AVIATION INC /UT/,2012,357000.0,-23308000.0,4000.0,,,-65.28851540616246
871344,MOLLER INTERNATIONAL INC,2012,11218.0,-2262961.0,,,,-201.72588696737387
871344,MOLLER INTERNATIONAL INC,2013,13899.0,-1731785.0,,,,-124.59781279228721
871344,MOLLER INTERNATIONAL INC,2014,108535.0,-1735353.0,,,,-15.98887916340351
871344,MOLLER INTERNATIONAL INC,2015,23498.0,-1735353.0,,,,-73.85109371010299
874292,ADDVANTAGE TECHNOLOGIES GROUP INC,2011,52260253.0,2536307.0,42243592.0,,,0.0485322373008795
874292,ADDVANTAGE TECHNOLOGIES GROUP INC,2012,52887871.0,467577.0,10219221.0,,,0.008840911747043097
874292,ADDVANTAGE TECHNOLOGIES GROUP INC,2013,42032926.0,2536307.0,8498773.0,,,0.06034095746748632
874292,ADDVANTAGE TECHNOLOGIES GROUP INC,2014,6383232.0,1669716.0,29677178.0,,,0.2615784605666847
874292,ADDVANTAGE TECHNOLOGIES GROUP INC,2015,53405681.0,-6857.0,7641644.0,,,-0.0001283945803443645
874292,ADDVANTAGE TECHNOLOGIES GROUP INC,2016,15122911.0,1497900.0,12131986.0,,,0.09904839088188776
874292,ADDVANTAGE TECHNOLOGIES GROUP INC,2017,8097913.0,1497900.0,10837158.0,,,0.1849735851694134
874292,ADDVANTAGE TECHNOLOGIES GROUP INC,2019,8692986.0,,,,,
874292,ADDVANTAGE TECHNOLOGIES GROUP INC,2020,32683000.0,-17333000.0,,,,-0.5303368723801365
875582,NORTHERN TECHNOLOGIES INTERNATIONAL CORP,2012,40039742.0,3448196.0,19526527.0,19209.0,,0.08611933613358448
875582,NORTHERN TECHNOLOGIES INTERNATIONAL CORP,2013,49053949.0,927112.0,4543982.0,19209.0,,0.018899844332614282
875582,NORTHERN TECHNOLOGIES INTERNATIONAL CORP,2014,49053949.0,858586.0,5246350.0,19209.0,,0.01750289258057491
875582,NORTHERN TECHNOLOGIES INTERNATIONAL CORP,2015,51565648.0,980217.0,,19209.0,,0.019009108544510097
875582,NORTHERN TECHNOLOGIES INTERNATIONAL CORP,2016,51565648.0,-867514.0,2172297.0,19209.0,,-0.016823486829836795
875582,NORTHERN TECHNOLOGIES INTERNATIONAL CORP,2017,51070050.0,3422126.0,27577566.0,19209.0,,0.06700847169720806
875582,NORTHERN TECHNOLOGIES INTERNATIONAL CORP,2018,63549236.0,6701366.0,6779840.0,19209.0,,0.10545155885115598
875582,NORTHERN TECHNOLOGIES INTERNATIONAL CORP,2019,67511087.0,6701366.0,3052741.0,19209.0,,0.0992631921331677
875582,NORTHERN TECHNOLOGIES INTERNATIONAL CORP,2020,31659862.0,-1337709.0,2753930.0,19209.0,,-0.0422525215049895
876523,EZCORP INC,2011,756450000.0,122159000.0,733045000.0,,,0.16148985392292947
876523,EZCORP INC,2012,237615000.0,36365000.0,258352000.0,,,0.15304168507880395
876523,EZCORP INC,2013,756450000.0,143708000.0,150022000.0,,,0.18997686562231475
876523,EZCORP INC,2014,1352190000.0,11506000.0,850517000.0,,,0.008509159215790681
876523,EZCORP INC,2015,593268000.0,-86449000.0,606134000.0,,,-0.14571660699717498
876523,EZCORP INC,2016,1212230000.0,-67717000.0,94905000.0,,,-0.05586151142934922
876523,EZCORP INC,2017,596842000.0,11410000.0,100689000.0,,,0.019117287322272896
876523,EZCORP INC,2018,279599000.0,31858000.0,,,,0.11394175229525141
876523,EZCORP INC,2019,635152000.0,37282000.0,0.0,,,0.05869776053606066
876523,EZCORP INC,2020,35041000.0,-645000.0,250000.0,,,-0.01840700893239348
878522,STEWART ENTERPRISES INC,2011,2157098000.0,23266000.0,512664000.0,,,0.010785787201137825
878522,STEWART ENTERPRISES INC,2012,1908254000.0,38555000.0,216504000.0,,,0.0202043333853879
879407,"ARROWHEAD PHARMACEUTICALS, INC.",2016,128176505.0,-24745554.0,43750.0,,,-0.1930584236167151
879407,"ARROWHEAD PHARMACEUTICALS, INC.",2017,128176505.0,,31250.0,,,
879407,"ARROWHEAD PHARMACEUTICALS, INC.",2018,111609951.0,,1500000.0,,,
879407,"ARROWHEAD PHARMACEUTICALS, INC.",2019,111609951.0,-34380295.0,31300000.0,,,-0.3080396926256154
879407,"ARROWHEAD PHARMACEUTICALS, INC.",2020,349845437.0,-84553226.0,2900000.0,,,-0.24168737693154477
879407,ARROWHEAD RESEARCH CORP,2012,16527818.0,-3128885.0,4138834.0,,,-0.18931022836771316
879407,ARROWHEAD RESEARCH CORP,2013,16527818.0,-165977009.0,290266.0,,,-10.042281987858289
879407,ARROWHEAD RESEARCH CORP,2014,37329631.0,-31143289.0,43750.0,,,-0.834277976120364
879407,ARROWHEAD RESEARCH CORP,2015,132267914.0,-24745554.0,290266.0,,,-0.1870865975855641
879519,SEEN ON SCREEN TV INC.,2013,195474.0,-317682.0,271025.0,,,-1.6251880045428035
879796,ARI NETWORK SERVICES INC /WI,2012,-1549000.0,2443000.0,,,,-1.5771465461588121
879796,ARI NETWORK SERVICES INC /WI,2013,20509000.0,-753000.0,,,,-0.036715588278316835
879796,ARI NETWORK SERVICES INC /WI,2014,33128000.0,-102000.0,,,,-0.003078966433228689
879796,ARI NETWORK SERVICES INC /WI,2015,32348000.0,1071000.0,,,,0.03310869296401632
879796,ARI NETWORK SERVICES INC /WI,2016,49636000.0,,,,,
880059,EDUCATION MANAGEMENT CORPORATION,2014,162390000.0,-9514000.0,2751967000.0,,,-0.05858735143789642
880446,VITESSE SEMICONDUCTOR CORP,2011,60994000.0,-14812000.0,168177000.0,,,-0.24284355838279176
880446,VITESSE SEMICONDUCTOR CORP,2012,60994000.0,4711000.0,36892000.0,,,0.07723710528904483
880446,VITESSE SEMICONDUCTOR CORP,2013,56616000.0,-5765000.0,29737000.0,,,-0.101826338844143
880446,VITESSE SEMICONDUCTOR CORP,2014,104824000.0,-6434000.0,103773000.0,,,-0.06137907349461955
882184,HORTON D R INC /DE/,2010,6444500000.0,-2633600000.0,,,,-0.40865854604701685
882184,HORTON D R INC /DE/,2011,417600000.0,,,,,
882184,HORTON D R INC /DE/,2012,6835100000.0,,,,,
882184,HORTON D R INC /DE/,2013,527000000.0,,,,,
882184,HORTON D R INC /DE/,2014,8381200000.0,,,,,
882184,HORTON D R INC /DE/,2015,-5411900000.0,,,,,
882184,HORTON D R INC /DE/,2016,860100000.0,,,,,
882184,HORTON D R INC /DE/,2017,6300000000.0,,,,,
882184,HORTON D R INC /DE/,2018,893100000.0,289000000.0,651700000.0,,,0.32359198298062924
882184,HORTON D R INC /DE/,2019,198900000.0,886000000.0,349500000.0,,,4.454499748617396
882184,HORTON D R INC /DE/,2020,1726200000.0,431300000.0,6400400000.0,,,0.24985517321283746
882829,STATER BROS HOLDINGS INC,2011,1322787000.0,24584000.0,3606839000.0,,,0.01858500272530649
882829,STATER BROS HOLDINGS INC,2012,1232767000.0,24584000.0,937663000.0,,,0.019942130183562667
882829,STATER BROS HOLDINGS INC,2013,1197346000.0,3371000.0,1025044000.0,,,0.0028153933783551287
883241,SYNOPSYS INC,2010,3286541000.0,167681000.0,1336951000.0,140679.0,,0.05102051062195786
883241,SYNOPSYS INC,2011,3286541000.0,237063000.0,1380661000.0,140679.0,20000.0,0.07213145979313813
883241,SYNOPSYS INC,2012,3368844000.0,237063000.0,207071000.0,140679.0,,0.07036924238700278
883241,SYNOPSYS INC,2013,4358935000.0,221364000.0,275174000.0,140679.0,,0.05078396443167884
883241,SYNOPSYS INC,2014,4775499000.0,182402000.0,521812000.0,140679.0,,0.03819538021052878
883241,SYNOPSYS INC,2015,5045739000.0,225934000.0,587159000.0,140679.0,,0.04477718724650641
883241,SYNOPSYS INC,2016,5045739000.0,225934000.0,272911000.0,140679.0,,0.04477718724650641
883241,SYNOPSYS INC,2017,5396414000.0,266826000.0,287381000.0,140679.0,,0.04944505740293462
883241,SYNOPSYS INC,2018,5396414000.0,266826000.0,1205880000.0,140679.0,,0.04944505740293462
883241,SYNOPSYS INC,2019,6145974000.0,136563000.0,3026097000.0,140679.0,,0.022219911766629668
883241,SYNOPSYS INC,2020,8030062000.0,432518000.0,3121058000.0,140679.0,,0.05386234875895105
883902,NCI BUILDING SYSTEMS INC,2011,561154000.0,-9950000.0,870526000.0,,,-0.017731317962627016
883902,NCI BUILDING SYSTEMS INC,2012,60169000.0,0.0,298488000.0,,,0.0
883902,NCI BUILDING SYSTEMS INC,2013,380488000.0,-12192000.0,-232530000.0,,,-0.03204306049073821
883902,NCI BUILDING SYSTEMS INC,2014,381028000.0,-5342000.0,669843000.0,,,-0.014019967036543245
883902,NCI BUILDING SYSTEMS INC,2015,1079729000.0,17818000.0,72567000.0,,,0.016502289000295444
883902,NCI BUILDING SYSTEMS INC,2017,78458000.0,5892000.0,2734000.0,,,0.07509750439725713
883902,NCI BUILDING SYSTEMS INC,2018,195426000.0,-5684000.0,6733000.0,,,-0.029085178021348235
884614,UGI CORP /PA/,2010,6374300000.0,258500000.0,6648200000.0,,,0.04055347253816105
884614,UGI CORP /PA/,2011,113200000.0,99300000.0,-172500000.0,,,0.877208480565371
884614,UGI CORP /PA/,2012,1686500000.0,-7200000.0,1765600000.0,,,-0.0042691965609249925
884614,UGI CORP /PA/,2013,9676900000.0,-6300000.0,824700000.0,,,-0.000651034938875053
884614,UGI CORP /PA/,2014,388400000.0,51400000.0,6521300000.0,,,0.13233779608650875
884614,UGI CORP /PA/,2015,643600000.0,20600000.0,1041800000.0,,,0.032007458048477315
884614,UGI CORP /PA/,2016,4351400000.0,281000000.0,1130800000.0,,,0.0645769177735901
884614,UGI CORP /PA/,2017,2994000000.0,281000000.0,40100000.0,,,0.09385437541750168
884614,UGI CORP /PA/,2018,1038200000.0,30400000.0,0.0,,,0.029281448661144287
884614,UGI CORP /PA/,2019,2975200000.0,155800000.0,1515700000.0,,,0.05236622748050551
884614,UGI CORP /PA/,2020,2775000000.0,78000000.0,1030000000.0,,,0.02810810810810811
885074,AEON GLOBAL HEALTH CORP.,2019,7532512.0,-7138499.0,,,,-0.9476916863856307
885074,AUTHENTIDATE HOLDING CORP,2015,4163000.0,-2111000.0,921000.0,,,-0.5070862358875811
885074,AUTHENTIDATE HOLDING CORP,2017,51673329.0,160500.0,624204.0,,,0.003106051092624592
885307,JEWETT CAMERON TRADING CO LTD,2013,23657857.0,3132019.0,49286147.0,,,0.1323881110617923
885307,JEWETT CAMERON TRADING CO LTD,2014,19691820.0,3132019.0,49286147.0,,,0.15905177886046085
885307,JEWETT CAMERON TRADING CO LTD,2015,19691820.0,1858453.0,42238151.0,,,0.09437690370925593
885307,JEWETT CAMERON TRADING CO LTD,2016,19658419.0,1773971.0,42238151.0,,,0.09023975936213385
885307,JEWETT CAMERON TRADING CO LTD,2017,22181035.0,2125099.0,48110998.0,,,0.09580702613741875
885307,JEWETT CAMERON TRADING CO LTD,2018,23627563.0,2726657.0,47701056.0,,,0.11540153337015756
885307,JEWETT CAMERON TRADING CO LTD,2019,23627563.0,2920639.0,53923152.0,,,0.12361152100197553
885307,JEWETT CAMERON TRADING CO LTD,2020,23277961.0,2784525.0,44945263.0,,,0.11962065749659087
886206,FRANKLIN COVEY CO,2012,87054000.0,7841000.0,125183000.0,25331.0,,0.09007053093482206
886206,FRANKLIN COVEY CO,2013,96958000.0,1900000.0,509000.0,25331.0,,0.01959611378122486
886206,FRANKLIN COVEY CO,2014,189405000.0,-100000.0,16652000.0,25331.0,,-0.0005279691666006705
886206,FRANKLIN COVEY CO,2015,97114000.0,1900000.0,684000.0,25331.0,,0.019564635376979632
886206,FRANKLIN COVEY CO,2016,200645000.0,11116000.0,405000.0,25331.0,,0.0554013307084652
886206,FRANKLIN COVEY CO,2017,210731000.0,-7172000.0,3404000.0,25331.0,,-0.03403391053048673
886206,FRANKLIN COVEY CO,2018,210731000.0,7016000.0,1143000.0,25331.0,,0.03329363026797196
886206,FRANKLIN COVEY CO,2019,224913000.0,109000.0,5254000.0,25331.0,,0.00048463183542080715
886206,FRANKLIN COVEY CO,2020,224913000.0,-5887000.0,2950000.0,25331.0,,-0.0261745652763513
887150,HAMPSHIRE GROUP LTD,2015,6000000.0,-4577000.0,-59573000.0,,,-0.7628333333333334
887733,CENTRAL GARDEN & PET CO,2011,1130884000.0,28323000.0,1523648000.0,,,0.025045009037177997
887733,CENTRAL GARDEN & PET CO,2012,1149547000.0,28323000.0,185700000.0,,,0.024638401039713903
887733,CENTRAL GARDEN & PET CO,2013,1028964000.0,13725000.0,494130000.0,,,0.013338659078451724
887733,CENTRAL GARDEN & PET CO,2014,1042862000.0,20895000.0,374238000.0,,,0.020036208050537848
887733,CENTRAL GARDEN & PET CO,2015,1148727000.0,31971000.0,1653633000.0,,,0.02783167802271558
887733,CENTRAL GARDEN & PET CO,2016,465171000.0,31971000.0,1238339000.0,,,0.0687295639667993
887733,CENTRAL GARDEN & PET CO,2017,324960000.0,44514000.0,413412000.0,,,0.13698301329394388
887733,CENTRAL GARDEN & PET CO,2018,34184000.0,4259000.0,574592000.0,,,0.12459045167329745
887733,CENTRAL GARDEN & PET CO,2019,-2440355000.0,26247000.0,2383010000.0,,,-0.010755402390226012
887733,CENTRAL GARDEN & PET CO,2020,815788000.0,123594000.0,2695509000.0,,,0.15150259626275453
889156,ALLBRITTON COMMUNICATIONS CO,2011,122433000.0,17459000.0,181798000.0,,,0.14260044269110453
889156,ALLBRITTON COMMUNICATIONS CO,2012,122433000.0,25172000.0,196923000.0,,,0.20559816389372146
889156,ALLBRITTON COMMUNICATIONS CO,2013,108762000.0,35862000.0,196923000.0,,,0.3297291333370111
890543,INTERNATIONAL BARRIER TECHNOLOGY INC,2011,4002235.0,895811.0,3256019.0,37895.0,,0.2238276862802909
890908,DYNACQ HEALTHCARE INC,2013,41636327.0,-3305084.0,,,,-0.07937981657219668
890908,DYNACQ HEALTHCARE INC,2015,47760527.0,-3793349.0,,,,-0.07942435392306287
890923,ZOLTEK COMPANIES INC,2011,322296000.0,-4202000.0,151686000.0,25918.0,,-0.013037704470424703
890923,ZOLTEK COMPANIES INC,2012,322296000.0,-5107000.0,30483000.0,25918.0,,-0.01584568222999975
890923,ZOLTEK COMPANIES INC,2013,358688000.0,9703000.0,2418000.0,25918.0,,0.027051364974574003
891417,PEN INC.,2019,2181275.0,-687068.0,,,,-0.31498458470390023
892025,MARTEK BIOSCIENCES CORP,2010,798752000.0,,345197000.0,29278.0,120000.0,
892822,HEMAGEN DIAGNOSTICS INC,2011,2888302.0,-156314.0,5220170.0,,,-0.054119686930244826
892822,HEMAGEN DIAGNOSTICS INC,2012,2888302.0,-907315.0,5141226.0,,,-0.31413439453353564
895329,TUFCO TECHNOLOGIES INC,2011,55075113.0,-446714.0,109906454.0,,,-0.008110995614298603
895329,TUFCO TECHNOLOGIES INC,2012,12359430.0,-446714.0,25413661.0,,,-0.036143576200520576
895329,TUFCO TECHNOLOGIES INC,2013,31823287.0,-52580.0,76305448.0,,,-0.0016522491846929577
895516,"SPECTRUM GROUP INTERNATIONAL, INC.",2013,394211000.0,3369000.0,7962949000.0,,,0.008546184657455018
895650,TRUEWEST CORP,2011,10695.0,-13557.0,0.0,,,-1.267601683029453
895650,TRUEWEST CORP,2012,3376.0,-15947.0,0.0,,,-4.723637440758294
896400,"MULTIMEDIA GAMES HOLDING COMPANY, INC.",2011,186094000.0,5677000.0,127855000.0,62107.0,,0.030506088320956075
896400,"MULTIMEDIA GAMES HOLDING COMPANY, INC.",2012,181879000.0,1180000.0,156176000.0,62107.0,,0.006487829820924901
896400,"MULTIMEDIA GAMES HOLDING COMPANY, INC.",2013,225975000.0,9343000.0,44302000.0,62107.0,,0.04134528155769444
896400,"MULTIMEDIA GAMES HOLDING COMPANY, INC.",2014,315012000.0,8449000.0,50523000.0,62107.0,,0.026821200462204615
896429,USA TECHNOLOGIES INC,2019,-31359000.0,1981000.0,18679000.0,37895.0,,-0.06317165725947894
896985,DESTINATION MATERNITY CORP,2012,199644000.0,16829000.0,128487000.0,,,0.08429504518042115
896985,DESTINATION MATERNITY CORP,2013,199644000.0,8591000.0,135264000.0,,,0.04303159624130953
896985,DESTINATION MATERNITY CORP,2014,230533000.0,-2485000.0,514779000.0,,,-0.010779367812851088
897723,SANMINA CORP,2012,3167786000.0,122435000.0,1667095000.0,28139.0,,0.03865002244469797
897723,SANMINA CORP,2013,3167786000.0,79351000.0,1074529000.0,28139.0,,0.025049356238079214
897723,SANMINA CORP,2014,3313089000.0,180234000.0,5917124000.0,28139.0,,0.054400591109988294
897723,SANMINA CORP,2015,3313089000.0,377261000.0,1915261000.0,28139.0,,0.1138698658563051
897723,SANMINA CORP,2016,3625222000.0,187838000.0,1041892000.0,28139.0,,0.05181420613689313
897723,SANMINA CORP,2017,3625222000.0,187838000.0,5157427000.0,28139.0,,0.05181420613689313
897723,SANMINA CORP,2018,4085133000.0,138833000.0,1421693000.0,28139.0,,0.03398494002520848
897723,SANMINA CORP,2019,4085133000.0,138833000.0,2684609000.0,28139.0,,0.03398494002520848
897723,SANMINA CORP,2020,3772656000.0,-95533000.0,8233859000.0,28139.0,,-0.025322478381278334
897723,SANMINA-SCI CORP,2011,3301796000.0,122435000.0,6602411000.0,28139.0,,0.03708133391645032
898293,JABIL CIRCUIT INC,2011,2417256000.0,381063000.0,3343669000.0,28195.0,,0.15764279828036418
898293,JABIL CIRCUIT INC,2012,1194774000.0,168840000.0,3438436000.0,28195.0,,0.14131542869195346
898293,JABIL CIRCUIT INC,2013,2671876000.0,394687000.0,2466079000.0,28195.0,,0.14771905582444694
898293,JABIL CIRCUIT INC,2014,1118347000.0,394687000.0,16140705000.0,28195.0,,0.35291997921932994
898293,JABIL CIRCUIT INC,2015,8479746000.0,241313000.0,3263400000.0,28195.0,,0.028457574082997296
898293,JABIL CIRCUIT INC,2016,18900000.0,284019000.0,2044859000.0,28195.0,,15.027460317460317
898293,JABIL INC,2017,5290468000.0,254095000.0,7121386000.0,28195.0,,0.04802883223185548
898293,JABIL INC,2018,2778820000.0,129090000.0,11029132000.0,28195.0,,0.046454970095220274
898293,JABIL INC,2019,4353465000.0,86330000.0,5585837000.0,28195.0,,0.01983018124643244
898293,JABIL INC,2020,4353465000.0,53912000.0,16612022000.0,28195.0,,0.012383698961631712
900075,COPART INC,2012,1084436000.0,182119000.0,236755000.0,37895.0,,0.1679389101800383
900075,COPART INC,2018,1649820000.0,270360000.0,1447981000.0,37895.0,,0.16387242244608502
900393,TURBOSONIC TECHNOLOGIES INC,2012,7982899.0,-1594144.0,13739297.0,,,-0.19969487275236728
904979,SHILOH INDUSTRIES INC,2011,240674000.0,0.0,517743000.0,,,0.0
904979,SHILOH INDUSTRIES INC,2012,249102000.0,7845000.0,49631000.0,,,0.03149312329888961
904979,SHILOH INDUSTRIES INC,2013,391953000.0,7249000.0,48552000.0,,,0.018494564399302978
904979,SHILOH INDUSTRIES INC,2018,709675000.0,-1982000.0,273031000.0,,,-0.0027928277028217144
904979,SHILOH INDUSTRIES INC,2019,709675000.0,-2709000.0,266679000.0,,,-0.0038172402860464296
906193,KEY TECHNOLOGY INC,2012,86355000.0,3638000.0,34620000.0,,,0.042128423368652655
906193,KEY TECHNOLOGY INC,2013,114624000.0,0.0,22650000.0,,,0.0
906193,KEY TECHNOLOGY INC,2014,114624000.0,4011000.0,26718000.0,,,0.03499267169179229
906193,KEY TECHNOLOGY INC,2015,98345000.0,0.0,50729000.0,,,0.0
906193,KEY TECHNOLOGY INC,2016,97546000.0,,52339000.0,,,
906193,KEY TECHNOLOGY INC,2017,107838000.0,-216000.0,27363000.0,,,-0.00200300450676014
907471,META FINANCIAL GROUP INC,2011,1275481000.0,0.0,,,,0.0
907471,META FINANCIAL GROUP INC,2012,1909000.0,0.0,,,,0.0
907471,META FINANCIAL GROUP INC,2013,1201531000.0,4640000.0,,,,0.003861739730393972
907471,META FINANCIAL GROUP INC,2014,1650998000.0,13418000.0,,,,0.008127205484198043
907471,META FINANCIAL GROUP INC,2015,1579856000.0,4002000.0,,,,0.0025331422610668313
907471,META FINANCIAL GROUP INC,2016,44139000.0,6006000.0,,,,0.1360701420512472
907471,META FINANCIAL GROUP INC,2017,535996000.0,18055000.0,,,,0.033684952872782635
907471,META FINANCIAL GROUP INC,2018,535996000.0,31436000.0,,,,0.05864969141560758
907471,META FINANCIAL GROUP INC,2019,4337221000.0,9787000.0,,,,0.0022565140213053475
907471,META FINANCIAL GROUP INC,2020,6092074000.0,29291000.0,,,,0.004808050591637593
909832,COSTCO WHOLESALE CORP /NEW,2010,16345000000.0,1283000000.0,17780000000.0,37895.0,,0.07849495258488834
909832,COSTCO WHOLESALE CORP /NEW,2011,3741000000.0,1086000000.0,14020000000.0,37895.0,,0.29029671210906177
909832,COSTCO WHOLESALE CORP /NEW,2012,2421000000.0,324000000.0,19239000000.0,37895.0,,0.13382899628252787
909832,COSTCO WHOLESALE CORP /NEW,2013,18401000000.0,609000000.0,88915000000.0,37895.0,,0.03309602738981577
909832,COSTCO WHOLESALE CORP /NEW,2014,5146000000.0,473000000.0,32487000000.0,37895.0,,0.09191605130198212
909832,COSTCO WHOLESALE CORP /NEW,2015,21929000000.0,767000000.0,12484000000.0,37895.0,,0.0349765151169684
909832,COSTCO WHOLESALE CORP /NEW,2016,7172000000.0,779000000.0,14507000000.0,37895.0,,0.10861684327941996
909832,COSTCO WHOLESALE CORP /NEW,2017,36347000000.0,2679000000.0,28099000000.0,37895.0,,0.07370622059592263
909832,COSTCO WHOLESALE CORP /NEW,2018,33163000000.0,701000000.0,630000000.0,37895.0,,0.02113801525796822
909832,COSTCO WHOLESALE CORP /NEW,2019,24068000000.0,640000000.0,138434000000.0,37895.0,,0.02659132458035566
909832,COSTCO WHOLESALE CORP /NEW,2020,45400000000.0,1389000000.0,59672000000.0,37895.0,,0.030594713656387666
909954,GREEN MOUNTAIN COFFEE ROASTERS INC,2010,813405000.0,54439000.0,492517000.0,,,0.06692729943877895
909954,GREEN MOUNTAIN COFFEE ROASTERS INC,2011,476613000.0,65372000.0,345152000.0,,,0.13715949837709002
909954,GREEN MOUNTAIN COFFEE ROASTERS INC,2012,1507852000.0,,717210000.0,,,
909954,GREEN MOUNTAIN COFFEE ROASTERS INC,2013,3615789000.0,,2708886000.0,,,
909954,"KEURIG GREEN MOUNTAIN, INC.",2014,3761548000.0,,633092000.0,,,
909954,"KEURIG GREEN MOUNTAIN, INC.",2015,4001577000.0,,827570000.0,,,
912603,SCHNITZER STEEL INDUSTRIES INC,2011,322601000.0,-8569000.0,639091000.0,29217.0,,-0.026562223923670417
912603,SCHNITZER STEEL INDUSTRIES INC,2011,322601000.0,-8569000.0,639091000.0,29217.0,,-0.026562223923670417
912603,SCHNITZER STEEL INDUSTRIES INC,2012,2348021000.0,66750000.0,886612000.0,29217.0,,0.028428195488881914
912603,SCHNITZER STEEL INDUSTRIES INC,2012,2348021000.0,66750000.0,886612000.0,29217.0,,0.028428195488881914
912603,SCHNITZER STEEL INDUSTRIES INC,2013,-600949000.0,118355000.0,592820000.0,29217.0,,-0.1969468290986423
912603,SCHNITZER STEEL INDUSTRIES INC,2013,-600949000.0,118355000.0,592820000.0,29217.0,,-0.1969468290986423
912603,SCHNITZER STEEL INDUSTRIES INC,2014,1405512000.0,-6228000.0,710295000.0,29217.0,,-0.004431125454638594
912603,SCHNITZER STEEL INDUSTRIES INC,2014,1405512000.0,-6228000.0,710295000.0,29217.0,,-0.004431125454638594
912603,SCHNITZER STEEL INDUSTRIES INC,2015,1492906000.0,1789000.0,1540362000.0,29217.0,,0.0011983339875383983
912603,SCHNITZER STEEL INDUSTRIES INC,2015,1492906000.0,1789000.0,1540362000.0,29217.0,,0.0011983339875383983
912603,SCHNITZER STEEL INDUSTRIES INC,2016,373130000.0,-19409000.0,375037000.0,29217.0,,-0.05201672339399137
912603,SCHNITZER STEEL INDUSTRIES INC,2016,373130000.0,-19409000.0,375037000.0,29217.0,,-0.05201672339399137
912603,SCHNITZER STEEL INDUSTRIES INC,2017,696031000.0,44511000.0,-15647000.0,29217.0,,0.06394973787087069
912603,SCHNITZER STEEL INDUSTRIES INC,2017,696031000.0,44511000.0,-15647000.0,29217.0,,0.06394973787087069
912603,SCHNITZER STEEL INDUSTRIES INC,2018,-1061271000.0,18235000.0,,29217.0,,-0.017182227725057973
912603,SCHNITZER STEEL INDUSTRIES INC,2018,-1061271000.0,18235000.0,,29217.0,,-0.017182227725057973
912603,"SCHNITZER STEEL INDUSTRIES, INC.",2019,1485626000.0,16188000.0,1908966000.0,29217.0,,0.010896416729378727
912603,"SCHNITZER STEEL INDUSTRIES, INC.",2019,1485626000.0,16188000.0,1908966000.0,29217.0,,0.010896416729378727
912603,"SCHNITZER STEEL INDUSTRIES, INC.",2020,-1170451000.0,-4995000.0,564020000.0,29217.0,,0.004267585742589822
912603,"SCHNITZER STEEL INDUSTRIES, INC.",2020,-1170451000.0,-4995000.0,564020000.0,29217.0,,0.004267585742589822
913760,INTL FCSTONE INC.,2011,2021700000.0,37300000.0,43603700000.0,176521.0,,0.018449819458871246
913760,INTL FCSTONE INC.,2012,2635700000.0,5400000.0,13555300000.0,176521.0,,0.002048791592366354
913760,INTL FCSTONE INC.,2014,116800000.0,19300000.0,5500000.0,176521.0,240000.0,0.16523972602739725
913760,INTL FCSTONE INC.,2015,1548100000.0,,123400000.0,176521.0,240000.0,
913760,INTL FCSTONE INC.,2016,1136200000.0,,14822400000.0,176521.0,,
913760,INTL FCSTONE INC.,2017,5950300000.0,,2777600000.0,176521.0,,
913760,INTL FCSTONE INC.,2018,2130700000.0,,-6100000.0,176521.0,,
913760,INTL FCSTONE INC.,2019,1650300000.0,,4600000.0,176521.0,,
913760,STONEX GROUP INC.,2020,12400000.0,23400000.0,59500000.0,176521.0,,1.8870967741935485
914024,SHAW GROUP INC,2011,5487034000.0,12817000.0,7276292000.0,29353.0,,0.0023358703445249293
914024,SHAW GROUP INC,2012,6230000000.0,-90257000.0,573300000.0,29353.0,,-0.014487479935794542
914712,MODUSLINK GLOBAL SOLUTIONS INC,2013,65790000.0,-20241000.0,173553000.0,,,-0.3076607387140903
914712,MODUSLINK GLOBAL SOLUTIONS INC,2014,343696000.0,-8485000.0,191415000.0,,,-0.024687514547739865
914712,MODUSLINK GLOBAL SOLUTIONS INC,2015,5200000.0,-1556000.0,49664000.0,,,-0.29923076923076924
914712,MODUSLINK GLOBAL SOLUTIONS INC,2016,5200000.0,-12849000.0,38232000.0,,,-2.4709615384615384
914712,MODUSLINK GLOBAL SOLUTIONS INC,2017,3500000.0,-13948000.0,163262000.0,,,-3.9851428571428573
914712,"STEEL CONNECT, INC.",2018,281298000.0,-2906000.0,167861000.0,,,-0.010330681341495496
914712,"STEEL CONNECT, INC.",2019,120123000.0,-66727000.0,332928000.0,,,-0.5554889571522523
915324,TELULAR CORP,2011,81551000.0,,50498000.0,,,
915324,TELULAR CORP,2012,113185000.0,,12492000.0,,,
915840,BEAZER HOMES USA INC,2011,1902902000.0,-204859000.0,,,,-0.10765609579473877
915840,BEAZER HOMES USA INC,2012,12315000.0,-34049000.0,,,,-2.7648396264717823
915840,BEAZER HOMES USA INC,2013,882141000.0,547000.0,,,,0.0006200822770962919
915840,BEAZER HOMES USA INC,2014,433032000.0,-130339000.0,,,,-0.30099161262908974
915840,BEAZER HOMES USA INC,2015,317295000.0,344094000.0,,,,1.0844608329787737
915840,BEAZER HOMES USA INC,2016,1814897000.0,4693000.0,,,,0.0025858216747286487
915840,BEAZER HOMES USA INC,2017,333501000.0,31813000.0,,,,0.09539101831778615
915840,BEAZER HOMES USA INC,2018,542713000.0,4693000.0,,,,0.008647296084670903
915840,BEAZER HOMES USA INC,2019,1807290000.0,40617000.0,0.0,,,0.022473980379463174
915840,BEAZER HOMES USA INC,2020,2007480000.0,52226000.0,2077360000.0,,,0.026015701277223184
915862,PANTRY INC,2011,1934345000.0,-165615000.0,7265262000.0,,,-0.08561812913415136
915862,PANTRY INC,2012,50816000.0,-2547000.0,1895710000.0,,,-0.05012200881612091
915862,PANTRY INC,2013,1799540000.0,-6865000.0,1892217000.0,,,-0.00381486379852629
915862,PANTRY INC,2014,1715226000.0,-10308000.0,1892217000.0,,,-0.0060097036775328735
918997,AQUENTIUM INC,2012,3826.0,-3547159.0,17160.0,,,-927.1194458964976
918997,AQUENTIUM INC,2014,3826.0,,,,,
919130,ONSTREAM MEDIA CORP,2016,4934937.0,,173000.0,,,
919175,"SUGARMADE, INC.",2014,353974.0,-4321407.0,141750.0,,,-12.208261058721828
919175,"SUGARMADE, INC.",2016,793277.0,-2458170.0,4348256.0,,,-3.0987536509945453
919175,"SUGARMADE, INC.",2018,2187963.0,,4439324.0,,,
919175,"SUGARMADE, INC.",2019,2187963.0,,4439324.0,,,
919175,"SUGARMADE, INC.",2020,3507062.0,,4367644.0,,,
919465,BERRY PLASTICS CORP,2011,5630000000.0,-229000000.0,3187000000.0,,,-0.040674955595026645
921560,ALADDIN INTERNATIONAL INC /MN/,2016,123733.0,-295123.0,,,,-2.385159981573226
921560,ALADDIN INTERNATIONAL INC /MN/,2017,123733.0,-295123.0,,,,-2.385159981573226
921560,"MOREGAIN PICTURES, INC.",2018,21380.0,,,,,
922011,LUSTROS INC.,2014,10531237.0,-11287845.0,54902.0,,,-1.071844171772034
922330,REGI U S INC,2017,91084.0,-324212.0,,,,-3.5594835536427913
922358,FERRELLGAS PARTNERS L P,2012,1397279000.0,20807000.0,341775000.0,,,0.014891084743991716
922358,FERRELLGAS PARTNERS L P,2019,1000.0,-1843000.0,358033000.0,,,-1843.0
922358,FERRELLGAS PARTNERS L P,2020,2600.0,43344000.0,352309000.0,,,16670.76923076923
922475,ITT EDUCATIONAL SERVICES INC,2014,672230000.0,-10074000.0,260459000.0,,,-0.014985942311411272
923120,GREENBRIER COMPANIES INC,2012,402976000.0,14517000.0,498336000.0,30463.0,90000.0,0.03602447788453903
923120,GREENBRIER COMPANIES INC,2013,73000000.0,-56030000.0,211643000.0,30463.0,90000.0,-0.7675342465753424
923120,GREENBRIER COMPANIES INC,2014,374834000.0,20716000.0,17921000.0,30463.0,400000.0,0.055267131583581
923120,GREENBRIER COMPANIES INC,2015,210631000.0,118853000.0,-97391000.0,30463.0,40000.0,0.5642711661626256
923120,GREENBRIER COMPANIES INC,2016,275599000.0,35352000.0,23414000.0,30463.0,,0.12827332464921862
923120,GREENBRIER COMPANIES INC,2017,239871000.0,-12640000.0,354831000.0,30463.0,,-0.05269499022391202
923120,GREENBRIER COMPANIES INC,2018,1835774000.0,24962000.0,87833000.0,30463.0,,0.01359753433701534
923120,GREENBRIER COMPANIES INC,2019,2110864000.0,26253000.0,879000.0,30463.0,,0.012437087372753527
923120,GREENBRIER COMPANIES INC,2020,861232000.0,35107000.0,41494000.0,30463.0,,0.040763696657811134
924383,GENASYS INC.,2020,5015000.0,,,22373.0,,
924383,LRAD CORP,2011,24500718.0,5022902.0,26506821.0,22373.0,,0.20501040010337657
924383,LRAD CORP,2012,24500718.0,5022902.0,163045.0,22373.0,70000.0,0.20501040010337657
924383,LRAD CORP,2013,24405047.0,1462020.0,14792338.0,22373.0,,0.05990646115125285
924383,LRAD CORP,2014,33778820.0,1262812.0,17087930.0,22373.0,,0.037384728063324886
924383,LRAD CORP,2015,33778820.0,,16784220.0,22373.0,,
924383,LRAD CORP,2016,39671663.0,-1281599.0,7742901.0,22373.0,,-0.03230514939593029
924383,LRAD CORP,2017,36813533.0,-1281599.0,7742901.0,22373.0,,-0.03481325739640365
924383,LRAD CORP,2018,,-3745042.0,,22373.0,,
924383,LRAD CORP,2019,42470356.0,,,22373.0,,
924717,SURMODICS INC,2012,103075000.0,10231000.0,13150000.0,66588.0,,0.09925782197429056
924717,SURMODICS INC,2013,1244000.0,10231000.0,13695000.0,66588.0,,8.22427652733119
924717,SURMODICS INC,2014,101923000.0,3598000.0,14289000.0,66588.0,,0.035301158717855635
924717,SURMODICS INC,2015,104889000.0,11947000.0,45944000.0,66588.0,,0.11390136239262458
924717,SURMODICS INC,2016,98710000.0,821000.0,14205000.0,66588.0,,0.008317293080741566
924717,SURMODICS INC,2017,136593000.0,2653000.0,18154000.0,66588.0,,0.019422664411792696
924717,SURMODICS INC,2018,136593000.0,-400000.0,17761000.0,66588.0,,-0.0029284077514953183
924717,SURMODICS INC,2019,164135000.0,-4457000.0,22241000.0,66588.0,,-0.02715447649800469
924717,SURMODICS INC,2020,159865000.0,3554000.0,48458000.0,66588.0,,0.02223125762361993
928465,AMCON DISTRIBUTING CO,2011,107435633.0,8064036.0,1041631892.0,100243.0,,0.0750592310467422
928465,AMCON DISTRIBUTING CO,2012,105809866.0,7367562.0,68748154.0,100243.0,,0.06963019875670196
928465,AMCON DISTRIBUTING CO,2013,105809866.0,7367562.0,878878316.0,100243.0,,0.06963019875670196
928465,AMCON DISTRIBUTING CO,2014,95261175.0,4959528.0,878878316.0,100243.0,,0.05206242732151897
928465,AMCON DISTRIBUTING CO,2015,13182458.0,6361278.0,919708097.0,100243.0,,0.48255628806099743
928465,AMCON DISTRIBUTING CO,2016,112263390.0,6361278.0,1250530507.0,100243.0,,0.056663868782155964
928465,AMCON DISTRIBUTING CO,2017,108330.0,2949576.0,27416987.0,100243.0,,27.22769315978953
928465,AMCON DISTRIBUTING CO,2018,14399224.0,2949576.0,80129898.0,100243.0,,0.20484270541245833
928465,AMCON DISTRIBUTING CO,2019,14639962.0,3202943.0,172904744.0,100243.0,,0.21878082743657395
928465,AMCON DISTRIBUTING CO,2020,14028232.0,3202943.0,,100243.0,,0.22832121681477752
929887,APOLLO EDUCATION GROUP INC,2014,2997947000.0,13527000.0,53221000.0,,,0.00451208777206535
929887,APOLLO EDUCATION GROUP INC,2015,1847507000.0,48064000.0,338008000.0,,,0.026015598317083506
929887,APOLLO EDUCATION GROUP INC,2016,648755000.0,33785000.0,2632949000.0,,,0.05207666992932617
929887,APOLLO GROUP INC,2011,1780031000.0,40971000.0,22486000.0,,,0.023017014872212898
929887,APOLLO GROUP INC,2012,1016005000.0,-64038000.0,198408000.0,,,-0.06302921737589874
929887,APOLLO GROUP INC,2013,435009000.0,149314000.0,4711049000.0,,,0.3432434731235446
929940,ASPEN TECHNOLOGY INC /DE/,2020,1223306000.0,59217000.0,,30870.0,,0.04840734861105889
930803,HAUPPAUGE DIGITAL INC,2012,24672079.0,-5849072.0,1429444.0,,,-0.23707252234398243
930803,HAUPPAUGE DIGITAL INC,2013,24672079.0,-4048938.0,1478686.0,,,-0.16411012626864563
931059,"RENNOVA HEALTH, INC.",2019,2707416.0,,14417676.0,,,
932021,GLOBAL TECHNOLOGIES LTD,2020,0.0,,548350.0,163935.0,,
932628,AMERIGAS PARTNERS LP,2010,1696219000.0,158019000.0,2260095000.0,,,0.09315955074197377
932628,AMERIGAS PARTNERS LP,2011,1185204000.0,74868000.0,700220000.0,,,0.06316887219415392
932628,AMERIGAS PARTNERS LP,2012,1795735000.0,11025000.0,2320342000.0,,,0.0061395473162799636
932628,AMERIGAS PARTNERS LP,2013,4517331000.0,133885000.0,1155574000.0,,,0.02963807611175714
932628,AMERIGAS PARTNERS LP,2014,4437671000.0,11025000.0,531970000.0,,,0.0024844113049390095
932628,AMERIGAS PARTNERS LP,2015,4364058000.0,221222000.0,477977000.0,,,0.05069181023716917
932628,AMERIGAS PARTNERS LP,2016,4120152000.0,-33069000.0,888792000.0,,,-0.008026160199914955
932628,AMERIGAS PARTNERS LP,2017,3329574000.0,206984000.0,467496000.0,,,0.062165310036659344
932628,AMERIGAS PARTNERS LP,2018,4059261000.0,91954000.0,863660000.0,,,0.022652891745566495
932699,AMERICAN POWER GROUP CORP,2012,9089699.0,,1767644.0,,,
932699,AMERICAN POWER GROUP CORP,2013,10396533.0,,436937.0,,,
932699,AMERICAN POWER GROUP CORP,2014,8521147.0,,4356430.0,,,
933974,BROOKS AUTOMATION INC,2011,235322000.0,128352000.0,115734000.0,,,0.5454313663830836
933974,BROOKS AUTOMATION INC,2012,741960000.0,2341000.0,380888000.0,,,0.003155156612216292
933974,BROOKS AUTOMATION INC,2013,101331000.0,-3200000.0,451287000.0,,,-0.03157967453197935
933974,BROOKS AUTOMATION INC,2014,58678000.0,136789000.0,290523000.0,,,2.3311803401615596
933974,BROOKS AUTOMATION INC,2015,57058000.0,31361000.0,121765000.0,,,0.5496337060534894
933974,BROOKS AUTOMATION INC,2016,311622000.0,31361000.0,482848000.0,,,0.10063795239103786
933974,BROOKS AUTOMATION INC,2017,306666000.0,14221000.0,208300000.0,,,0.04637292689766717
933974,BROOKS AUTOMATION INC,2018,1095257000.0,62612000.0,31342000.0,,,0.05716649151751598
933974,"BROOKS AUTOMATION, INC.",2019,259641000.0,116575000.0,631560000.0,,,0.4489853297437616
933974,"BROOKS AUTOMATION, INC.",2020,1168795000.0,437416000.0,88896000.0,,,0.37424526970084576
934538,TECHE HOLDING CO,2011,793203000.0,7136000.0,,,,0.008996435969102486
934538,TECHE HOLDING CO,2012,79987000.0,0.0,,,,0.0
934538,TECHE HOLDING CO,2013,856664000.0,0.0,,,,0.0
935419,"RCI HOSPITALITY HOLDINGS, INC.",2014,223100000.0,4423000.0,23866000.0,,,0.01982519049753474
935419,"RCI HOSPITALITY HOLDINGS, INC.",2015,29271000.0,4423000.0,29423000.0,,,0.15110518943664378
935419,"RCI HOSPITALITY HOLDINGS, INC.",2016,9721000.0,4423000.0,34204000.0,,,0.45499434214586976
935419,"RCI HOSPITALITY HOLDINGS, INC.",2018,22455000.0,2552000.0,34396000.0,,,0.11364952126475172
935419,"RCI HOSPITALITY HOLDINGS, INC.",2020,44144000.0,6344000.0,10091000.0,,,0.14371148967017036
935419,RICKS CABARET INTERNATIONAL INC,2011,148371000.0,5208000.0,74063000.0,,,0.0351011990213721
935419,RICKS CABARET INTERNATIONAL INC,2012,153377000.0,7578000.0,83491000.0,,,0.04940766868565691
935419,RICKS CABARET INTERNATIONAL INC,2013,192393000.0,1604000.0,21451000.0,,,0.008337101661702869
936395,CIENA CORP,2010,1504383000.0,38894000.0,652629000.0,64356.0,,0.025853788563151802
936395,CIENA CORP,2011,2118093000.0,-195521000.0,1236636000.0,64356.0,,-0.09230992217999871
936395,CIENA CORP,2012,1951418000.0,-333514000.0,1236636000.0,64356.0,,-0.17090853932883676
936395,CIENA CORP,2013,1881143000.0,-144021000.0,400076000.0,64356.0,,-0.07656036781892711
936395,CIENA CORP,2014,2072632000.0,-40637000.0,128982000.0,64356.0,,-0.01960647138517595
936395,CIENA CORP,2015,2695051000.0,-85431000.0,229223000.0,64356.0,,-0.031699214597423205
936395,CIENA CORP,2016,2882442000.0,11667000.0,1480000000.0,64356.0,,0.004047609631000381
936395,CIENA CORP,2017,3951711000.0,72584000.0,497233000.0,64356.0,,0.01836773994859442
936395,CIENA CORP,2018,3951711000.0,1261953000.0,125069000.0,64356.0,,0.3193434438905072
936395,CIENA CORP,2019,3893346000.0,-7776000.0,54555000.0,64356.0,,-0.0019972537760579202
936395,CIENA CORP,2020,53334000.0,253434000.0,0.0,64356.0,,4.751828102148723
936446,"PRECISION AEROSPACE COMPONENTS, INC.",2015,12124153.0,-371248.0,20089930.0,,,-0.03062053077027319
936528,WASHINGTON FEDERAL INC,2010,12582475000.0,48172000.0,,,,0.003828499559903755
936528,WASHINGTON FEDERAL INC,2011,1913234000.0,25824000.0,,,,0.013497564856154554
936528,WASHINGTON FEDERAL INC,2012,1913234000.0,30121000.0,,,,0.01574350027231379
936528,WASHINGTON FEDERAL INC,2013,12472944000.0,111141000.0,,,,0.008910566743504982
936528,WASHINGTON FEDERAL INC,2014,1987683000.0,157364000.0,,,,0.07916956577079946
936528,WASHINGTON FEDERAL INC,2015,14756041000.0,42498000.0,,,,0.0028800407914290832
936528,WASHINGTON FEDERAL INC,2016,1956890000.0,38407000.0,,,,0.019626550291534015
936528,WASHINGTON FEDERAL INC,2017,2005752000.0,173532000.0,,,,0.08651717660009811
936528,WASHINGTON FEDERAL INC,2018,2005752000.0,42070000.0,,,,0.020974676829438536
936528,WASHINGTON FEDERAL INC,2020,18794055000.0,210256000.0,24882000.0,,,0.011187367494667862
937136,HYPERDYNAMICS CORP,2017,2725000.0,-22846000.0,,,,-8.383853211009175
943110,"CORPORATE RESOURCE SERVICES, INC.",2011,25220000.0,,,37895.0,,
943110,"CORPORATE RESOURCE SERVICES, INC.",2012,35777000.0,-3374000.0,,37895.0,,-0.09430639796517315
943906,WNC HOUSING TAX CREDIT FUND V LP SERIES 4,2013,649823.0,-5000.0,12000.0,,,-0.0076944029374152656
945634,"ARTISANAL BRANDS, INC.",2012,4537147.0,-2539667.0,3563144.0,,,-0.5597497722687848
949852,THANKSGIVING COFFEE CO INC,2020,1013391.0,268800.0,,,,0.2652480631858779
1000230,OPTICAL CABLE CORP,2012,47762345.0,-5732925.0,508624.0,,,-0.12003022464663324
1000230,OPTICAL CABLE CORP,2013,45414899.0,948925.0,22003689.0,,,0.020894574707740737
1000230,OPTICAL CABLE CORP,2014,329000.0,684227.0,75266038.0,,,2.0797173252279637
1000230,OPTICAL CABLE CORP,2016,45028818.0,-983122.0,18676107.0,,,-0.02183317359118776
1000230,OPTICAL CABLE CORP,2017,40139180.0,-1745021.0,51379528.0,,,-0.043474256325116756
1000230,OPTICAL CABLE CORP,2018,40139180.0,1068753.0,64092848.0,,,0.02662617920944075
1000230,OPTICAL CABLE CORP,2020,36557812.0,0.0,,,,0.0
1001039,WALT DISNEY CO/,2010,69206000000.0,1331000000.0,36010000000.0,,,0.019232436493945612
1001039,WALT DISNEY CO/,2011,27244000000.0,3307000000.0,2425000000.0,,,0.12138452503303479
1001039,WALT DISNEY CO/,2012,72924000000.0,1476000000.0,9629000000.0,,,0.02024025012341616
1001039,WALT DISNEY CO/,2013,12928000000.0,1831000000.0,2990000000.0,,,0.1416305693069307
1001039,WALT DISNEY CO/,2014,3423000000.0,2245000000.0,57000000.0,,,0.6558574349985393
1001039,WALT DISNEY CO/,2015,7526000000.0,8382000000.0,116000000.0,,,1.1137390380015946
1001039,WALT DISNEY CO/,2016,32706000000.0,50000000.0,6268000000.0,,,0.0015287714792392834
1001039,WALT DISNEY CO/,2017,15359000000.0,9391000000.0,7887000000.0,,,0.6114330360049482
1001039,WALT DISNEY CO/,2018,8996000000.0,-167000000.0,23689000000.0,,,-0.01856380613606047
1001115,GEOSPACE TECHNOLOGIES CORP,2012,259022000.0,4266000.0,8966000.0,65896.0,,0.016469643505184886
1001115,GEOSPACE TECHNOLOGIES CORP,2013,327225000.0,69557000.0,88512000.0,65896.0,,0.21256627702651082
1001115,GEOSPACE TECHNOLOGIES CORP,2014,354986000.0,13684000.0,21420000.0,65896.0,,0.0385479990760199
1001115,GEOSPACE TECHNOLOGIES CORP,2015,354986000.0,3752000.0,23758000.0,65896.0,,0.010569430907134365
1001115,GEOSPACE TECHNOLOGIES CORP,2016,254772000.0,-32641000.0,1749000.0,65896.0,,-0.1281184745576437
1001115,GEOSPACE TECHNOLOGIES CORP,2017,303592000.0,-11503000.0,8017000.0,65896.0,,-0.03788966771192917
1001115,GEOSPACE TECHNOLOGIES CORP,2018,205696000.0,-14376000.0,3028000.0,65896.0,,-0.06988954573739888
1001115,GEOSPACE TECHNOLOGIES CORP,2019,202001000.0,-146000.0,408000.0,65896.0,,-0.0007227686991648556
1001115,GEOSPACE TECHNOLOGIES CORP,2020,186845000.0,-146000.0,91222000.0,65896.0,,-0.0007813963445636757
1001115,OYO GEOSPACE CORP,2011,196801000.0,14082000.0,172970000.0,65896.0,,0.071554514458768
1001258,ASTA FUNDING INC,2013,233164000.0,3048000.0,43167000.0,,,0.01307234392959462
1001258,ASTA FUNDING INC,2015,237372000.0,5901000.0,60085000.0,,,0.02485971386684192
1001258,ASTA FUNDING INC,2016,217100000.0,1140000.0,60085000.0,,,0.00525103638876094
1001258,ASTA FUNDING INC,2018,2000000.0,,,,,
1001258,ASTA FUNDING INC,2019,80206000.0,,26068000.0,,,
1001279,INTERNET AMERICA INC,2014,10413326.0,5907470.0,7802530.0,,,0.5672990550761592
1001907,ASTROTECH CORP \WA\,2013,48867000.0,-2713000.0,25817000.0,61766.0,,-0.05551803875826222
1002037,LEARNING TREE INTERNATIONAL INC,2012,6038000.0,1630000.0,12344000.0,,,0.269956939383902
1002037,"LEARNING TREE INTERNATIONAL, INC.",2013,43561000.0,-2209000.0,2177000.0,,,-0.05071049792245357
1002037,"LEARNING TREE INTERNATIONAL, INC.",2014,5109000.0,-1416000.0,11113000.0,,,-0.27715795654726955
1002037,"LEARNING TREE INTERNATIONAL, INC.",2015,5109000.0,0.0,4232000.0,,,0.0
1002037,"LEARNING TREE INTERNATIONAL, INC.",2017,1562000.0,0.0,16878000.0,,,0.0
1002037,"LEARNING TREE INTERNATIONAL, INC.",2018,26263000.0,-2059000.0,14492000.0,,,-0.07839926893348056
1002360,"ABSOLUTE POTENTIAL, INC.",2012,27.0,-15961.0,,,,-591.1481481481482
1002360,"ABSOLUTE POTENTIAL, INC.",2013,27.0,-23454.0,,,,-868.6666666666666
1002517,"NUANCE COMMUNICATIONS, INC.",2010,3499464000.0,-19387000.0,868462000.0,61685.0,,-0.0055399912672340675
1002517,"NUANCE COMMUNICATIONS, INC.",2011,4095293000.0,2105000.0,950352000.0,61685.0,,0.000514004736657426
1002517,"NUANCE COMMUNICATIONS, INC.",2012,5799040000.0,-5109000.0,1118948000.0,61685.0,,-0.0008810078909612625
1002517,"NUANCE COMMUNICATIONS, INC.",2013,5799040000.0,-22096000.0,431744000.0,61685.0,,-0.003810285840414965
1002517,"NUANCE COMMUNICATIONS, INC.",2014,5958603000.0,-25848000.0,1651509000.0,61685.0,,-0.004337929544895003
1002517,"NUANCE COMMUNICATIONS, INC.",2015,5820284000.0,-39227000.0,475653000.0,61685.0,,-0.006739705485161893
1002517,"NUANCE COMMUNICATIONS, INC.",2016,5511909000.0,-115010000.0,475059000.0,61685.0,,-0.020865729096761213
1002517,"NUANCE COMMUNICATIONS, INC.",2017,5661470000.0,18474000.0,477851000.0,61685.0,,0.003263110110978244
1002517,"NUANCE COMMUNICATIONS, INC.",2018,5931923000.0,-33808000.0,487658000.0,61685.0,,-0.005699332240152139
1002517,"NUANCE COMMUNICATIONS, INC.",2019,5302379000.0,-20720000.0,449449000.0,61685.0,,-0.0039076799300842135
1002517,"NUANCE COMMUNICATIONS, INC.",2020,5365793000.0,16662000.0,33890000.0,61685.0,,0.003105226012259511
1002590,STAR GAS PARTNERS LP,2011,626129000.0,130477000.0,1591310000.0,,,0.20838677013842197
1002590,STAR GAS PARTNERS LP,2012,626129000.0,128000.0,461474000.0,,,0.00020443071635397816
1002590,STAR GAS PARTNERS LP,2013,632504000.0,136000.0,,,,0.00021501840304567245
1002590,STAR GAS PARTNERS LP,2014,401944000.0,203000.0,326511000.0,,,0.0005050454789721951
1002590,STAR GAS PARTNERS LP,2015,290278000.0,75687000.0,892241000.0,,,0.2607397046968768
1002590,STAR GAS PARTNERS LP,2016,301891000.0,-19095000.0,162064000.0,,,-0.06325130593492354
1002590,STAR GROUP LP,2017,692111000.0,55209000.0,532052000.0,,,0.07976899659158719
1002590,"STAR GROUP, L.P.",2018,306277000.0,44934000.0,1161338000.0,,,0.14671033084430107
1002590,"STAR GROUP, L.P.",2019,260883000.0,72325000.0,1404370000.0,,,0.2772315559082041
1002590,"STAR GROUP, L.P.",2020,255823000.0,17542000.0,0.0,,,0.06857084781274553
1003078,MSC INDUSTRIAL DIRECT CO INC,2011,1244423000.0,30649000.0,37710000.0,,,0.02462908512619905
1003078,MSC INDUSTRIAL DIRECT CO INC,2012,1444876000.0,259031000.0,2021792000.0,,,0.17927559181549144
1003078,MSC INDUSTRIAL DIRECT CO INC,2013,1943003000.0,59837000.0,2457649000.0,,,0.03079614390713756
1003078,MSC INDUSTRIAL DIRECT CO INC,2014,2060747000.0,259031000.0,661513000.0,,,0.12569762324050454
1003078,MSC INDUSTRIAL DIRECT CO INC,2015,2101206000.0,51527000.0,726623000.0,,,0.024522583697172005
1003078,MSC INDUSTRIAL DIRECT CO INC,2016,2100186000.0,231308000.0,706819000.0,,,0.11013691168306046
1003078,MSC INDUSTRIAL DIRECT CO INC,2017,2098912000.0,231216000.0,745074000.0,,,0.11015993047826683
1003078,MSC INDUSTRIAL DIRECT CO INC,2018,2288727000.0,231216000.0,768987000.0,,,0.101023844259276
1003078,MSC INDUSTRIAL DIRECT CO INC,2019,2311237000.0,68424000.0,56506000.0,,,0.02960492584706804
1003078,MSC INDUSTRIAL DIRECT CO INC,2020,2311237000.0,79601000.0,3203878000.0,,,0.03444086435099473
1003344,HEADWATERS INC,2010,888974000.0,-173466000.0,886404000.0,61576.0,,-0.19513056624828173
1003344,HEADWATERS INC,2011,296488000.0,-24571000.0,154701000.0,61576.0,,-0.0828735058417204
1003344,HEADWATERS INC,2012,298584000.0,-229921000.0,178283000.0,61576.0,,-0.7700379122792916
1003344,HEADWATERS INC,2013,358684000.0,47117000.0,15252000.0,61576.0,,0.1313607520826131
1003344,HEADWATERS INC,2014,325140000.0,-62248000.0,223399000.0,61576.0,,-0.1914498369932952
1003344,HEADWATERS INC,2015,779135000.0,7137000.0,394324000.0,61576.0,,0.009160158380768417
1003344,HEADWATERS INC,2016,-1278638000.0,48096000.0,538210000.0,61576.0,,-0.03761502473725949
1005101,CONCIERGE TECHNOLOGIES INC,2013,444289.0,,2207756.0,37895.0,,
1005101,CONCIERGE TECHNOLOGIES INC,2014,385295.0,63601.0,2207756.0,37895.0,,0.16507091968491674
1005101,CONCIERGE TECHNOLOGIES INC,2015,691582.0,-319820.0,0.0,37895.0,,-0.46244696941215935
1005101,CONCIERGE TECHNOLOGIES INC,2016,202095.0,24523.0,0.0,37895.0,,0.12134392241272669
1005101,CONCIERGE TECHNOLOGIES INC,2017,19595883.0,-25500.0,23551395.0,37895.0,,-0.0013012937462425142
1005210,SUBURBAN PROPANE PARTNERS LP,2010,977514000.0,165238000.0,1574163000.0,,,0.1690390112059776
1005210,SUBURBAN PROPANE PARTNERS LP,2011,44973000.0,114966000.0,1190552000.0,,,2.5563338002801683
1005210,SUBURBAN PROPANE PARTNERS LP,2012,18675000.0,1882000.0,139572000.0,,,0.1007764390896921
1005210,SUBURBAN PROPANE PARTNERS LP,2013,176956000.0,78798000.0,36767000.0,,,0.44529713601121185
1005210,SUBURBAN PROPANE PARTNERS LP,2014,16789000.0,78798000.0,114288000.0,,,4.693430222169278
1005210,SUBURBAN PROPANE PARTNERS LP,2015,3342000.0,94509000.0,127495000.0,,,28.279174147217237
1005210,SUBURBAN PROPANE PARTNERS LP,2016,13415000.0,84352000.0,1416979000.0,,,6.287886693999255
1005210,SUBURBAN PROPANE PARTNERS LP,2017,12455000.0,14440000.0,1416979000.0,,,1.1593737454837414
1005210,SUBURBAN PROPANE PARTNERS LP,2018,2147000.0,76534000.0,884169000.0,,,35.64694923148579
1005210,SUBURBAN PROPANE PARTNERS LP,2019,44279000.0,68632000.0,759468000.0,,,1.5499898371688612
1005210,SUBURBAN PROPANE PARTNERS LP,2020,1934960000.0,68632000.0,75039000.0,,,0.0354694670690867
1005276,MOHEGAN TRIBAL GAMING AUTHORITY,2011,2203196000.0,9712000.0,1418379000.0,,,0.0044081416269818935
1005276,MOHEGAN TRIBAL GAMING AUTHORITY,2012,1505210000.0,29498000.0,1112021000.0,,,0.01959726549783751
1005276,MOHEGAN TRIBAL GAMING AUTHORITY,2013,181699000.0,50326000.0,1340028000.0,,,0.27697455682199684
1005276,MOHEGAN TRIBAL GAMING AUTHORITY,2014,2136150000.0,-29047000.0,1302000.0,,,-0.013597827867893172
1005276,MOHEGAN TRIBAL GAMING AUTHORITY,2015,2020133000.0,-6704000.0,-6093000.0,,,-0.003318593379742819
1005276,MOHEGAN TRIBAL GAMING AUTHORITY,2016,344615000.0,94394000.0,19292000.0,,,0.27391146641904734
1005276,MOHEGAN TRIBAL GAMING AUTHORITY,2017,344615000.0,132650000.0,1079920000.0,,,0.38492230460078636
1005276,MOHEGAN TRIBAL GAMING AUTHORITY,2018,1333012000.0,75445000.0,1334794000.0,,,0.05659738997098301
1005276,MOHEGAN TRIBAL GAMING AUTHORITY,2019,0.0,75445000.0,1380003000.0,,,
1005276,MOHEGAN TRIBAL GAMING AUTHORITY,2020,548424000.0,-162155000.0,-5000.0,,,-0.2956745146091345
1005731,IDT CORP,2013,137298000.0,-3651000.0,5811000.0,62396.0,,-0.02659179303413014
1005731,IDT CORP,2014,435407000.0,3614000.0,1620617000.0,62396.0,,0.008300279967938045
1005731,IDT CORP,2015,284249000.0,7709000.0,18032000.0,62396.0,,0.027120587935225805
1005731,IDT CORP,2016,258896000.0,565000.0,15404000.0,62396.0,,0.002182343489277548
1005731,IDT CORP,2017,257385000.0,11019000.0,446000.0,62396.0,,0.04281135264292791
1005731,IDT CORP,2018,518963000.0,-3458000.0,2007000.0,62396.0,120000.0,-0.006663288134221515
1005731,IDT CORP,2019,315415000.0,189000.0,1165000.0,62396.0,30000.0,0.0005992105638603111
1005731,IDT CORP,2020,102176000.0,134000.0,459911000.0,62396.0,,0.0013114625743814595
1006028,"PURE BIOSCIENCE, INC.",2012,4458000.0,0.0,812000.0,,,0.0
1006028,"PURE BIOSCIENCE, INC.",2013,4458000.0,0.0,820000.0,,,0.0
1006028,"PURE BIOSCIENCE, INC.",2014,1859000.0,-11050000.0,550000.0,,,-5.944055944055944
1006028,"PURE BIOSCIENCE, INC.",2015,1859000.0,-11050000.0,550000.0,,,-5.944055944055944
1006028,"PURE BIOSCIENCE, INC.",2016,3261000.0,-7627000.0,69000.0,,,-2.3388531125421648
1006028,"PURE BIOSCIENCE, INC.",2017,3829000.0,-6263000.0,1289000.0,,,-1.6356751109950378
1006028,"PURE BIOSCIENCE, INC.",2018,2575000.0,,1831000.0,,,
1006028,"PURE BIOSCIENCE, INC.",2019,1932000.0,-6554000.0,1909000.0,,,-3.3923395445134576
1006028,"PURE BIOSCIENCE, INC.",2020,1932000.0,,6917000.0,,,
1006840,"CANG BAO TIAN XIA INTERNATIONAL ART TRADE CENTER, INC.",2020,,-48856.0,,,,
1009626,BROCADE COMMUNICATIONS SYSTEMS INC,2010,3654175000.0,167392000.0,1466937000.0,,,0.045808424610206136
1009626,BROCADE COMMUNICATIONS SYSTEMS INC,2011,2387922000.0,,548364000.0,,,
1009626,BROCADE COMMUNICATIONS SYSTEMS INC,2012,560844000.0,39296000.0,534757000.0,,,0.0700658293571831
1009626,BROCADE COMMUNICATIONS SYSTEMS INC,2013,570270000.0,-74765000.0,1372562000.0,,,-0.13110456450453295
1009626,BROCADE COMMUNICATIONS SYSTEMS INC,2014,-1488937000.0,150914000.0,558800000.0,,,-0.10135687406518878
1009626,BROCADE COMMUNICATIONS SYSTEMS INC,2015,4038178000.0,237971000.0,1318509000.0,,,0.0589302898485406
1009626,BROCADE COMMUNICATIONS SYSTEMS INC,2016,4036153000.0,213815000.0,574284000.0,,,0.052974949165703084
1013237,FACTSET RESEARCH SYSTEMS INC,2011,353205000.0,150211000.0,641059000.0,63172.0,,0.4252799365807392
1013237,FACTSET RESEARCH SYSTEMS INC,2012,353205000.0,41601000.0,726510000.0,63172.0,,0.117781458359876
1013237,FACTSET RESEARCH SYSTEMS INC,2013,657440000.0,44539000.0,104698000.0,63172.0,,0.06774610610854223
1013237,FACTSET RESEARCH SYSTEMS INC,2014,444406000.0,188809000.0,95547000.0,63172.0,,0.4248570001305113
1013237,FACTSET RESEARCH SYSTEMS INC,2015,239654000.0,52178000.0,624642000.0,63172.0,,0.21772221619501447
1013237,FACTSET RESEARCH SYSTEMS INC,2016,736671000.0,211543000.0,254522000.0,63172.0,,0.28716075425800663
1013237,FACTSET RESEARCH SYSTEMS INC,2017,736671000.0,66710000.0,106753000.0,63172.0,,0.09055602840345282
1013237,FACTSET RESEARCH SYSTEMS INC,2018,654796000.0,65414000.0,755492000.0,63172.0,,0.09989981612593846
1013237,FACTSET RESEARCH SYSTEMS INC,2019,1413315000.0,258259000.0,,63172.0,,0.1827327948829525
1013237,FACTSET RESEARCH SYSTEMS INC,2020,588911000.0,84702000.0,364283000.0,63172.0,,0.1438281845643909
1014052,"DIGERATI TECHNOLOGIES, INC.",2019,4559000.0,-3163000.0,6040000.0,,,-0.6937924983549024
1014052,"DIGERATI TECHNOLOGIES, INC.",2020,4239000.0,-3377000.0,6279000.0,,,-0.7966501533380514
1014507,"SIRONA DENTAL SYSTEMS, INC.",2011,293442000.0,29312000.0,189005000.0,,,0.0998902679234738
1014507,"SIRONA DENTAL SYSTEMS, INC.",2012,517838000.0,89989000.0,979351000.0,,,0.17377828587318814
1014507,"SIRONA DENTAL SYSTEMS, INC.",2013,278147000.0,31658000.0,1013661000.0,,,0.11381751376070927
1014507,"SIRONA DENTAL SYSTEMS, INC.",2014,1811000000.0,38200000.0,1114300000.0,,,0.021093318608503588
1014507,"SIRONA DENTAL SYSTEMS, INC.",2015,489000000.0,44200000.0,399800000.0,,,0.09038854805725971
1016178,CARVER BANCORP INC,2017,741728000.0,-1767000.0,,,,-0.002382274904007938
1016504,INTEGRATED BIOPHARMA INC,2012,13650000.0,-2713000.0,40665000.0,,,-0.19875457875457875
1017110,GENETHERA INC,2018,206053.0,,,,,
1019361,ROFIN SINAR TECHNOLOGIES INC,2011,367855000.0,4700000.0,263173000.0,,,0.012776773456932759
1019361,ROFIN SINAR TECHNOLOGIES INC,2012,652532000.0,29840000.0,302330000.0,,,0.0457295580906377
1019361,ROFIN SINAR TECHNOLOGIES INC,2013,445568000.0,34755000.0,560068000.0,,,0.07800156205113473
1019361,ROFIN SINAR TECHNOLOGIES INC,2014,246370000.0,8900000.0,133450000.0,,,0.03612452814871941
1019361,ROFIN SINAR TECHNOLOGIES INC,2015,258424000.0,11600000.0,151835000.0,,,0.04488747175184967
1020448,IMPERIAL PETROLEUM RECOVERY CORP,2012,167429.0,,346395.0,,,
1020859,UNITED NATURAL FOODS INC,2013,1729908000.0,,5997235000.0,63927.0,,
1020859,UNITED NATURAL FOODS INC,2014,145770000.0,125482000.0,6794447000.0,63927.0,,0.8608218426287988
1020859,UNITED NATURAL FOODS INC,2019,0.0,-19294000.0,3096000000.0,63927.0,,
1021917,"JV GROUP, INC.",2013,421768.0,,,,,
1021917,"JV GROUP, INC.",2014,421768.0,,,,,
1021917,"JV GROUP, INC.",2015,3522.0,,,,,
1022505,CIPHERLOC CORP,2018,250784.0,,316248.0,,,
1022505,CIPHERLOC CORP,2020,8008591.0,-6970072.0,47983.0,,,-0.8703243804059915
1022505,NATIONAL SCIENTIFIC CORP/AZ,2013,1211122.0,-356629.0,,,,-0.2944616644731084
1022899,"ATRINSIC, INC.",2014,954000.0,0.0,0.0,,,0.0
1023198,"STEMGEN, INC.",2014,840.0,,,,,
1023198,"STEMGEN, INC.",2015,80.0,16420.0,,,,205.25
1023298,ALPHA-EN CORP,2016,108000.0,-1792000.0,,,,-16.59259259259259
1023459,SIMULATIONS PLUS INC,2013,17346869.0,2886598.0,9448608.0,,,0.16640455404372972
1023459,SIMULATIONS PLUS INC,2014,20980844.0,2886598.0,10070770.0,,,0.1375825491100358
1023459,SIMULATIONS PLUS INC,2015,9033000.0,3842961.0,13086000.0,,,0.42543573563600134
1023459,SIMULATIONS PLUS INC,2016,8975000.0,4950136.0,3153000.0,,,0.5515471866295265
1023459,SIMULATIONS PLUS INC,2017,-17702000.0,1909000.0,0.0,,,-0.10784092192972546
1023459,SIMULATIONS PLUS INC,2018,-17702000.0,4950136.0,0.0,,,-0.2796371031521862
1023459,SIMULATIONS PLUS INC,2019,43279016.0,8934812.0,15997000.0,,,0.20644674546205025
1023459,SIMULATIONS PLUS INC,2020,19972000.0,8934812.0,29667000.0,,,0.4473669136791508
1023844,NATIONAL HOLDINGS CORP,2012,16589000.0,-1937000.0,126521000.0,179517.0,,-0.11676412080294171
1023844,NATIONAL HOLDINGS CORP,2013,16589000.0,-1951000.0,127583000.0,179517.0,,-0.11760805352944723
1023844,NATIONAL HOLDINGS CORP,2014,22632000.0,1562000.0,8097000.0,179517.0,330000.0,0.0690173206079887
1023844,NATIONAL HOLDINGS CORP,2015,63382000.0,18643000.0,184292000.0,179517.0,240000.0,0.2941371367265154
1023844,NATIONAL HOLDINGS CORP,2016,39467000.0,-5559000.0,174076000.0,179517.0,240000.0,-0.14085185091342134
1023844,NATIONAL HOLDINGS CORP,2017,47213000.0,-5559000.0,165682000.0,179517.0,240000.0,-0.11774299451422278
1023844,NATIONAL HOLDINGS CORP,2018,43851000.0,3874000.0,48047000.0,179517.0,240000.0,0.0883446215593715
1023844,NATIONAL HOLDINGS CORP,2019,51946000.0,-2030000.0,204134000.0,179517.0,240000.0,-0.03907904362222308
1023844,NATIONAL HOLDINGS CORP,2020,81590000.0,-819000.0,219724000.0,179517.0,240000.0,-0.010037994852310331
1024478,ROCKWELL AUTOMATION INC,2010,1897100000.0,28900000.0,2609000000.0,9203.0,,0.015233777871488061
1024478,ROCKWELL AUTOMATION INC,2010,1897100000.0,28900000.0,2609000000.0,9203.0,,0.015233777871488061
1024478,ROCKWELL AUTOMATION INC,2011,1723500000.0,201800000.0,321000000.0,9203.0,,0.11708732230925442
1024478,ROCKWELL AUTOMATION INC,2011,1723500000.0,201800000.0,321000000.0,9203.0,,0.11708732230925442
1024478,ROCKWELL AUTOMATION INC,2012,5284900000.0,190700000.0,1267600000.0,9203.0,,0.036083937255198775
1024478,ROCKWELL AUTOMATION INC,2012,5284900000.0,190700000.0,1267600000.0,9203.0,,0.036083937255198775
1024478,ROCKWELL AUTOMATION INC,2013,2116100000.0,756300000.0,1489200000.0,9203.0,,0.3574027692453098
1024478,ROCKWELL AUTOMATION INC,2013,2116100000.0,756300000.0,1489200000.0,9203.0,,0.3574027692453098
1024478,ROCKWELL AUTOMATION INC,2014,5636500000.0,50300000.0,1591700000.0,9203.0,,0.00892397764570212
1024478,ROCKWELL AUTOMATION INC,2014,5636500000.0,50300000.0,1591700000.0,9203.0,,0.00892397764570212
1024478,ROCKWELL AUTOMATION INC,2015,294100000.0,206100000.0,3414600000.0,9203.0,,0.7007820469228153
1024478,ROCKWELL AUTOMATION INC,2015,294100000.0,206100000.0,3414600000.0,9203.0,,0.7007820469228153
1024478,ROCKWELL AUTOMATION INC,2016,2034600000.0,33900000.0,834500000.0,9203.0,,0.016661751695664997
1024478,ROCKWELL AUTOMATION INC,2016,2034600000.0,33900000.0,834500000.0,9203.0,,0.016661751695664997
1024478,ROCKWELL AUTOMATION INC,2017,1790500000.0,729700000.0,1193700000.0,9203.0,,0.4075397933538118
1024478,ROCKWELL AUTOMATION INC,2017,1790500000.0,729700000.0,1193700000.0,9203.0,,0.4075397933538118
1024478,ROCKWELL AUTOMATION INC,2018,264800000.0,729700000.0,-5500000.0,9203.0,,2.755664652567976
1024478,ROCKWELL AUTOMATION INC,2018,264800000.0,729700000.0,-5500000.0,9203.0,,2.755664652567976
1024478,"ROCKWELL AUTOMATION, INC",2019,2114800000.0,198600000.0,1651200000.0,9203.0,,0.09390958955929639
1024478,"ROCKWELL AUTOMATION, INC",2019,2114800000.0,198600000.0,1651200000.0,9203.0,,0.09390958955929639
1024478,"ROCKWELL AUTOMATION, INC",2020,2791000000.0,109500000.0,2118500000.0,9203.0,,0.03923324973127911
1024478,"ROCKWELL AUTOMATION, INC",2020,2791000000.0,109500000.0,2118500000.0,9203.0,,0.03923324973127911
1025953,"NOVATION COMPANIES, INC.",2017,42630000.0,5213000.0,6131000.0,,,0.12228477597935726
1028215,KMG CHEMICALS INC,2013,167690000.0,9348000.0,36635000.0,,,0.05574572127139364
1028215,KMG CHEMICALS INC,2014,244015000.0,4142000.0,272485000.0,,,0.016974366329938734
1028215,KMG CHEMICALS INC,2015,262015000.0,-822000.0,353406000.0,,,-0.0031372249680361813
1028215,KMG CHEMICALS INC,2016,169355000.0,18675000.0,320498000.0,,,0.11027132355112043
1028215,KMG CHEMICALS INC,2017,14126000.0,12138000.0,75168000.0,,,0.8592666005946482
1028215,KMG CHEMICALS INC,2018,171202000.0,5742000.0,135551000.0,,,0.03353932781159098
1028985,"SPECTRUM BRANDS, INC.",2011,3873707000.0,,2567011000.0,,,
1028985,"SPECTRUM BRANDS, INC.",2012,2243472000.0,13170000.0,-132144000.0,,,0.005870365219623868
1028985,"SPECTRUM BRANDS, INC.",2013,45913000.0,-47370000.0,1301887000.0,,,-1.031733931566223
1029506,RALCORP HOLDINGS INC /MO,2010,5452200000.0,167800000.0,3891900000.0,,,0.030776567257253952
1029506,RALCORP HOLDINGS INC /MO,2011,3271300000.0,383300000.0,1070600000.0,,,0.11717054382049949
1029506,RALCORP HOLDINGS INC /MO,2012,3872900000.0,137100000.0,631200000.0,,,0.035399829585065455
1029744,SONIC FOUNDRY INC,2011,21840000.0,-243000.0,20476000.0,,,-0.011126373626373627
1029744,SONIC FOUNDRY INC,2012,22821000.0,-103000.0,20014000.0,,,-0.00451338679286622
1029744,SONIC FOUNDRY INC,2013,24333000.0,-115000.0,5928000.0,,,-0.004726092138248469
1029744,SONIC FOUNDRY INC,2014,24333000.0,-2816000.0,6552000.0,,,-0.11572761270702338
1029744,SONIC FOUNDRY INC,2015,34803000.0,48000.0,11267000.0,,,0.001379191449013016
1029744,SONIC FOUNDRY INC,2016,34803000.0,-1032000.0,8760000.0,,,-0.029652616153779846
1029744,SONIC FOUNDRY INC,2019,15180000.0,-10017000.0,8460000.0,,,-0.6598814229249012
1029744,SONIC FOUNDRY INC,2020,15180000.0,,3533000.0,,,
1030916,PREMIER HOLDING CORP.,2018,6864141.0,-5596004.0,2703683.0,18624.0,80000.0,-0.815251901148301
1031896,AMERICAN SOIL TECHNOLOGIES INC,2011,131600.0,-1488300.0,139025.0,,,-11.309270516717325
1032220,MAXIMUS INC,2011,224400000.0,70409000.0,250107000.0,106329.0,,0.3137655971479501
1032220,MAXIMUS INC,2011,224400000.0,70409000.0,250107000.0,106329.0,,0.3137655971479501
1032220,MAXIMUS INC,2012,565279000.0,70409000.0,565881000.0,106329.0,,0.1245561926057752
1032220,MAXIMUS INC,2012,565279000.0,70409000.0,565881000.0,106329.0,,0.1245561926057752
1032220,MAXIMUS INC,2013,857978000.0,20485000.0,243452000.0,106329.0,,0.02387590357794722
1032220,MAXIMUS INC,2013,857978000.0,20485000.0,243452000.0,106329.0,,0.02387590357794722
1032220,MAXIMUS INC,2014,221604000.0,36236000.0,170727000.0,106329.0,,0.1635169040270031
1032220,MAXIMUS INC,2014,221604000.0,36236000.0,170727000.0,106329.0,,0.1635169040270031
1032220,MAXIMUS INC,2015,1280171000.0,145440000.0,154279000.0,106329.0,20000.0,0.1136098224377837
1032220,MAXIMUS INC,2015,1280171000.0,145440000.0,154279000.0,106329.0,20000.0,0.1136098224377837
1032220,MAXIMUS INC,2016,441521000.0,178362000.0,488099000.0,106329.0,90000.0,0.40397172501421225
1032220,MAXIMUS INC,2016,441521000.0,178362000.0,488099000.0,106329.0,90000.0,0.40397172501421225
1032220,MAXIMUS INC,2017,212311000.0,48785000.0,600447000.0,106329.0,50000.0,0.22978084037096524
1032220,MAXIMUS INC,2017,212311000.0,48785000.0,600447000.0,106329.0,50000.0,0.22978084037096524
1032220,MAXIMUS INC,2018,397824000.0,178362000.0,2403360000.0,106329.0,,0.44834399131274133
1032220,MAXIMUS INC,2018,397824000.0,178362000.0,2403360000.0,106329.0,,0.44834399131274133
1032220,"MAXIMUS, INC.",2019,442063000.0,239640000.0,2886815000.0,106329.0,,0.5420946788127484
1032220,"MAXIMUS, INC.",2019,442063000.0,239640000.0,2886815000.0,106329.0,,0.5420946788127484
1032220,"MAXIMUS, INC.",2020,937477000.0,62898000.0,136109000.0,106329.0,70000.0,0.06709284601115548
1032220,"MAXIMUS, INC.",2020,937477000.0,62898000.0,136109000.0,106329.0,70000.0,0.06709284601115548
1032761,KEYNOTE SYSTEMS INC,2012,266965000.0,,44189000.0,,,
1032975,LOGITECH INTERNATIONAL SA,2014,8670000.0,,808618000.0,102696.0,,
1035354,"SEVION THERAPEUTICS, INC.",2015,33334828.0,0.0,,,,0.0
1035354,"SEVION THERAPEUTICS, INC.",2016,9225952.0,0.0,,,,0.0
1035354,"SEVION THERAPEUTICS, INC.",2017,9225952.0,0.0,,,,0.0
1039466,XSUNX INC,2016,65902.0,-1320648.0,750556.0,,,-20.03957391277958
1039466,XSUNX INC,2017,65902.0,-242866.0,750556.0,,,-3.6852599314133108
1039466,XSUNX INC,2019,215192.0,-3969406.0,665017.0,,,-18.445880887765345
1040721,"BANNY COSMIC INTERNATIONAL HOLDINGS, INC",2018,22502.0,-191392.0,,,,-8.505555061772286
1040721,"WINCASH APOLO GOLD & ENERGY, INC.",2016,11907.0,,,,,
1041177,SUTOR TECHNOLOGY GROUP LTD,2014,-177930784.0,,375170191.0,,,
1041514,NET 1 UEPS TECHNOLOGIES INC,2019,-1976000.0,64349000.0,-24518000.0,,,-32.56528340080972
1041803,PRICESMART INC,2011,664328000.0,61750000.0,1714247000.0,65343.0,,0.09295107236184535
1041803,PRICESMART INC,2012,388325000.0,17917000.0,1341688000.0,65343.0,,0.046139187536213225
1041803,PRICESMART INC,2013,203882000.0,0.0,-388000.0,65343.0,,0.0
1041803,PRICESMART INC,2014,87467000.0,20220000.0,1341688000.0,65343.0,,0.23117289949352327
1041803,PRICESMART INC,2015,938070000.0,19769000.0,0.0,65343.0,,0.02107412026821026
1041803,PRICESMART INC,2016,515478000.0,102397000.0,-959297000.0,65343.0,,0.19864475302534734
1041803,PRICESMART INC,2017,89133000.0,-61155000.0,-1107592000.0,65343.0,,-0.6861095217259601
1041803,PRICESMART INC,2018,183051000.0,107396000.0,-1143432000.0,65343.0,,0.5866998814538025
1041803,PRICESMART INC,2019,550874000.0,20673000.0,-1143432000.0,65343.0,,0.03752763789904769
1041803,PRICESMART INC,2020,247868000.0,50553000.0,1831761000.0,65343.0,,0.20395129665789855
1044577,"CHINA PRECISION STEEL, INC.",2013,53179380.0,-3537922.0,8563497.0,,,-0.06652807911637931
1044577,"CHINA PRECISION STEEL, INC.",2014,77854614.0,-68939386.0,36527550.0,,,-0.8854887649947119
1045150,"OFFICIAL PAYMENTS HOLDINGS, INC.",2012,97756000.0,0.0,,,,0.0
1045150,TIER TECHNOLOGIES INC,2011,113025000.0,-7213000.0,,,,-0.0638177394381774
1045546,VULCAN ASPHALT REFINING CORP,2015,707266000.0,71113000.0,-909323000.0,,,0.1005463291039015
1045742,LIVE VENTURES INC,2016,6811977.0,-14666129.0,33369866.0,,,-2.1529915617742104
1045742,LIVE VENTURES INC,2018,128594595.0,,57510294.0,,,
1045742,LIVEDEAL INC,2011,7212089.0,-5502248.0,,,,-0.7629201469920851
1045742,LIVEDEAL INC,2014,18118425.0,-6156289.0,,,,-0.3397805824733662
1045942,"SECUREALERT, INC.",2011,11188461.0,-13784042.0,12450971.0,,,-1.2319873126429095
1045942,"SECUREALERT, INC.",2014,26698991.0,-17915711.0,518137.0,,,-0.6710257702247999
1045942,"TRACK GROUP, INC.",2015,57884887.0,-8747844.0,3930167.0,,,-0.15112483505409624
1045942,"TRACK GROUP, INC.",2016,52319323.0,,2013929.0,,,
1045942,"TRACK GROUP, INC.",2017,49147132.0,,1573959.0,,,
1045942,"TRACK GROUP, INC.",2018,49147132.0,,29727018.0,,,
1045942,"TRACK GROUP, INC.",2020,49382190.0,,33875167.0,,,
1046050,TIMBERLAND BANCORP INC,2011,742687000.0,-2291000.0,,,,-0.003084744986784473
1046050,TIMBERLAND BANCORP INC,2012,738224000.0,1089000.0,,,,0.0014751620104466938
1046050,TIMBERLAND BANCORP INC,2013,90411000.0,1348000.0,,,,0.014909690192565064
1046050,TIMBERLAND BANCORP INC,2014,745565000.0,4757000.0,,,,0.006380396075459551
1046050,TIMBERLAND BANCORP INC,2015,745565000.0,2955000.0,,,,0.003963437124865035
1046050,TIMBERLAND BANCORP INC,2016,815815000.0,2528000.0,,,,0.0030987417490484976
1046050,TIMBERLAND BANCORP INC,2017,111074000.0,14167000.0,,,,0.12754560023047698
1046050,TIMBERLAND BANCORP INC,2018,111074000.0,10154000.0,,,,0.09141653312206277
1046050,TIMBERLAND BANCORP INC,2019,171431000.0,24020000.0,,,,0.1401146817086758
1046050,TIMBERLAND BANCORP INC,2020,171431000.0,5049000.0,,,,0.02945208276216087
1048268,"IES HOLDINGS, INC.",2016,64156000.0,5799000.0,222466000.0,,,0.09038905168651412
1048268,"IES HOLDINGS, INC.",2017,117712000.0,5799000.0,83824000.0,,,0.049264306103031126
1048268,"IES HOLDINGS, INC.",2018,394340000.0,120778000.0,192178000.0,,,0.3062788456661764
1048268,"IES HOLDINGS, INC.",2019,445258000.0,6884000.0,313336000.0,,,0.015460699190132463
1048268,"IES HOLDINGS, INC.",2020,445258000.0,5489000.0,0.0,,,0.012327684174119275
1048268,INTEGRATED ELECTRICAL SERVICES INC,2011,205105000.0,0.0,481607000.0,,,0.0
1048268,INTEGRATED ELECTRICAL SERVICES INC,2012,23073000.0,-3431000.0,204649000.0,,,-0.14870194599748623
1048268,INTEGRATED ELECTRICAL SERVICES INC,2013,23073.0,-1138.0,204649.0,,,-0.04932171802539765
1048268,INTEGRATED ELECTRICAL SERVICES INC,2014,27272000.0,-1138000.0,129974000.0,,,-0.041727779407450864
1048268,"INTEGRATED ELECTRICAL SERVICES, INC.",2015,58929000.0,16538000.0,144082000.0,,,0.28064280744624887
1048695,F5 NETWORKS INC,2010,1068645000.0,91535000.0,653079000.0,,,0.0856551988733396
1048695,F5 NETWORKS INC,2011,1568549000.0,91535000.0,268934000.0,,,0.058356481053508685
1048695,F5 NETWORKS INC,2012,1568549000.0,55663000.0,517269000.0,,,0.035486937290451236
1048695,F5 NETWORKS INC,2013,2230554000.0,63412000.0,90521000.0,,,0.02842881185570939
1048695,F5 NETWORKS INC,2014,2184950000.0,68178000.0,777516000.0,,,0.031203460033410374
1048695,F5 NETWORKS INC,2015,2312290000.0,277314000.0,777516000.0,,,0.11993045854974939
1048695,F5 NETWORKS INC,2016,2312290000.0,365855000.0,487966000.0,,,0.15822193582984834
1048695,F5 NETWORKS INC,2017,2306323000.0,420761000.0,94767000.0,,,0.18243801930605558
1048695,F5 NETWORKS INC,2018,2476489000.0,420761000.0,1125282000.0,,,0.16990222851787348
1048695,"F5 NETWORKS, INC.",2019,3214104000.0,85905000.0,237859000.0,,,0.026727510995288268
1048695,"F5 NETWORKS, INC.",2020,3390275000.0,307441000.0,253331000.0,,,0.09068320416485388
1050007,NUTRACEUTICAL INTERNATIONAL CORP,2011,154947000.0,,162346000.0,66496.0,,
1050007,NUTRACEUTICAL INTERNATIONAL CORP,2012,171665000.0,,164615000.0,66496.0,,
1050007,NUTRACEUTICAL INTERNATIONAL CORP,2013,185918000.0,,180934000.0,66496.0,,
1050007,NUTRACEUTICAL INTERNATIONAL CORP,2014,192310000.0,,17020000.0,66496.0,,
1050007,NUTRACEUTICAL INTERNATIONAL CORP,2015,212449000.0,,20582000.0,66496.0,,
1050007,NUTRACEUTICAL INTERNATIONAL CORP,2016,235855000.0,,192832000.0,66496.0,,
1051514,"STRATA SKIN SCIENCES, INC.",2019,0.0,171000.0,0.0,,,
1057060,MARINEMAX INC,2011,363129000.0,2497000.0,450340000.0,111103.0,,0.0068763442192719395
1057060,MARINEMAX INC,2012,363129000.0,-11523000.0,151330000.0,111103.0,,-0.0317325248052345
1057060,MARINEMAX INC,2013,365121000.0,2297000.0,480894000.0,111103.0,,0.006291065153743554
1057060,MARINEMAX INC,2014,402681000.0,11272000.0,109592000.0,111103.0,,0.027992381065905767
1057060,MARINEMAX INC,2015,467622000.0,32838000.0,751370000.0,111103.0,,0.07022338555499955
1057060,MARINEMAX INC,2016,546688000.0,22582000.0,624692000.0,111103.0,,0.041306924607820185
1057060,MARINEMAX INC,2017,546688000.0,13819000.0,227355000.0,111103.0,,0.025277672090845235
1057060,MARINEMAX INC,2018,639990000.0,22582000.0,361254000.0,111103.0,,0.03528492632697386
1057060,MARINEMAX INC,2019,640538000.0,36079000.0,270605000.0,111103.0,,0.05632608838195392
1057060,MARINEMAX INC,2020,784083000.0,5065000.0,398762000.0,111103.0,,0.006459775304400172
1058330,"FRESH PROMISE FOODS, INC.",2019,,-852150.0,,,,
1059131,NASB FINANCIAL INC,2011,1434196000.0,-16268000.0,,,,-0.011342940574370589
1059131,NASB FINANCIAL INC,2012,19805000.0,-1058000.0,,,,-0.05342085331986872
1059131,NASB FINANCIAL INC,2013,1496000.0,-757000.0,,,,-0.5060160427807486
1059272,"BEBE STORES, INC.",2017,52521000.0,-138963000.0,0.0,,,-2.645855943336951
1059784,GENEREX BIOTECHNOLOGY CORP,2012,12006365.0,0.0,61111.0,,,0.0
1059784,GENEREX BIOTECHNOLOGY CORP,2013,2026969.0,0.0,60867.0,,,0.0
1059784,GENEREX BIOTECHNOLOGY CORP,2014,4852863.0,,,,,
1059784,GENEREX BIOTECHNOLOGY CORP,2015,1004337.0,,,,,
1059784,GENEREX BIOTECHNOLOGY CORP,2017,10094545.0,,,,,
1059784,GENEREX BIOTECHNOLOGY CORP,2018,10094545.0,-70016194.0,,,,-6.9360425853765575
1059784,GENEREX BIOTECHNOLOGY CORP,2019,6606854.0,-385400.0,703244.0,,,-0.058333361082294234
1059784,GENEREX BIOTECHNOLOGY CORP,2020,49635991.0,-9341407.0,,,,-0.18819825718801506
1060426,"AOXING PHARMACEUTICAL COMPANY, INC.",2012,45089721.0,-7410848.0,8134077.0,,,-0.1643578145005599
1060426,"AOXING PHARMACEUTICAL COMPANY, INC.",2013,45089721.0,-15820320.0,8134077.0,,,-0.3508631157864117
1060426,"AOXING PHARMACEUTICAL COMPANY, INC.",2015,38074754.0,,12739371.0,,,
1060426,"AOXING PHARMACEUTICAL COMPANY, INC.",2016,56231591.0,2061224.0,25481199.0,,,0.03665597866508881
1061164,PEREGRINE INDUSTRIES INC,2011,0.0,,0.0,,,
1061164,PEREGRINE INDUSTRIES INC,2012,0.0,,0.0,,,
1061164,PEREGRINE INDUSTRIES INC,2013,0.0,,0.0,,,
1061164,PEREGRINE INDUSTRIES INC,2014,0.0,-93650.0,0.0,,,
1061164,PEREGRINE INDUSTRIES INC,2018,3000.0,-15963.0,,,,-5.321
1061164,PEREGRINE INDUSTRIES INC,2019,3000.0,-20042.0,,,,-6.680666666666666
1061164,PEREGRINE INDUSTRIES INC,2020,3000.0,-14097.0,,,,-4.699
1062273,"BILLMYPARENTS, INC.",2011,1576647.0,-14210970.0,6675.0,,,-9.013412640876492
1062273,"BILLMYPARENTS, INC.",2012,5783813.0,,1009250.0,,,
1062273,SPENDSMART PAYMENTS CO,2013,1272295.0,,1020438.0,,,
1062438,PULASKI FINANCIAL CORP,2011,1452816600.0,5076962.0,,,,0.003494564971242757
1062438,PULASKI FINANCIAL CORP,2012,139724702.0,3117352.0,,,,0.02231067202419226
1062438,PULASKI FINANCIAL CORP,2013,1275944420.0,9809059.0,,,,0.007687685173622218
1062438,PULASKI FINANCIAL CORP,2014,1275944420.0,3422743.0,,,,0.002682517315291837
1062438,PULASKI FINANCIAL CORP,2015,1380096645.0,11033362.0,,,,0.007994629970280089
1064090,PRETIUM PACKAGING L L C,2013,200716000.0,-15307000.0,232233000.0,,,-0.07626198210406744
1066026,CONCUR TECHNOLOGIES INC,2010,670885000.0,25677000.0,,37895.0,,0.038273325532691894
1066026,CONCUR TECHNOLOGIES INC,2011,1155851000.0,,247596000.0,37895.0,,
1066026,CONCUR TECHNOLOGIES INC,2012,1221274000.0,20144000.0,95155000.0,37895.0,,0.016494251085342027
1066026,CONCUR TECHNOLOGIES INC,2013,1222335000.0,3651000.0,80235000.0,37895.0,,0.0029869062081998798
1066026,CONCUR TECHNOLOGIES INC,2014,1896140000.0,-868000.0,127370000.0,37895.0,,-0.00045777210543525266
1066923,"SKYPEOPLE FRUIT JUICE, INC",2016,279434092.0,7871448.0,86440402.0,,,0.02816924715113144
1067873,AS-IP TECH INC,2016,13660.0,-153413.0,33702.0,,,-11.230819912152269
1067873,AS-IP TECH INC,2017,420193.0,-333773.0,164438.0,,,-0.7943326043032607
1067873,AS-IP TECH INC,2019,136626.0,0.0,170648.0,,,0.0
1067873,ASI ENTERTAINMENT INC,2012,158.0,-47148.0,,,,-298.40506329113924
1068874,IMPLANT SCIENCES CORP,2016,10392000.0,-21543000.0,12991000.0,,,-2.073036951501155
1069533,RGC RESOURCES INC,2011,120683316.0,4445436.0,,9171.0,,0.03683554734276609
1069533,RGC RESOURCES INC,2012,125549049.0,0.0,,9171.0,,0.0
1069533,RGC RESOURCES INC,2013,129756338.0,-100911.0,,9171.0,,-0.0007776961153142285
1069533,RGC RESOURCES INC,2014,139320722.0,-100911.0,,9171.0,,-0.0007243071852584858
1069533,RGC RESOURCES INC,2015,139127641.0,354940.0,,9171.0,,0.0025511824785414135
1069533,RGC RESOURCES INC,2016,165552849.0,4708440.0,,9171.0,,0.028440706568571346
1069533,RGC RESOURCES INC,2017,183135071.0,5806866.0,,9171.0,,0.03170810466991328
1069533,RGC RESOURCES INC,2018,219560106.0,7297205.0,,9171.0,,0.03323556876038309
1069533,RGC RESOURCES INC,2019,9658558.0,7297205.0,0.0,9171.0,,0.7555170243839712
1069533,RGC RESOURCES INC,2020,14955309.0,1206578.0,19785453.0,9171.0,,0.08067890807204318
1069799,PACIFIC SANDS INC,2015,663451.0,-334059.0,486045.0,,,-0.5035172152879414
1070154,PROVIDENT NEW YORK BANCORP,2011,3137402000.0,11739000.0,,,,0.0037416308142851954
1070154,PROVIDENT NEW YORK BANCORP,2012,3137402000.0,,,,,
1070154,STERLING BANCORP,2013,492569000.0,11739000.0,,,,0.023832194068242215
1070154,STERLING BANCORP,2014,1079844000.0,19888000.0,,,,0.018417475116776126
1070698,RAPTOR PHARMACEUTICAL CORP,2012,22562000.0,-8054000.0,0.0,,,-0.35697189965428594
1070789,ASIA PROPERTIES INC,2017,362.0,-964322.0,,,,-2663.8729281767955
1071840,"NEW ENERGY TECHNOLOGIES, INC.",2012,1127712.0,1961175.0,,,,1.739074338128884
1071840,"NEW ENERGY TECHNOLOGIES, INC.",2013,533695.0,-19787.0,,,,-0.037075483187963165
1071840,"NEW ENERGY TECHNOLOGIES, INC.",2014,974091.0,-3892381.0,,,,-3.995911059644325
1071840,"SOLARWINDOW TECHNOLOGIES, INC.",2015,974091.0,,,,,
1071840,"SOLARWINDOW TECHNOLOGIES, INC.",2016,2895600.0,-4637313.0,,,,-1.6015033153750518
1071840,"SOLARWINDOW TECHNOLOGIES, INC.",2017,831708.0,-4637313.0,,,,-5.575650348439597
1071840,"SOLARWINDOW TECHNOLOGIES, INC.",2018,929234.0,,,,,
1071840,"SOLARWINDOW TECHNOLOGIES, INC.",2019,929234.0,-6887678.0,,,,-7.412210487347643
1071840,"SOLARWINDOW TECHNOLOGIES, INC.",2020,16176308.0,,,,,
1073748,YUMMIES INC,2011,2874.0,-7048.0,,,,-2.452331245650661
1073748,YUMMIES INC,2012,2874.0,-42968.0,,,,-14.950591510090467
1073748,YUMMIES INC,2013,565.0,-12467.0,,,,-22.065486725663717
1073748,YUMMIES INC,2014,565.0,-90447.0,,,,-160.08318584070796
1073748,YUMMIES INC,2015,470.0,-12746.0,,,,-27.119148936170212
1073748,YUMMIES INC,2016,3536.0,-19233.0,,,,-5.439196832579186
1073748,YUMMIES INC,2017,3379.0,-26126.0,,,,-7.731873335306304
1073748,YUMMIES INC,2018,3379.0,,,,,
1073748,YUMMIES INC,2020,13329.0,,3619.0,,,
1074433,CAPITOL FEDERAL FINANCIAL,2010,8487130000.0,67840000.0,,,,0.007993279235736934
1074458,"MANASOTA GROUP, INC.",2016,1536605.0,35440.0,131279.0,,,0.023063832279603413
1074828,"KNOW LABS, INC.",2018,2102948.0,-3901232.0,4874359.0,,,-1.8551252812718146
1074828,"KNOW LABS, INC.",2019,2639633.0,37110.0,0.0,,,0.014058772564216313
1074828,"KNOW LABS, INC.",2020,4682147.0,-7612316.0,0.0,,,-1.6258173867672245
1074828,VISUALANT INC,2012,4313403.0,,,,,
1074828,VISUALANT INC,2015,2460678.0,0.0,,,,0.0
1074828,VISUALANT INC,2017,2630845.0,-3901232.0,,,,-1.4828817357160913
1074871,"MODULAR MEDICAL, INC.",2017,0.0,-31084.0,0.0,,,
1076682,MAJESCO ENTERTAINMENT CO,2016,6751000.0,,6693000.0,,,
1076744,"POPBIG, INC.",2013,,-33255.0,,,,
1077800,"ACCELPATH, INC.",2012,136517.0,-2941993.0,405825.0,,,-21.550378341158975
1079023,VARIAN SEMICONDUCTOR EQUIPMENT ASSOCIATES INC,2010,666239000.0,0.0,362081000.0,119217.0,,0.0
1079282,"BIO-MATRIX SCIENTIFIC GROUP, INC.",2011,41800688.0,-432832.0,,,,-0.010354662105083056
1079282,"BIO-MATRIX SCIENTIFIC GROUP, INC.",2014,33357.0,-2080958.0,,,,-62.38444704259975
1079282,"BIO-MATRIX SCIENTIFIC GROUP, INC.",2016,342380.0,,100000.0,,,
1079282,"RIVULET MEDIA, INC.",2020,166375.0,,,,,
1080602,ALLEZOE MEDICAL HOLDINGS INC,2011,421535.0,0.0,0.0,,,0.0
1080602,NOVATION HOLDINGS INC,2012,290325.0,-2475744.0,0.0,,,-8.527491604236632
1080602,NOVATION HOLDINGS INC,2013,1715160.0,-2475744.0,258521.0,,,-1.4434478416007837
1080627,V MEDIA CORP,2014,38141388.0,-6060879.0,,,,-0.15890556998083027
1081834,UONLIVE CORP,2014,1017.0,-539106.0,0.0,,,-530.094395280236
1082733,"NUSTATE ENERGY HOLDINGS, INC.",2016,6130.0,-960388.0,,,,-156.6701468189233
1082733,"VISIUM TECHNOLOGIES, INC.",2020,18668.0,-1757932.0,0.0,,,-94.16820227126634
1083410,CIGMA METALS CORP,2012,794939.0,0.0,,,,0.0
1083459,"CHINA WATER GROUP, INC.",2012,7944790.0,0.0,348078.0,,,0.0
1083490,SUNRISE REAL ESTATE GROUP INC,2014,50192035.0,-3093284.0,0.0,,,-0.06162898157048225
1083490,SUNRISE REAL ESTATE GROUP INC,2017,53305.0,-3653686.0,4763774.0,,,-68.54302598255323
1083490,SUNRISE REAL ESTATE GROUP INC,2020,40737782.0,-1754800.0,0.0,,,-0.043075491935226126
1083743,"FLUX POWER HOLDINGS, INC.",2013,1976000.0,351000.0,5930000.0,,,0.17763157894736842
1083743,"FLUX POWER HOLDINGS, INC.",2014,462000.0,0.0,358000.0,,,0.0
1083922,"AURASOURCE, INC.",2017,1399546.0,251662.0,0.0,,,0.17981688347506977
1084067,WNC HOUSING TAX CREDIT FUND VI LP SERIES 7,2012,1685452.0,-1234362.0,8520.0,,,-0.7323625947223653
1084370,"BLOCKCHAIN INDUSTRIES, INC.",2018,0.0,-153913.0,0.0,,,
1084475,"VIDEO RIVER NETWORKS, INC.",2019,0.0,0.0,0.0,,,
1084752,EON COMMUNICATIONS CORP,2012,7616000.0,464000.0,22497000.0,,,0.06092436974789916
1084752,EON COMMUNICATIONS CORP,2013,13606000.0,464000.0,9457000.0,,,0.03410260179332647
1084755,ARIBA INC,2010,721709000.0,,328060000.0,121493.0,,
1084755,ARIBA INC,2011,721709000.0,16386000.0,21601000.0,121493.0,,0.02270444181796264
1086139,MDU COMMUNICATIONS INTERNATIONAL INC,2011,25267046.0,-7356910.0,25933135.0,,,-0.2911662091405541
1086303,PACIFIC WEBWORKS INC,2017,207195.0,-158506.0,188212.0,,,-0.7650088081276093
1087022,ALR TECHNOLOGIES INC.,2017,65552.0,-6298813.0,,,,-96.08879973151086
1087216,ACCESS PLANS INC,2011,27375840.0,6247351.0,55349075.0,,,0.22820673265185654
1088312,UNI CORE HOLDINGS CORP,2013,7643843.0,0.0,,,,0.0
1088312,UNI CORE HOLDINGS CORP,2014,7643843.0,,,,,
1088787,"CD INTERNATIONAL ENTERPRISES, INC.",2012,77820344.0,9319498.0,122120972.0,,,0.119756576763526
1088787,"CHINA DIRECT INDUSTRIES, INC.",2011,116335218.0,-3572837.0,187813762.0,,,-0.03071156835757165
1089319,"FREESTONE RESOURCES, INC.",2015,1975161.0,0.0,1117743.0,,,0.0
1089319,"FREESTONE RESOURCES, INC.",2016,1975161.0,-310917.0,1117743.0,,,-0.1574134969250608
1089319,"FREESTONE RESOURCES, INC.",2017,1925653.0,-2378174.0,1098926.0,,,-1.2349961285859914
1090872,AGILENT TECHNOLOGIES INC,2010,7612000000.0,,5444000000.0,160607.0,,
1090872,AGILENT TECHNOLOGIES INC,2010,7612000000.0,,5444000000.0,160607.0,,
1090872,AGILENT TECHNOLOGIES INC,2011,9696000000.0,,1196000000.0,160607.0,,
1090872,AGILENT TECHNOLOGIES INC,2011,9696000000.0,,1196000000.0,160607.0,,
1090872,AGILENT TECHNOLOGIES INC,2012,9057000000.0,,2784000000.0,160607.0,,
1090872,AGILENT TECHNOLOGIES INC,2012,9057000000.0,,2784000000.0,160607.0,,
1090872,AGILENT TECHNOLOGIES INC,2013,10536000000.0,,1788000000.0,160607.0,,
1090872,AGILENT TECHNOLOGIES INC,2013,10536000000.0,,1788000000.0,160607.0,,
1090872,AGILENT TECHNOLOGIES INC,2014,10831000000.0,,6782000000.0,160607.0,,
1090872,AGILENT TECHNOLOGIES INC,2014,10831000000.0,,6782000000.0,160607.0,,
1090872,AGILENT TECHNOLOGIES INC,2015,10815000000.0,,1206000000.0,160607.0,,
1090872,AGILENT TECHNOLOGIES INC,2015,10815000000.0,,1206000000.0,160607.0,,
1090872,AGILENT TECHNOLOGIES INC,2016,7479000000.0,,1307000000.0,160607.0,,
1090872,AGILENT TECHNOLOGIES INC,2016,7479000000.0,,1307000000.0,160607.0,,
1090872,AGILENT TECHNOLOGIES INC,2017,8426000000.0,,4038000000.0,160607.0,,
1090872,AGILENT TECHNOLOGIES INC,2017,8426000000.0,,4038000000.0,160607.0,,
1090872,AGILENT TECHNOLOGIES INC,2018,1267000000.0,,1420000000.0,160607.0,,
1090872,AGILENT TECHNOLOGIES INC,2018,1267000000.0,,1420000000.0,160607.0,,
1090872,"AGILENT TECHNOLOGIES, INC.",2019,9452000000.0,,664000000.0,160607.0,,
1090872,"AGILENT TECHNOLOGIES, INC.",2019,9452000000.0,,664000000.0,160607.0,,
1090872,"AGILENT TECHNOLOGIES, INC.",2020,29000000.0,,1928000000.0,160607.0,,
1090872,"AGILENT TECHNOLOGIES, INC.",2020,29000000.0,,1928000000.0,160607.0,,
1091596,"NUO THERAPEUTICS, INC.",2016,56224605.0,0.0,7761934.0,,,0.0
1092367,SYCAMORE NETWORKS INC,2012,469737000.0,-3618000.0,12959000.0,,,-0.007702182284980745
1092367,SYCAMORE NETWORKS INC,2013,461934000.0,-12924000.0,,,,-0.027978022834430894
1092367,SYCAMORE NETWORKS INC,2014,,-3512000.0,,,,
1092367,SYCAMORE NETWORKS INC,2015,14788000.0,,,,,
1092367,SYCAMORE NETWORKS INC,2016,13490000.0,,,,,
1093248,"MEDINA INTERNATIONAL HOLDINGS, INC.",2015,310611.0,-417276.0,1355179.0,,,-1.343403807334576
1096275,"FRANCHISE HOLDINGS INTERNATIONAL, INC.",2011,,-41245.0,0.0,,,
1096275,"FRANCHISE HOLDINGS INTERNATIONAL, INC.",2012,318.0,-32146.0,0.0,,,-101.0880503144654
1096275,"FRANCHISE HOLDINGS INTERNATIONAL, INC.",2013,982.0,-27487.0,,,,-27.9908350305499
1096275,"FRANCHISE HOLDINGS INTERNATIONAL, INC.",2014,309.0,-32146.0,,,,-104.03236245954693
1096637,SAVICORP,2014,14714.0,52831817.0,56240.0,,,3590.5815549816502
1096752,EDGEWELL PERSONAL CARE CO,2015,878500000.0,146800000.0,1425900000.0,133367.0,,0.16710301650540693
1096752,EDGEWELL PERSONAL CARE CO,2016,202300000.0,146800000.0,0.0,133367.0,,0.7256549678695008
1096752,EDGEWELL PERSONAL CARE CO,2017,1210100000.0,-275300000.0,398200000.0,133367.0,,-0.2275018593504669
1096752,EDGEWELL PERSONAL CARE CO,2018,513700000.0,-328800000.0,0.0,133367.0,,-0.6400622931672182
1096752,EDGEWELL PERSONAL CARE CO,2019,1434500000.0,0.0,1061400000.0,133367.0,,0.0
1096752,EDGEWELL PERSONAL CARE CO,2020,1068500000.0,103300000.0,457100000.0,133367.0,120000.0,0.0966775854000936
1096752,ENERGIZER HOLDINGS INC,2010,6149000000.0,329300000.0,3999800000.0,133367.0,150000.0,0.053553423320865184
1096752,ENERGIZER HOLDINGS INC,2011,6663400000.0,261200000.0,2303800000.0,133367.0,90000.0,0.03919920761172975
1096752,ENERGIZER HOLDINGS INC,2012,7429500000.0,-108900000.0,2444500000.0,133367.0,120000.0,-0.014657783161720169
1096752,ENERGIZER HOLDINGS INC,2013,1033000000.0,407000000.0,198000000.0,133367.0,50000.0,0.39399806389157793
1096752,ENERGIZER HOLDINGS INC,2014,2123700000.0,391200000.0,672800000.0,133367.0,,0.1842068088713095
1096950,"MEDTAINER, INC.",2019,2835065.0,-357006.0,2210470.0,,,-0.1259251551551728
1097718,ICEWEB INC,2011,2832161.0,,3353286.0,,,
1097718,ICEWEB INC,2012,2080367.0,,2640520.0,,,
1097718,"UNIFIEDONLINE, INC.",2015,807936.0,-1880667.0,722784.0,,,-2.327742543963878
1097792,"DUBLI, INC.",2014,5495493.0,-27431589.0,12420699.0,,,-4.991652068340366
1097792,"OMINTO, INC.",2016,21684811.0,,2363445.0,,,
1098009,AMERICA GREAT HEALTH,2017,,-1140953.0,0.0,,,
1098009,AMERICA GREAT HEALTH,2018,13093.0,-967032.0,0.0,,,-73.85870312380662
1098009,CROWN MARKETING,2013,631.0,-108800.0,4500.0,,,-172.42472266244056
1098009,CROWN MARKETING,2015,,-353276.0,43370.0,,,
1098875,BAY ACQUISITION CORP.,2012,182000.0,-20000.0,,,,-0.10989010989010989
1099290,HONGLI CLEAN ENERGY TECHNOLOGIES CORP.,2015,193640490.0,,45613084.0,,,
1099369,DESTINY MEDIA TECHNOLOGIES INC,2012,3793002.0,563003.0,,,,0.1484320335185692
1099369,DESTINY MEDIA TECHNOLOGIES INC,2013,3657656.0,563003.0,,,,0.15392453527614405
1099369,DESTINY MEDIA TECHNOLOGIES INC,2014,3401206.0,-324399.0,,,,-0.09537763957843189
1099369,DESTINY MEDIA TECHNOLOGIES INC,2015,1537190.0,-1596646.0,,,,-1.03867836767088
1099369,DESTINY MEDIA TECHNOLOGIES INC,2016,1537190.0,-188251.0,,,,-0.12246436679915951
1099369,DESTINY MEDIA TECHNOLOGIES INC,2017,1850876.0,288781.0,,,,0.15602395838511063
1099369,DESTINY MEDIA TECHNOLOGIES INC,2018,2962422.0,656270.0,38578.0,,,0.22153157112659844
1099369,DESTINY MEDIA TECHNOLOGIES INC,2019,3635090.0,656270.0,1784821.0,,,0.18053748325350955
1099369,DESTINY MEDIA TECHNOLOGIES INC,2020,3635090.0,169415.0,3798317.0,,,0.04660544855835756
1099574,EASTGATE BIOTECH CORP,2016,482935.0,-4281310.0,132025.0,,,-8.86518889705654
1099728,"SIBLING GROUP HOLDINGS, INC.",2015,1532430.0,,150146.0,,,
1100397,"ADVAXIS, INC.",2017,169044060.0,-17081003.0,,,,-0.10104468030405801
1100397,"ADVAXIS, INC.",2019,45257000.0,-66515000.0,1960000.0,,,-1.4697173917846962
1101020,OVERHILL FARMS INC,2012,67309845.0,,44250708.0,,,
1101396,"DELTA APPAREL, INC",2014,147748000.0,3966000.0,442062000.0,,,0.02684300295097057
1101396,"DELTA APPAREL, INC",2015,189257000.0,4418000.0,449142000.0,,,0.02334391858689507
1101396,"DELTA APPAREL, INC",2016,156119000.0,-4211000.0,120194000.0,,,-0.02697301417508439
1101396,"DELTA APPAREL, INC",2017,317802000.0,4468000.0,114366000.0,,,0.014059068224869574
1101396,"DELTA APPAREL, INC",2018,55032000.0,1337000.0,395450000.0,,,0.024294955662160198
1101396,"DELTA APPAREL, INC",2019,283811000.0,,3560000.0,,,
1101396,"DELTA APPAREL, INC",2020,57574000.0,0.0,37144000.0,,,0.0
1101688,TELECONNECT INC.,2011,7984981.0,-3262566.0,112722.0,,,-0.40858782256338494
1101688,TELECONNECT INC.,2012,359347.0,0.0,112722.0,,,0.0
1101688,TELECONNECT INC.,2013,359347.0,-3875768.0,355680.0,,,-10.785586076967387
1102392,"ROYAL ENERGY RESOURCES, INC.",2013,31335.0,,,,,
1102392,"ROYAL ENERGY RESOURCES, INC.",2014,43301.0,-388957.0,,,,-8.98263319553821
1102392,"ROYAL ENERGY RESOURCES, INC.",2015,33257.0,-816857.0,,,,-24.56195688125808
1102934,CABOT MICROELECTRONICS CORP,2010,571756000.0,38338000.0,291372000.0,,,0.06705307858597023
1102934,CABOT MICROELECTRONICS CORP,2011,628229000.0,51662000.0,164098000.0,,,0.08223434448266476
1102934,CABOT MICROELECTRONICS CORP,2012,517825000.0,40826000.0,99236000.0,,,0.07884130739149327
1102934,CABOT MICROELECTRONICS CORP,2013,554506000.0,5530000.0,106533000.0,,,0.009972840690632744
1102934,CABOT MICROELECTRONICS CORP,2014,551592000.0,10095000.0,119320000.0,,,0.01830157072618892
1102934,CABOT MICROELECTRONICS CORP,2015,660474000.0,10095000.0,51036000.0,,,0.015284477511605301
1102934,CABOT MICROELECTRONICS CORP,2016,660474000.0,18702000.0,118079000.0,,,0.02831602758019241
1102934,CABOT MICROELECTRONICS CORP,2017,727230000.0,86952000.0,72670000.0,,,0.1195660245039396
1102934,CABOT MICROELECTRONICS CORP,2018,834100000.0,86952000.0,62400000.0,,,0.10424649322623186
1102934,CABOT MICROELECTRONICS CORP,2019,780973000.0,39215000.0,590123000.0,,,0.05021300352252895
1102934,"CMC MATERIALS, INC.",2020,2261766000.0,13443000.0,1037696000.0,,,0.005943585675971785
1103384,ALL ENERGY CORP,2014,9971.0,-13233639.0,37537.0,,,-1327.2128171697923
1103601,WGL HOLDINGS INC,2010,3349890000.0,117843000.0,,,,0.035178170029463655
1103601,WGL HOLDINGS INC,2011,353728000.0,106585000.0,,,,0.3013190926361498
1103601,WGL HOLDINGS INC,2012,49448000.0,102349000.0,,,,2.069830933505905
1103601,WGL HOLDINGS INC,2013,3516046000.0,72322000.0,,,,0.020569127935186286
1103601,WGL HOLDINGS INC,2014,231368000.0,141138000.0,,,,0.6100152138584419
1103601,WGL HOLDINGS INC,2015,4260060000.0,132579000.0,,,,0.031121392656441458
1103601,WGL HOLDINGS INC,2016,4643830000.0,98324000.0,,,,0.02117304035677447
1103601,WGL HOLDINGS INC,2017,6049450000.0,68501000.0,,,,0.011323508748729224
1103601,WGL HOLDINGS INC,2018,409938000.0,192620000.0,,,,0.469875932458079
1103833,"CROWN EQUITY HOLDINGS, INC.",2018,10563.0,-500995.0,2327.0,,,-47.42923411909496
1103833,"CROWN EQUITY HOLDINGS, INC.",2019,81322.0,-191144.0,10452.0,,,-2.3504586704704753
1104280,SANGUI BIOTECH INTERNATIONAL INC,2016,122099.0,-758408.0,127469.0,,,-6.211418602936961
1104280,SANGUI BIOTECH INTERNATIONAL INC,2017,93773.0,-446360.0,48009.0,,,-4.760005545306218
1104280,SANGUI BIOTECH INTERNATIONAL INC,2019,78971.0,-201810.0,77152.0,,,-2.555495055146826
1104904,XINHUA CHINA LTD,2012,10229.0,-7000.0,,,,-0.684328868902141
1105284,GLOBAL IMMUNE TECHNOLOGIES INC.,2012,,-172433.0,,,,
1106838,"SONNET BIOTHERAPEUTICS HOLDINGS, INC.",2020,39754.0,,,,,
1107160,HARLEYSVILLE SAVINGS FINANCIAL CORP,2011,857140000.0,5008000.0,,,,0.005842686142287141
1107160,HARLEYSVILLE SAVINGS FINANCIAL CORP,2012,802626000.0,5395000.0,,,,0.006721686065490029
1107998,CLICKER INC.,2012,533.0,-1813318.0,,,,-3402.0975609756097
1109153,BIOPACK ENVIRONMENTAL SOLUTIONS INC.,2012,1016167.0,-2384990.0,0.0,,,-2.347045318338423
1110783,MONSANTO CO /NEW/,2010,17867000000.0,2024000000.0,4035000000.0,140760.0,0.0,0.11328146862931662
1110783,MONSANTO CO /NEW/,2011,19844000000.0,-22000000.0,4131000000.0,140760.0,210000.0,-0.0011086474501108647
1110783,MONSANTO CO /NEW/,2012,13584000000.0,692000000.0,3608000000.0,140760.0,260000.0,0.05094228504122497
1110783,MONSANTO CO /NEW/,2013,4280000000.0,1211000000.0,10340000000.0,140760.0,200000.0,0.28294392523364487
1110783,MONSANTO CO /NEW/,2014,16246000000.0,2740000000.0,6596000000.0,140760.0,200000.0,0.1686569001600394
1110783,MONSANTO CO /NEW/,2015,4590000000.0,1141000000.0,5115000000.0,140760.0,150000.0,0.2485838779956427
1110783,MONSANTO CO /NEW/,2016,3964000000.0,2740000000.0,4189000000.0,140760.0,200000.0,0.6912209889001009
1110783,MONSANTO CO /NEW/,2017,3964000000.0,1336000000.0,1841000000.0,140760.0,180000.0,0.33703329969727547
1112372,MEDICAL INTERNATIONAL TECHNOLOGY INC,2011,668164.0,,,,,
1112372,MEDICAL INTERNATIONAL TECHNOLOGY INC,2012,1021325.0,,437378.0,,,
1112372,MEDICAL INTERNATIONAL TECHNOLOGY INC,2013,1163154.0,982764.0,846782.0,,,0.8449130553649817
1112372,MEDICAL INTERNATIONAL TECHNOLOGY INC,2015,636779.0,982765.0,425487.0,,,1.5433376414737294
1113256,MERITOR INC,2011,2879000000.0,-412000000.0,-219000000.0,,,-0.1431052448766933
1113256,MERITOR INC,2012,423000000.0,17000000.0,-290000000.0,,,0.04018912529550828
1113256,MERITOR INC,2013,1954000000.0,48000000.0,4418000000.0,,,0.02456499488229273
1113256,MERITOR INC,2014,485000000.0,49000000.0,2980000000.0,,,0.10103092783505155
1113256,MERITOR INC,2015,434000000.0,64000000.0,864000000.0,,,0.14746543778801843
1113256,MERITOR INC,2016,2195000000.0,209000000.0,28000000.0,,,0.09521640091116174
1113256,MERITOR INC,2017,1707000000.0,573000000.0,273000000.0,,,0.335676625659051
1113256,MERITOR INC,2018,1708000000.0,573000000.0,3199000000.0,,,0.33548009367681497
1113256,"MERITOR, INC.",2019,-4438000000.0,-585000000.0,135000000.0,,,0.13181613339342046
1113256,"MERITOR, INC.",2020,658000000.0,59000000.0,0.0,,,0.08966565349544073
1114936,ALPHARX INC,2011,111859.0,-262060.0,326345.0,,,-2.3427708096800437
1116521,AVAYA INC,2011,9261000000.0,-863000000.0,5060000000.0,,,-0.09318648094158298
1116521,AVAYA INC,2012,1633000000.0,446000000.0,1349000000.0,,,0.27311696264543783
1116521,AVAYA INC,2013,1530000000.0,,377000000.0,,,
1116521,AVAYA INC,2014,2623000000.0,,5019000000.0,,,
1116521,AVAYA INC,2015,2628000000.0,,2175000000.0,,,
1117045,"TRYCERA FINANCIAL, INC.",2014,93033.0,-2429465.0,,,,-26.11401330710608
1117057,AMERICAN LORAIN CORP,2017,307088371.0,-136361080.0,140711561.0,,,-0.44404507912805335
1117171,CHINA BAK BATTERY INC,2012,475241931.0,-65807395.0,205670946.0,,,-0.13847135681299974
1118417,"MODEL N, INC.",2013,40598000.0,-5693000.0,65171000.0,,,-0.1402285826888024
1118417,"MODEL N, INC.",2014,129131000.0,0.0,81756000.0,,,0.0
1118417,"MODEL N, INC.",2015,129131000.0,0.0,81756000.0,,,0.0
1118417,"MODEL N, INC.",2016,112967000.0,0.0,81756000.0,,,0.0
1118417,"MODEL N, INC.",2017,112967000.0,0.0,131169000.0,,,0.0
1118417,"MODEL N, INC.",2018,171936000.0,-33111000.0,86392000.0,,,-0.19257747068676717
1118417,"MODEL N, INC.",2019,166153000.0,-39547000.0,86151000.0,,,-0.23801556396814985
1118417,"MODEL N, INC.",2020,320290000.0,-19293000.0,105219000.0,,,-0.06023603609229136
1118974,"30DC, INC.",2013,2860783.0,,2916341.0,,,
1118974,"30DC, INC.",2014,2860783.0,-407642.0,2795633.0,,,-0.14249315659384162
1118974,"30DC, INC.",2015,2644667.0,58918.0,2354835.0,,,0.022278041053939872
1121783,AMERICAN SPECTRUM REALTY INC,2014,374739000.0,-3997000.0,-3478000.0,,,-0.010666090265491448
1122063,BEACON ENTERPRISE SOLUTIONS GROUP INC,2011,12071000.0,3222000.0,18894000.0,,,0.26692071907878384
1122063,"FTE NETWORKS, INC.",2020,153075000.0,-31195000.0,3249000.0,,,-0.20378899232402417
1124941,BEACON ROOFING SUPPLY INC,2011,1042189000.0,34526000.0,1817423000.0,,,0.033128348121118145
1124941,BEACON ROOFING SUPPLY INC,2012,1216982000.0,75565000.0,170074000.0,,,0.06209212625987895
1124941,BEACON ROOFING SUPPLY INC,2013,1338696000.0,59220000.0,141351000.0,,,0.044237078470392086
1124941,BEACON ROOFING SUPPLY INC,2014,1433896000.0,72607000.0,176588000.0,,,0.05063616887138258
1124941,BEACON ROOFING SUPPLY INC,2015,1545912000.0,75565000.0,2064135000.0,,,0.04888053136271664
1124941,BEACON ROOFING SUPPLY INC,2016,3113859000.0,0.0,-469000.0,,,0.0
1124941,BEACON ROOFING SUPPLY INC,2017,-3860738000.0,132010000.0,177735000.0,,,-0.03419294445776947
1124941,BEACON ROOFING SUPPLY INC,2018,7715486000.0,0.0,-246000.0,,,0.0
1124941,BEACON ROOFING SUPPLY INC,2019,128368000.0,0.0,3079628000.0,,,0.0
1124941,BEACON ROOFING SUPPLY INC,2020,6957500000.0,-10600000.0,112100000.0,,,-0.0015235357527847646
1126115,"LZG INTERNATIONAL, INC.",2018,1013.0,-18637.0,,,,-18.39782823297137
1126703,SHOSHONE SILVER MINING CO INC,2011,5833840.0,,20111.0,,,
1126956,LACLEDE GROUP INC,2010,1762018000.0,77922000.0,,39442.0,,0.04422315776569819
1126956,LACLEDE GROUP INC,2011,129176000.0,27893000.0,,39442.0,,0.21593020375301913
1126956,LACLEDE GROUP INC,2012,1641386000.0,-2827000.0,,39442.0,,-0.001722324913213589
1126956,LACLEDE GROUP INC,2013,-162832000.0,6584000.0,,39442.0,,-0.04043431266581507
1126956,LACLEDE GROUP INC,2014,115600000.0,-10500000.0,,39442.0,,-0.09083044982698962
1126956,SPIRE INC,2016,3167500000.0,10700000.0,,39442.0,,0.003378058405682715
1126956,SPIRE INC,2017,3296400000.0,39400000.0,,39442.0,,0.011952432957165393
1126956,SPIRE INC,2018,2239500000.0,144200000.0,,39442.0,,0.06438937262781871
1126956,SPIRE INC,2019,2692700000.0,161600000.0,,39442.0,,0.060014112229360865
1126956,SPIRE INC,2020,2051400000.0,1300000.0,,39442.0,,0.0006337135614702154
1127475,"DIGITAL BRAND MEDIA & MARKETING GROUP, INC.",2018,129358.0,564423.0,3627.0,,,4.363263192071615
1127475,"DIGITAL BRAND MEDIA & MARKETING GROUP, INC.",2019,468.0,-456410.0,532874.0,,,-975.2350427350427
1127475,"DIGITAL BRAND MEDIA & MARKETING GROUP, INC.",2020,8065.0,-655786.0,0.0,,,-81.31258524488531
1129018,ARDENT MINES LTD,2012,1265426.0,-12144694.0,,,,-9.597316634872367
1129096,INFITECH VENTURES INC,2012,1400.0,-105039.0,,,,-75.02785714285714
1129096,INFITECH VENTURES INC,2013,1400.0,-78146.0,,,,-55.81857142857143
1129096,INFITECH VENTURES INC,2014,1751.0,-109388.0,,,,-62.47173043974872
1129096,INFITECH VENTURES INC,2015,1751.0,-95213.0,,,,-54.37635636778983
1129096,INFITECH VENTURES INC,2016,1555.0,-92583.0,,,,-59.53890675241158
1129096,INFITECH VENTURES INC,2017,163.0,-100245.0,,,,-615.0
1129096,INFITECH VENTURES INC,2018,511.0,-95162.0,,,,-186.22700587084148
1129096,INFITECH VENTURES INC,2019,4421.0,-95162.0,,,,-21.524994345170775
1133062,JANEL CORP,2015,16714535.0,-335193.0,74740145.0,,,-0.020053982955553357
1133062,JANEL CORP,2016,21661720.0,639720.0,74740145.0,,,0.02953228090844125
1133062,JANEL CORP,2017,12555942.0,516104.0,69489876.0,,,0.04110436317721124
1133062,JANEL WORLD TRADE LTD,2014,4746133.0,0.0,47940095.0,,,0.0
1133470,CALAVO GROWERS INC,2015,283464000.0,-1795000.0,-1900000.0,,,-0.0063323737758586626
1133470,CALAVO GROWERS INC,2016,327933000.0,38022000.0,200000.0,,,0.11594441547511229
1133470,CALAVO GROWERS INC,2017,327933000.0,27199000.0,28139000.0,,,0.082940722647614
1133470,CALAVO GROWERS INC,2018,364117000.0,38022000.0,935679000.0,,,0.10442247958760509
1133470,CALAVO GROWERS INC,2019,367736000.0,36646000.0,90777000.0,,,0.09965301194335066
1133470,CALAVO GROWERS INC,2020,390360000.0,36646000.0,-1651000.0,,,0.09387744645967824
1133798,"TX HOLDINGS, INC.",2013,2340318.0,-499501.0,,,,-0.21343296081985438
1133798,"TX HOLDINGS, INC.",2014,3487082.0,341300.0,,,,0.09787553031445777
1133798,"TX HOLDINGS, INC.",2015,3342714.0,341300.0,,,,0.10210266268666718
1133798,"TX HOLDINGS, INC.",2016,3342714.0,-372509.0,3105733.0,,,-0.1114390881182177
1133798,"TX HOLDINGS, INC.",2017,2261912.0,,2128278.0,,,
1133798,"TX HOLDINGS, INC.",2018,2261912.0,-55200.0,3840095.0,,,-0.024404132433092005
1133798,"TX HOLDINGS, INC.",2019,2135755.0,-55200.0,,,,-0.02584566113622583
1134982,PREVENTION INSURANCE COM INC,2015,1990.0,,,,,
1135202,EL CAPITAN PRECIOUS METALS INC,2011,2261083.0,0.0,,,,0.0
1135202,EL CAPITAN PRECIOUS METALS INC,2012,2204661.0,0.0,,,,0.0
1135202,EL CAPITAN PRECIOUS METALS INC,2013,2204661.0,-1918204.0,,,,-0.8700675523357105
1135202,EL CAPITAN PRECIOUS METALS INC,2014,2475672.0,-2854043.0,,,,-1.1528356745158486
1136352,INERGY L P,2010,3097100000.0,65100000.0,1878900000.0,,,0.02101966355623002
1136352,INERGY L P,2011,3117800000.0,-50200000.0,720500000.0,,,-0.016101096927320546
1136352,INERGY L P,2012,2207600000.0,-4000000.0,0.0,,,-0.001811922449719152
1136711,VOIS INC.,2011,68751.0,-1151807.0,,,,-16.753312679088303
1136796,CHARTER FINANCIAL CORP/GA,2011,1171710250.0,2315762.0,,,,0.0019763947614181918
1136796,CHARTER FINANCIAL CORP/GA,2012,143116020.0,5934990.0,,,,0.04146978095114719
1137005,AMAIZE BEVERAGE CORP,2015,9962.0,-29998421.0,,,,-3011.2849829351535
1137005,AMAIZE BEVERAGE CORP,2016,9962.0,,,,,
1137005,"HEALTHIENT, INC.",2012,326830.0,-5521382.0,328152.0,,,-16.893742924456138
1137005,"HEALTHIENT, INC.",2014,119054.0,-29946210.0,161954.0,,,-251.53468174105868
1137091,"POWER SOLUTIONS INTERNATIONAL, INC.",2019,247019000.0,-11805000.0,27008000.0,,,-0.04778984612519685
1137411,ROCKWELL COLLINS INC,2010,2049000000.0,,4470000000.0,27997.0,50000.0,
1137411,ROCKWELL COLLINS INC,2011,1994000000.0,,806000000.0,27997.0,70000.0,
1137411,ROCKWELL COLLINS INC,2012,5389000000.0,,267000000.0,27997.0,,
1137411,ROCKWELL COLLINS INC,2013,2174000000.0,,322000000.0,27997.0,,
1137411,ROCKWELL COLLINS INC,2014,2655000000.0,,772000000.0,27997.0,,
1137411,ROCKWELL COLLINS INC,2015,5400000000.0,,2299000000.0,27997.0,,
1137411,ROCKWELL COLLINS INC,2016,2655000000.0,,1385000000.0,27997.0,,
1137411,ROCKWELL COLLINS INC,2017,1886000000.0,,5244000000.0,27997.0,,
1137411,ROCKWELL COLLINS INC,2018,3050000000.0,,5259000000.0,27997.0,,
1138978,"NOVO INTEGRATED SCIENCES, INC.",2017,5514390.0,-738384.0,7178246.0,,,-0.13390130186657093
1138978,"NOVO INTEGRATED SCIENCES, INC.",2018,4743099.0,-738384.0,7963045.0,,,-0.15567543498459552
1138978,"NOVO INTEGRATED SCIENCES, INC.",2019,32273369.0,-2108012.0,9421825.0,,,-0.06531738288618086
1138978,"NOVO INTEGRATED SCIENCES, INC.",2020,35390618.0,-4915154.0,7860567.0,,,-0.1388829661013549
1139463,MEDCATH CORP,2012,408670000.0,12331000.0,,143605.0,,0.0301734896126459
1140859,AMERISOURCEBERGEN CORP,2010,13572740000.0,438989000.0,18716063000.0,,,0.032343432497786005
1140859,AMERISOURCEBERGEN CORP,2011,13145134000.0,141228000.0,1942980000.0,,,0.010743747458184906
1140859,AMERISOURCEBERGEN CORP,2012,14365828000.0,636748000.0,-51286000.0,,,0.044323793936555556
1140859,AMERISOURCEBERGEN CORP,2013,15442256000.0,718986000.0,21906648000.0,,,0.04655964776131156
1140859,AMERISOURCEBERGEN CORP,2014,1523002000.0,276484000.0,-263989000.0,,,0.18153882923331682
1140859,AMERISOURCEBERGEN CORP,2015,22469558000.0,-134887000.0,29176362000.0,,,-0.006003099838456992
1140859,AMERISOURCEBERGEN CORP,2016,27962982000.0,-134887000.0,34233556000.0,,,-0.004823770225936562
1140859,AMERISOURCEBERGEN CORP,2017,27962982000.0,329639000.0,36709046000.0,,,0.011788406544051704
1140859,AMERISOURCEBERGEN CORP,2018,33637501000.0,411473000.0,39120015000.0,,,0.012232567454996136
1140859,AMERISOURCEBERGEN CORP,2019,5777217000.0,861853000.0,3636305000.0,,,0.14918134458165583
1140859,AMERISOURCEBERGEN CORP,2020,44274830000.0,-3408716000.0,45239265000.0,,,-0.07698992858922327
1141263,LI-ION MOTORS CORP.,2012,4349166.0,-2312015.0,711180.0,,,-0.5315996216286065
1142790,"TAURIGA SCIENCES, INC.",2016,10164.0,-5088956.0,,,,-500.6843762298308
1143908,ACCENTURE SCA,2012,15731510000.0,702868000.0,7589108000.0,,,0.04467899140006268
1143908,ACCENTURE SCA,2013,16867049000.0,702868000.0,11623595000.0,,,0.0416710712110933
1143908,ACCENTURE SCA,2014,17930452000.0,756057000.0,13420156000.0,,,0.04216608705681262
1144215,ACUITY BRANDS INC,2011,1597400000.0,105500000.0,1604500000.0,,,0.0660448228371103
1144215,ACUITY BRANDS INC,2012,128200000.0,-85000000.0,1626900000.0,,,-0.6630265210608425
1144215,ACUITY BRANDS INC,2013,222800000.0,105500000.0,234200000.0,,,0.4735188509874327
1144215,ACUITY BRANDS INC,2014,202100000.0,,486700000.0,,,
1144215,ACUITY BRANDS INC,2015,-995600000.0,4600000.0,41200000.0,,,-0.004620329449578144
1144215,ACUITY BRANDS INC,2016,2407000000.0,175800000.0,759500000.0,,,0.07303697548815953
1144215,ACUITY BRANDS INC,2017,2948000000.0,82200000.0,3123100000.0,,,0.027883310719131613
1144215,ACUITY BRANDS INC,2018,-2121100000.0,-100000.0,-178600000.0,,,4.714534911131017e-05
1144215,ACUITY BRANDS INC,2019,-2396800000.0,334400000.0,0.0,,,-0.13951935914552738
1144215,ACUITY BRANDS INC,2020,3491700000.0,349600000.0,776200000.0,,,0.1001231491823467
1145255,HENNESSY ADVISORS INC,2012,32137000.0,1215000.0,7644000.0,,,0.037806889255375425
1145255,HENNESSY ADVISORS INC,2013,74734000.0,4820000.0,24308000.0,,,0.06449541038884578
1145255,HENNESSY ADVISORS INC,2014,74734000.0,4820000.0,24308000.0,,,0.06449541038884578
1145255,HENNESSY ADVISORS INC,2015,73133000.0,11389000.0,44739000.0,,,0.1557299714219299
1145255,HENNESSY ADVISORS INC,2016,73133000.0,11389000.0,51410000.0,,,0.1557299714219299
1145255,HENNESSY ADVISORS INC,2017,97927000.0,14367000.0,13070000.0,,,0.14671132578349177
1145255,HENNESSY ADVISORS INC,2018,109480000.0,14942000.0,54590000.0,,,0.13648154914139568
1145255,HENNESSY ADVISORS INC,2019,109480000.0,11031000.0,39357000.0,,,0.10075812933869199
1145255,HENNESSY ADVISORS INC,2020,110208000.0,11031000.0,42715000.0,,,0.10009255226480836
1157817,SINGLE TOUCH SYSTEMS INC,2011,3736694.0,-12204752.0,,,,-3.2661898458905116
1157817,SINGLE TOUCH SYSTEMS INC,2013,5569755.0,-3255186.0,,,,-0.584439710543821
1157817,"SITO MOBILE, LTD.",2014,6523206.0,-4510514.0,9871558.0,,,-0.691456624242742
1157817,"SITO MOBILE, LTD.",2015,10106768.0,-4510514.0,15809467.0,,,-0.4462864884204327
1158420,CHINA HGS REAL ESTATE INC.,2011,108283425.0,18719938.0,,,,0.1728790717508243
1158420,CHINA HGS REAL ESTATE INC.,2012,119714654.0,5176093.0,,,,0.04323692068641822
1158420,CHINA HGS REAL ESTATE INC.,2013,119714654.0,5176093.0,,,,0.04323692068641822
1158420,CHINA HGS REAL ESTATE INC.,2014,177827914.0,20791565.0,,,,0.11691957990352403
1158420,CHINA HGS REAL ESTATE INC.,2015,298440438.0,32444757.0,,,,0.10871434587560819
1158420,CHINA HGS REAL ESTATE INC.,2016,298440438.0,31427626.0,,,,0.10530619178356788
1162816,"NEAH POWER SYSTEMS, INC.",2012,634040.0,-999544.0,228000.0,,,-1.5764683616175637
1162816,"NEAH POWER SYSTEMS, INC.",2014,763179.0,-3831809.0,149179.0,,,-5.020852250913613
1166568,ALION SCIENCE & TECHNOLOGY CORP,2012,667049000.0,-11132000.0,,,,-0.016688429185861907
1166568,ALION SCIENCE & TECHNOLOGY CORP,2013,439000.0,-44384000.0,,,,-101.10250569476082
1166568,ALION SCIENCE & TECHNOLOGY CORP,2014,1425000.0,-36592000.0,,,,-25.67859649122807
1168081,DESERT HAWK GOLD CORP.,2018,9773746.0,-4054273.0,162762.0,,,-0.41481260102319006
1171838,"SUNDANCE STRATEGIES, INC.",2019,34165074.0,,,,,
1173281,"NEUBASE THERAPEUTICS, INC.",2020,34444281.0,826117.0,,,,0.02398415574417129
1173281,OHR PHARMACEUTICAL INC,2013,3517420.0,,,,,
1173281,OHR PHARMACEUTICAL INC,2014,32025144.0,-1454884.0,,,,-0.04542942882629974
1173281,OHR PHARMACEUTICAL INC,2015,32025144.0,-9130664.0,,,,-0.28510922542612144
1173281,OHR PHARMACEUTICAL INC,2016,29445013.0,-15197865.0,,,,-0.5161439392130681
1173281,OHR PHARMACEUTICAL INC,2017,29445013.0,-23810996.0,,,,-0.8086597210875743
1173313,"METU BRANDS, INC.",2015,65389.0,-23235.0,0.0,,,-0.355334995182676
1173431,TD AMERITRADE HOLDING CORP,2010,18371810000.0,643705000.0,,,,0.03503764735211174
1173431,TD AMERITRADE HOLDING CORP,2011,-11264139000.0,592188000.0,,,,-0.05257285976318297
1173431,TD AMERITRADE HOLDING CORP,2012,-11264000000.0,586000000.0,,,,-0.05202414772727273
1173431,TD AMERITRADE HOLDING CORP,2013,19366000000.0,638000000.0,,,,0.0329443354332335
1173431,TD AMERITRADE HOLDING CORP,2014,5525000000.0,675000000.0,,,,0.12217194570135746
1173431,TD AMERITRADE HOLDING CORP,2015,5815000000.0,211000000.0,,,,0.036285468615649186
1173431,TD AMERITRADE HOLDING CORP,2016,-11478000000.0,787000000.0,,,,-0.06856595225649068
1173431,TD AMERITRADE HOLDING CORP,2017,7070000000.0,872000000.0,,,,0.12333804809052334
1173431,TD AMERITRADE HOLDING CORP,2018,10057000000.0,231000000.0,,,,0.02296907626528786
1173431,TD AMERITRADE HOLDING CORP,2019,37520000000.0,297000000.0,,,,0.007915778251599148
1173752,"ARUBA NETWORKS, INC.",2012,648896000.0,-33998000.0,70171000.0,,,-0.05239360390571062
1174891,UPSTREAM BIOSCIENCES INC.,2012,12998.0,68857.0,0.0,,,5.2975073088167415
1176309,ORAMED PHARMACEUTICALS INC.,2012,4325937.0,,,,,
1176309,ORAMED PHARMACEUTICALS INC.,2013,8660182.0,,,,,
1176309,ORAMED PHARMACEUTICALS INC.,2014,21802000.0,,,,,
1176309,ORAMED PHARMACEUTICALS INC.,2015,26354000.0,5696000.0,,,,0.21613417318054184
1176309,ORAMED PHARMACEUTICALS INC.,2016,42830000.0,-7232000.0,,,,-0.1688536072846136
1176309,ORAMED PHARMACEUTICALS INC.,2017,38712000.0,,641000.0,,,
1176309,ORAMED PHARMACEUTICALS INC.,2018,47397000.0,-10964000.0,641000.0,,,-0.23132265755216574
1176309,ORAMED PHARMACEUTICALS INC.,2019,47397000.0,,2449000.0,,,
1176309,ORAMED PHARMACEUTICALS INC.,2020,44633000.0,-14355000.0,2710000.0,,,-0.32162301436157104
1177648,ENANTA PHARMACEUTICALS INC,2013,116973000.0,-3501000.0,41706000.0,16269.0,,-0.029929983842425175
1177648,ENANTA PHARMACEUTICALS INC,2014,155415000.0,21399000.0,2160000.0,16269.0,,0.1376894122188978
1177648,ENANTA PHARMACEUTICALS INC,2015,246013000.0,28753000.0,32053000.0,16269.0,,0.11687593745045993
1177648,ENANTA PHARMACEUTICALS INC,2016,246013000.0,26189000.0,48445000.0,16269.0,,0.10645372399019563
1177648,ENANTA PHARMACEUTICALS INC,2017,326637000.0,-1645000.0,75927000.0,16269.0,,-0.0050361716523235275
1177648,ENANTA PHARMACEUTICALS INC,2018,414227000.0,36508000.0,88268000.0,16269.0,,0.08813524951294821
1177648,ENANTA PHARMACEUTICALS INC,2019,489829000.0,26011000.0,67205000.0,16269.0,,0.05310220505523356
1177648,ENANTA PHARMACEUTICALS INC,2020,486132000.0,9191000.0,44367000.0,16269.0,,0.018906387565517185
1178104,DEXTERA SURGICAL INC,2016,15692000.0,-15987000.0,755000.0,,,-1.0187993882232984
1178104,DEXTERA SURGICAL INC,2017,8871000.0,-3955000.0,700000.0,,,-0.44583474241911847
1179484,COMDISCO HOLDING CO INC,2013,0.0,,26000.0,37895.0,,
1179484,COMDISCO HOLDING CO INC,2014,37438000.0,,7000.0,37895.0,,
1179484,COMDISCO HOLDING CO INC,2015,36720000.0,,11000.0,37895.0,,
1191359,ARKANOVA ENERGY CORP.,2011,4801180.0,-13875789.0,1325760.0,,,-2.8900788972710876
1191359,ARKANOVA ENERGY CORP.,2012,3135248.0,3844264.0,,,,1.2261435140059096
1191359,ARKANOVA ENERGY CORP.,2013,2426886.0,-2731936.0,,,,-1.125696056592687
1191359,ARKANOVA ENERGY CORP.,2014,2525226.0,,,,,
1200528,LYYNKS INC.,2012,63138.0,-16722843.0,,,,-264.86177896037253
1205181,IMAGING3 INC,2015,33548.0,-5463382.0,255079.0,,,-162.85268868486943
1206133,"SEANIEMAC INTERNATIONAL, LTD.",2014,105125.0,-169882.0,40509.0,,,-1.616
1206133,"SEANIEMAC INTERNATIONAL, LTD.",2015,20424.0,-618137.0,1643.0,,,-30.265227183705445
1206942,GOLDEN GRAIN ENERGY,2011,122709007.0,16920959.0,208461685.0,,,0.13789500390953371
1206942,GOLDEN GRAIN ENERGY,2012,120115691.0,813532.0,324927805.0,,,0.006772903633381254
1206942,GOLDEN GRAIN ENERGY,2013,115447064.0,-1763757.0,327830377.0,,,-0.01527762542319829
1206942,GOLDEN GRAIN ENERGY,2014,167557815.0,14183028.0,86835284.0,,,0.08464557740860967
1206942,GOLDEN GRAIN ENERGY,2015,138155320.0,22777709.0,221149134.0,,,0.16487029960192628
1206942,GOLDEN GRAIN ENERGY,2016,138155320.0,2404294.0,48773123.0,,,0.017402833274896688
1206942,GOLDEN GRAIN ENERGY,2017,143829415.0,9855998.0,48641969.0,,,0.06852560722714474
1206942,GOLDEN GRAIN ENERGY,2018,135272279.0,8346905.0,47479043.0,,,0.06170447531234393
1206942,GOLDEN GRAIN ENERGY,2019,130030383.0,-1179271.0,44670289.0,,,-0.009069195774036903
1206942,GOLDEN GRAIN ENERGY,2020,139088941.0,-87706.0,46196377.0,,,-0.0006305749355011625
1213106,JETBLACK CORP,2012,0.0,-6866.0,7569.0,,,
1213106,JETBLACK CORP,2013,802.0,-19619.0,,,,-24.462593516209477
1216752,PIONEER FINANCIAL SERVICES INC,2011,397327580.0,,,,,
1216752,PIONEER FINANCIAL SERVICES INC,2012,397327580.0,,,,,
1216752,PIONEER FINANCIAL SERVICES INC,2013,380984410.0,,,,,
1216752,PIONEER FINANCIAL SERVICES INC,2014,380984000.0,,,,,
1216752,PIONEER FINANCIAL SERVICES INC,2015,276300000.0,,,,,
1216752,PIONEER FINANCIAL SERVICES INC,2016,276300000.0,,,,,
1216752,PIONEER FINANCIAL SERVICES INC,2017,272462000.0,,,,,
1216752,PIONEER FINANCIAL SERVICES INC,2018,226841000.0,,,,,
1222333,SPDR GOLD TRUST,2010,37991473000.0,,,,,
1222333,SPDR GOLD TRUST,2012,50726261000.0,,,,,
1222333,SPDR GOLD TRUST,2013,50726261000.0,,,,,
1222333,SPDR GOLD TRUST,2014,30250898000.0,,,,,
1222333,SPDR GOLD TRUST,2015,24620671000.0,-469526000.0,,,,-0.01907039820320088
1222333,SPDR GOLD TRUST,2016,40357092000.0,2321947000.0,,,,0.057535042415841064
1222333,SPDR GOLD TRUST,2017,35669225000.0,948326000.0,,,,0.02658667240457285
1222333,SPDR GOLD TRUST,2018,35669225000.0,4951423000.0,,,,0.13881498686893254
1222333,SPDR GOLD TRUST,2019,44169240000.0,-1893972000.0,,,,-0.04287988654547826
1222333,SPDR GOLD TRUST,2020,76978000000.0,13083928000.0,,,,0.16996970563018005
1224370,"MINDSPEED TECHNOLOGIES, INC",2012,110611000.0,-759000.0,28697000.0,,,-0.006861885345942086
1224370,"MINDSPEED TECHNOLOGIES, INC",2013,197096000.0,-5598000.0,6000000.0,,,-0.028402402889962253
1230058,KAANAPALI LAND LLC,2015,28380000.0,81000.0,1461000.0,,,0.002854122621564482
1230524,CLEAN ENVIRO TECH CORP,2014,3225.0,-1057142.0,,,,-327.79596899224805
1230524,CLEAN ENVIRO TECH CORP,2015,3225.0,,,,,
1230524,CYBER APPS WORLD,2017,,-436128.0,,,,
1230524,CYBER APPS WORLD,2018,469.0,-2034.0,,,,-4.336886993603412
1230524,CYBER APPS WORLD,2019,469.0,-2034.0,,,,-4.336886993603412
1230524,SKY POWER SOLUTIONS CORP.,2012,62243.0,-474647.0,0.0,,,-7.625708915058722
1230524,SKY POWER SOLUTIONS CORP.,2013,23964.0,-137472.0,,,,-5.736604907361041
1235468,LIQUIDITY SERVICES INC,2012,227807000.0,,273015000.0,166213.0,,
1235468,LIQUIDITY SERVICES INC,2013,400408000.0,,122275000.0,166213.0,,
1235468,LIQUIDITY SERVICES INC,2014,431718000.0,,495661000.0,166213.0,,
1235468,LIQUIDITY SERVICES INC,2015,431718000.0,,79293000.0,166213.0,,
1235468,LIQUIDITY SERVICES INC,2016,288488000.0,,89746000.0,166213.0,,
1235468,LIQUIDITY SERVICES INC,2017,38828000.0,,65520000.0,166213.0,,
1235468,LIQUIDITY SERVICES INC,2018,0.0,,72335000.0,166213.0,,
1235468,LIQUIDITY SERVICES INC,2019,146544000.0,,32936000.0,166213.0,,
1235468,LIQUIDITY SERVICES INC,2020,27075000.0,,20299000.0,166213.0,,
1239188,GENERAL STEEL HOLDINGS INC,2018,35761000.0,-763512000.0,,,,-21.35040966415928
1242513,COMPUTER GRAPHICS INTERNATIONAL INC.,2011,3781870.0,0.0,8754397.0,37895.0,,0.0
1245841,WIRED ASSOCIATES SOLUTIONS INC,2011,0.0,-16897.0,11412.0,,,
1253328,WNC HOUSING TAX CREDIT FUND VI LP SERIES 11,2014,5468836.0,-2149445.0,,,,-0.39303519066945874
1253329,WNC HOUSING TAX CREDIT FUND VI LP SERIES 12,2012,8258013.0,-1152.0,,,,-0.0001395008702456632
1260221,TRANSDIGM GROUP INC,2010,2677818000.0,163445000.0,827654000.0,148349.0,,0.06103663505137392
1260221,TRANSDIGM GROUP INC,2011,810949000.0,50635000.0,827654000.0,148349.0,,0.06243919161377596
1260221,TRANSDIGM GROUP INC,2012,4354115000.0,163445000.0,55327000.0,148349.0,,0.037538053083117924
1260221,TRANSDIGM GROUP INC,2013,6148879000.0,67937000.0,352473000.0,148349.0,,0.01104868058063917
1260221,TRANSDIGM GROUP INC,2014,-336381000.0,630329000.0,529322000.0,148349.0,,-1.8738543496808677
1260221,TRANSDIGM GROUP INC,2015,132988000.0,99112000.0,96274000.0,148349.0,,0.7452702499473637
1260221,TRANSDIGM GROUP INC,2016,3922439000.0,154668000.0,1447894000.0,148349.0,,0.0394315883561223
1260221,TRANSDIGM GROUP INC,2017,142389000.0,-1916826000.0,2707115000.0,148349.0,,-13.461896635273792
1260221,TRANSDIGM GROUP INC,2018,614594000.0,586414000.0,0.0,148349.0,,0.9541485924040911
1260221,TRANSDIGM GROUP INC,2019,16254731000.0,1149247000.0,582520000.0,148349.0,,0.07070230814647133
1260221,TRANSDIGM GROUP INC,2020,962000000.0,202000000.0,79000000.0,148349.0,,0.20997920997921
1261654,UNIVERSAL TECHNICAL INSTITUTE INC,2011,265587000.0,28828000.0,435921000.0,156633.0,90000.0,0.10854446942056652
1261654,UNIVERSAL TECHNICAL INSTITUTE INC,2012,265587000.0,1868000.0,451900000.0,156633.0,,0.007033476789150071
1261654,UNIVERSAL TECHNICAL INSTITUTE INC,2013,279463000.0,26897000.0,99601000.0,156633.0,,0.09624529901990603
1261654,UNIVERSAL TECHNICAL INSTITUTE INC,2014,282529000.0,-901000.0,10763000.0,156633.0,,-0.003189053159144725
1261654,UNIVERSAL TECHNICAL INSTITUTE INC,2015,5540000.0,-9149000.0,380322000.0,156633.0,,-1.6514440433212996
1261654,UNIVERSAL TECHNICAL INSTITUTE INC,2016,5540000.0,3272000.0,362674000.0,156633.0,,0.5906137184115523
1261654,UNIVERSAL TECHNICAL INSTITUTE INC,2017,39042000.0,-8128000.0,0.0,156633.0,,-0.20818605604221097
1261654,UNIVERSAL TECHNICAL INSTITUTE INC,2018,7471000.0,-1724000.0,16273000.0,156633.0,,-0.23075893454691473
1261654,UNIVERSAL TECHNICAL INSTITUTE INC,2019,282278000.0,-1135000.0,-6000.0,156633.0,,-0.004020858869624979
1261654,UNIVERSAL TECHNICAL INSTITUTE INC,2020,6837000.0,-2969000.0,13566000.0,156633.0,,-0.43425479011262247
1261734,"AEOLUS PHARMACEUTICALS, INC.",2011,2290000.0,-25869000.0,,,,-11.296506550218341
1261734,"AEOLUS PHARMACEUTICALS, INC.",2012,2290000.0,1698000.0,,,,0.7414847161572052
1261734,"AEOLUS PHARMACEUTICALS, INC.",2013,1256000.0,-7106000.0,,,,-5.657643312101911
1261734,"AEOLUS PHARMACEUTICALS, INC.",2015,3580000.0,-2628000.0,,,,-0.7340782122905027
1261734,"AEOLUS PHARMACEUTICALS, INC.",2016,1777000.0,-2628000.0,,,,-1.4788970174451324
1271046,"ENERGY HOLDINGS INTERNATIONAL, INC.",2011,451997.0,-1773222.0,166667.0,,,-3.923083560289117
1271046,"ENERGY HOLDINGS INTERNATIONAL, INC.",2013,60675.0,-1379517.0,,,,-22.736168108776265
1271046,"ENERGY HOLDINGS INTERNATIONAL, INC.",2014,240135.0,-1483884.0,,,,-6.179374102067587
1287900,"T-REX OIL, INC.",2019,2783807.0,-15700001.0,547000.0,,,-5.639759149969808
1288750,TIMBERLINE RESOURCES CORP,2011,31977566.0,-2329510.0,0.0,,,-0.07284825868235249
1288750,TIMBERLINE RESOURCES CORP,2012,19209329.0,-2329510.0,,,,-0.12126972264361759
1288750,TIMBERLINE RESOURCES CORP,2013,19209329.0,-10306843.0,,,,-0.5365540358020835
1288750,TIMBERLINE RESOURCES CORP,2014,19357507.0,-3724582.0,,,,-0.19241021067433942
1288750,TIMBERLINE RESOURCES CORP,2015,19357507.0,-2777886.0,,,,-0.1435043262544087
1288750,TIMBERLINE RESOURCES CORP,2016,17224434.0,-4372448.0,,,,-0.2538514763387871
1288750,TIMBERLINE RESOURCES CORP,2017,17510900.0,-2757242.0,,,,-0.15745861149341267
1288750,TIMBERLINE RESOURCES CORP,2018,15394921.0,-5057794.0,,,,-0.3285365348740666
1289550,"XENONICS HOLDINGS, INC.",2011,4223000.0,-1781000.0,4397000.0,,,-0.4217381008761544
1289550,"XENONICS HOLDINGS, INC.",2012,4223000.0,-92000.0,2164000.0,,,-0.02178546057305233
1289550,"XENONICS HOLDINGS, INC.",2013,2314000.0,-2189000.0,2383000.0,,,-0.945980985306828
1293283,"ROEBLING FINANCIAL CORP, INC.",2011,166757662.0,0.0,,,,0.0
1293283,"ROEBLING FINANCIAL CORP, INC.",2012,163867669.0,439557.0,,,,0.0026823900204499766
1294632,IASIS HEALTHCARE LLC,2011,2353194000.0,28090000.0,,,,0.011936967372855786
1294632,IASIS HEALTHCARE LLC,2012,2681616000.0,151385000.0,,,,0.05645290004236252
1294632,IASIS HEALTHCARE LLC,2013,-2072847000.0,3284000.0,,,,-0.0015842944510617522
1294632,IASIS HEALTHCARE LLC,2014,2380761000.0,-74885000.0,,,,-0.03145422829087002
1294632,IASIS HEALTHCARE LLC,2015,308503000.0,-79177000.0,,,,-0.25664904393150145
1294632,IASIS HEALTHCARE LLC,2016,521593000.0,-127062000.0,,,,-0.24360372934452726
1297937,"PARKS AMERICA, INC",2012,6551004.0,269598.0,3690342.0,,,0.04115369186158335
1297937,"PARKS AMERICA, INC",2013,6551004.0,295852.0,3727538.0,,,0.04516132183708024
1297937,"PARKS AMERICA, INC",2014,7181514.0,190901.0,4009837.0,,,0.026582277775967573
1297937,"PARKS AMERICA, INC",2015,7181514.0,-7582.0,4009837.0,,,-0.0010557662353648549
1297937,"PARKS AMERICA, INC",2016,7776496.0,624599.0,4379156.0,,,0.08031882225619354
1297937,"PARKS AMERICA, INC",2017,10307593.0,1901557.0,6238264.0,,,0.18448118780010037
1297937,"PARKS AMERICA, INC",2018,10307593.0,1260654.0,6046758.0,,,0.12230343204276692
1297937,"PARKS AMERICA, INC",2019,10763336.0,1096538.0,6184254.0,,,0.10187715035561465
1297937,"PARKS AMERICA, INC",2020,19522283.0,1096538.0,9507264.0,,,0.05616853315772546
1298824,PETROHUNTER ENERGY CORP,2011,2240066.0,-7013787.0,0.0,,,-3.1310626561895942
1300734,"SHINECO, INC.",2017,26079141.0,8136896.0,14031955.0,,,0.3120078226502936
1300734,"SHINECO, INC.",2018,35222278.0,8469654.0,13245236.0,,,0.24046298197975724
1301075,CONEXUS CATTLE CORP.,2015,141552.0,1013426.0,23718.0,37895.0,,7.159390188764553
1301081,PHARMASSET INC,2011,172205000.0,,249000.0,,,
1301838,"PREMIER PRODUCT GROUP, INC.",2018,84.0,-1018036.0,,,,-12119.47619047619
1301838,"PREMIER PRODUCT GROUP, INC.",2020,,-18897.0,,,,
1301843,QUANTUM SOLAR POWER CORP.,2012,1843081.0,-15652.0,,,,-0.008492301749082108
1301991,"SMARTMETRIC, INC.",2013,1605831.0,-258355.0,0.0,,,-0.16088554773198424
1301991,"SMARTMETRIC, INC.",2014,428268.0,0.0,0.0,,,0.0
1301991,"SMARTMETRIC, INC.",2015,128933.0,-3349347.0,0.0,,,-25.977422382167482
1301991,"SMARTMETRIC, INC.",2017,153240.0,-2227324.0,,,,-14.53487340120073
1301991,"SMARTMETRIC, INC.",2018,23594.0,,,,,
1301991,"SMARTMETRIC, INC.",2020,113397.0,-929150.0,,,,-8.193779376879458
1302324,PRUDENTIAL BANCORP INC OF PENNSYLVANIA,2011,499537000.0,3130000.0,,,,0.00626580213277495
1302324,PRUDENTIAL BANCORP INC OF PENNSYLVANIA,2012,499537000.0,2593000.0,,,,0.005190806686992155
1304464,"INERGY MIDSTREAM, L.P.",2012,111300000.0,13400000.0,38900000.0,,,0.12039532794249776
1304730,HQDA ELDERLY LIFE NETWORK CORP.,2018,50100.0,-467482.0,,,,-9.330978043912175
1304730,HQDA ELDERLY LIFE NETWORK CORP.,2019,27706848.0,-467482.0,477958.0,,,-0.016872435291087604
1304741,"FIGO VENTURES, INC.",2014,50000.0,-89355.0,,,,-1.7871
1304741,"PRECIOUS INVESTMENTS, INC.",2015,50000.0,-89355.0,,,,-1.7871
1304898,VICTORY EAGLE RESOURCES CORP.,2012,2893.0,,,,,
1305014,ASHLAND INC.,2010,9607000000.0,71000000.0,9012000000.0,5589.0,595000.0,0.007390444467575726
1305014,ASHLAND INC.,2011,2782000000.0,-107000000.0,3186000000.0,5589.0,452000.0,-0.038461538461538464
1305014,ASHLAND INC.,2012,1349000000.0,414000000.0,1971000000.0,5589.0,365000.0,0.30689399555226093
1305014,ASHLAND INC.,2013,1861000000.0,683000000.0,2878000000.0,5589.0,285000.0,0.36700698549167116
1305014,ASHLAND INC.,2014,1395000000.0,233000000.0,6472000000.0,5589.0,385000.0,0.16702508960573476
1305014,ASHLAND INC.,2015,1051000000.0,309000000.0,2263000000.0,5589.0,371000.0,0.2940057088487155
1308547,"DOLBY LABORATORIES, INC.",2010,1711772000.0,283447000.0,640231000.0,,,0.16558688890810225
1308547,"DOLBY LABORATORIES, INC.",2011,1884387000.0,283447000.0,221216000.0,,,0.15041867726746153
1308547,"DOLBY LABORATORIES, INC.",2012,1960798000.0,51494000.0,224755000.0,,,0.026261756692938284
1308547,"DOLBY LABORATORIES, INC.",2013,1960798000.0,45795000.0,255956000.0,,,0.023355286980096878
1308547,"DOLBY LABORATORIES, INC.",2014,1984012000.0,206103000.0,226957000.0,,,0.10388193216573287
1308547,"DOLBY LABORATORIES, INC.",2015,2133293000.0,206103000.0,278592000.0,,,0.09661260783211682
1308547,"DOLBY LABORATORIES, INC.",2016,2133293000.0,206103000.0,232748000.0,,,0.09661260783211682
1308547,"DOLBY LABORATORIES, INC.",2017,2533554000.0,67398000.0,274340000.0,,,0.026602156496368344
1308547,"DOLBY LABORATORIES, INC.",2018,2533554000.0,50092000.0,320129000.0,,,0.019771435698627302
1308547,"DOLBY LABORATORIES, INC.",2019,2865387000.0,-80500000.0,377553000.0,,,-0.028093936351354983
1308547,"DOLBY LABORATORIES, INC.",2020,2821749000.0,231363000.0,302376000.0,,,0.08199276406228903
1308569,MAJOR LEAGUE FOOTBALL INC,2018,8025.0,-353614.0,,,,-44.06404984423676
1309056,TGI SOLAR POWER GROUP INC.,2016,144568.0,,,,,
1309057,"CHINA HEALTH INDUSTRIES HOLDINGS, INC.",2013,53758404.0,14475406.0,46167138.0,,,0.26926777811335323
1309057,"CHINA HEALTH INDUSTRIES HOLDINGS, INC.",2015,41505429.0,2561.0,9709099.0,,,6.17027714615358e-05
1309057,"CHINA HEALTH INDUSTRIES HOLDINGS, INC.",2020,23.0,3550610.0,9931887.0,,,154374.34782608695
1310094,ACCENTIA BIOPHARMACEUTICALS INC,2011,5010309.0,,5356168.0,,,
1310094,ACCENTIA BIOPHARMACEUTICALS INC,2012,2584076.0,,3955923.0,,,
1310497,"W. S. INDUSTRIES, INC.",2012,7231.0,-21247863.0,0.0,,,-2938.4404646660214
1310630,CHINA FOODS HOLDINGS LTD.,2019,0.0,,,,,
1310630,"TRAFALGAR RESOURCES, INC.",2011,4466.0,-10298.0,2.0,,,-2.3058665472458575
1310630,"TRAFALGAR RESOURCES, INC.",2012,11269.0,-6065.0,0.0,,,-0.5382021474842488
1310630,"TRAFALGAR RESOURCES, INC.",2013,10580.0,0.0,0.0,,,0.0
1310630,"TRAFALGAR RESOURCES, INC.",2014,10580.0,0.0,0.0,,,0.0
1310630,"TRAFALGAR RESOURCES, INC.",2015,13941.0,0.0,0.0,,,0.0
1310630,"TRAFALGAR RESOURCES, INC.",2016,13941.0,0.0,0.0,,,0.0
1310630,"TRAFALGAR RESOURCES, INC.",2017,17691.0,-48949.0,0.0,,,-2.7668871177434853
1312073,"VERIFONE SYSTEMS, INC.",2011,951159000.0,282404000.0,486703000.0,162733.0,,0.2969051441451955
1312073,"VERIFONE SYSTEMS, INC.",2012,2313561000.0,65033000.0,1303866000.0,162733.0,,0.0281094814444054
1312073,"VERIFONE SYSTEMS, INC.",2013,3490607000.0,65033000.0,175922000.0,162733.0,,0.018630857040050627
1312073,"VERIFONE SYSTEMS, INC.",2014,2702243000.0,-296055000.0,1067437000.0,162733.0,,-0.10955898488773956
1312073,"VERIFONE SYSTEMS, INC.",2015,2473062000.0,-296055000.0,697153000.0,162733.0,,-0.11971191987908107
1312073,"VERIFONE SYSTEMS, INC.",2016,2473062000.0,-38130000.0,1868874000.0,162733.0,,-0.01541813347178518
1312073,"VERIFONE SYSTEMS, INC.",2017,2322170000.0,79097000.0,627718000.0,162733.0,,0.03406167507116189
1313938,"SIBANNAC, INC.",2016,564861.0,-351019.0,523677.0,,,-0.6214254480305774
1314052,ANAVEX LIFE SCIENCES CORP.,2011,329849.0,-5499419.0,,,,-16.67253500844326
1314052,ANAVEX LIFE SCIENCES CORP.,2012,13153.0,-7307147.0,,,,-555.5498365391926
1314052,ANAVEX LIFE SCIENCES CORP.,2013,393449.0,-8783037.0,,,,-22.323190553286448
1314052,ANAVEX LIFE SCIENCES CORP.,2014,7353502.0,-3700046.0,,,,-0.5031678783795802
1314052,ANAVEX LIFE SCIENCES CORP.,2015,15469913.0,,,,,
1314052,ANAVEX LIFE SCIENCES CORP.,2016,9498681.0,,,,,
1314052,ANAVEX LIFE SCIENCES CORP.,2017,27838329.0,-12108130.0,,,,-0.434944568691605
1314052,ANAVEX LIFE SCIENCES CORP.,2018,27838329.0,,,,,
1314052,ANAVEX LIFE SCIENCES CORP.,2019,24376136.0,-17453409.0,,,,-0.7160039228530723
1314052,ANAVEX LIFE SCIENCES CORP.,2020,34542197.0,,,,,
1314727,SONOS INC,2018,587498000.0,-10794000.0,415689000.0,33767.0,,-0.01837282850324597
1314727,SONOS INC,2019,761605000.0,-15604000.0,518821000.0,33767.0,,-0.02048831086980784
1314727,SONOS INC,2020,761605000.0,18411000.0,99571000.0,33767.0,,0.024173948437838513
1317639,"IMAGE METRICS, INC.",2011,1008000.0,0.0,5945000.0,,,0.0
1317880,"PLANDAI BIOTECHNOLOGY, INC.",2012,883.0,-49659.0,,,,-56.23895809739524
1317880,"PLANDAI BIOTECHNOLOGY, INC.",2014,9683415.0,,68842.0,,,
1319161,WARNER MUSIC GROUP CORP.,2011,3811000000.0,-100000000.0,2315000000.0,163118.0,20000.0,-0.026239832065074783
1319161,WARNER MUSIC GROUP CORP.,2012,5261000000.0,-36000000.0,-15000000.0,163118.0,150000.0,-0.006842805550275613
1319161,WARNER MUSIC GROUP CORP.,2013,3887000000.0,-18000000.0,623000000.0,163118.0,,-0.00463082068433239
1319161,WARNER MUSIC GROUP CORP.,2014,2393000000.0,594000000.0,-16000000.0,163118.0,,0.248223986627664
1319161,WARNER MUSIC GROUP CORP.,2015,531000000.0,16000000.0,3027000000.0,163118.0,,0.030131826741996232
1319161,WARNER MUSIC GROUP CORP.,2016,-390000000.0,18000000.0,1419000000.0,163118.0,,-0.046153846153846156
1319161,WARNER MUSIC GROUP CORP.,2017,-3718000000.0,11000000.0,-16000000.0,163118.0,,-0.0029585798816568047
1319161,WARNER MUSIC GROUP CORP.,2018,2510000000.0,25000000.0,-309000000.0,163118.0,,0.0099601593625498
1319161,WARNER MUSIC GROUP CORP.,2019,-4210000000.0,-614000000.0,958000000.0,163118.0,,0.14584323040380048
1319161,WARNER MUSIC GROUP CORP.,2020,2217000000.0,67000000.0,4475000000.0,163118.0,,0.030221019395579612
1320729,"UNIVERSAL BIOENERGY, INC.",2013,8657693.0,-4034453.0,57327732.0,,,-0.46599631102650557
1320947,DIAMOND FOODS INC,2012,1322907000.0,-32936000.0,207685000.0,,,-0.02489668585924785
1320947,DIAMOND FOODS INC,2013,1299349000.0,-20184000.0,60879000.0,,,-0.01553393276171375
1320947,DIAMOND FOODS INC,2014,1172315000.0,-10729000.0,220577000.0,,,-0.009151977071009072
1320947,DIAMOND FOODS INC,2015,1212692000.0,33030000.0,139854000.0,,,0.02723692413242604
1321228,"WNC HOUSING TAX CREDIT FUND VI, L.P., SERIES 13",2012,10757768.0,-975.0,,,,-9.063218318149266e-05
1322505,"ALBIREO PHARMA, INC.",2016,28869000.0,-18737000.0,,,,-0.6490352973778101
1322505,BIODEL INC,2011,32616000.0,-8068000.0,,,,-0.24736325729703212
1322505,BIODEL INC,2012,41134000.0,-3383000.0,,,,-0.0822433996207517
1322505,BIODEL INC,2013,41151000.0,-774000.0,,,,-0.018808777429467086
1322505,BIODEL INC,2014,25425000.0,,,,,
1322505,BIODEL INC,2015,41424000.0,-18737000.0,,,,-0.4523223252220935
1323974,"MWI VETERINARY SUPPLY, INC.",2011,504219000.0,,941332000.0,163893.0,,
1323974,"MWI VETERINARY SUPPLY, INC.",2012,504219000.0,,155116000.0,163893.0,,
1323974,"MWI VETERINARY SUPPLY, INC.",2013,802555000.0,,605080000.0,163893.0,,
1323974,"MWI VETERINARY SUPPLY, INC.",2014,1041916000.0,,606443000.0,163893.0,,
1324772,APIGEE CORP,2015,95622000.0,-60793000.0,52702000.0,,,-0.6357637363786577
1324772,APIGEE CORP,2016,118837000.0,-41512000.0,13219000.0,,,-0.3493188148472277
1325740,"ADVANCED BIOENERGY, LLC",2011,246197000.0,31221000.0,,,,0.1268130805818105
1325740,"ADVANCED BIOENERGY, LLC",2012,67556000.0,5106000.0,,,,0.07558173959381846
1325740,"ADVANCED BIOENERGY, LLC",2014,26701000.0,-802000.0,,,,-0.030036328227407212
1325740,"ADVANCED BIOENERGY, LLC",2016,72788000.0,-705000.0,,,,-0.009685662471836018
1325740,"ADVANCED BIOENERGY, LLC",2017,26746000.0,-705000.0,,,,-0.026359081731847752
1325740,"ADVANCED BIOENERGY, LLC",2018,28580000.0,357000.0,144878000.0,,,0.012491252624212737
1325740,"ADVANCED BIOENERGY, LLC",2019,50700000.0,-5099000.0,31868000.0,,,-0.10057199211045365
1326396,"KEYUAN PETROCHEMICALS, INC.",2016,105687000.0,,29516000.0,,,
1327557,"EARTH ENERGY RESERVES, INC.",2011,220778.0,-114028.0,,,,-0.5164826205509607
1329136,MICROELECTRONICS TECHNOLOGY CO,2012,126500.0,-214689.0,,,,-1.6971462450592885
1329136,MICROELECTRONICS TECHNOLOGY CO,2013,283093.0,-643254.0,15423.0,,,-2.272235625748429
1329136,MICROELECTRONICS TECHNOLOGY CO,2014,103996.0,-643254.0,52233.0,,,-6.185372514327474
1329548,INFERX CORP,2012,530893.0,0.0,3395002.0,,,0.0
1329957,OSL HOLDINGS INC.,2012,199447.0,,,,,
1329957,OSL HOLDINGS INC.,2013,2202.0,-10479088.0,,,,-4758.895549500454
1331275,"VITAL PRODUCTS, INC.",2012,20883.0,-244246.0,534299.0,,,-11.695924915002633
1332445,SKY HARVEST ENERGY CORP.,2013,223951.0,-266441.0,,,,-1.1897290032194543
1332572,"ECAREER HOLDINGS, INC.",2013,1487573.0,-5854847.0,9092.0,,,-3.9358384428865003
1333519,BAYING ECOLOGICAL HOLDING GROUP INC.,2014,,-35485.0,,,,
1333519,BAYING ECOLOGICAL HOLDING GROUP INC.,2015,0.0,-276296.0,,,,
1333519,BAYING ECOLOGICAL HOLDING GROUP INC.,2017,2263.0,-47288.0,,,,-20.89615554573575
1333519,BAYING ECOLOGICAL HOLDING GROUP INC.,2019,,-40941.0,,,,
1333822,SEMILEDS CORP,2012,178326000.0,3820000.0,8000.0,,,0.021421441629375412
1333822,SEMILEDS CORP,2013,85705000.0,-49457000.0,9300000.0,,,-0.5770608482585613
1333822,SEMILEDS CORP,2014,66707000.0,-17857000.0,2278000.0,,,-0.26769304570734703
1333822,SEMILEDS CORP,2015,38520000.0,-13274000.0,1418000.0,,,-0.3446002076843198
1333822,SEMILEDS CORP,2016,38520000.0,-4331000.0,161000.0,,,-0.11243509865005193
1333822,SEMILEDS CORP,2017,22235000.0,-1586000.0,1830000.0,,,-0.07132898583314594
1333822,SEMILEDS CORP,2018,14250000.0,-690000.0,2571000.0,,,-0.04842105263157895
1333822,SEMILEDS CORP,2019,11662000.0,-881000.0,542000.0,,,-0.07554450351569199
1333822,SEMILEDS CORP,2020,8258000.0,-847000.0,6068000.0,,,-0.10256720755630903
1334699,"LI3 ENERGY, INC.",2013,63963400.0,-2312071.0,,,,-0.03614678081527874
1334699,"LI3 ENERGY, INC.",2015,8392148.0,412875.0,,,,0.04919777391914442
1334699,"LI3 ENERGY, INC.",2016,8392148.0,0.0,,,,0.0
1334933,URANIUM ENERGY CORP,2012,65390985.0,-25083720.0,0.0,105570.0,,-0.3835959956865614
1334933,URANIUM ENERGY CORP,2013,85143395.0,-27358095.0,13757400.0,105570.0,,-0.3213178779164256
1334933,URANIUM ENERGY CORP,2014,64907320.0,-21863091.0,0.0,105570.0,,-0.336835521787065
1334933,URANIUM ENERGY CORP,2015,57900257.0,-25975107.0,0.0,105570.0,,-0.4486181641646254
1334933,URANIUM ENERGY CORP,2016,56176311.0,0.0,0.0,105570.0,,0.0
1334933,URANIUM ENERGY CORP,2017,56176311.0,0.0,0.0,105570.0,0.0,0.0
1334933,URANIUM ENERGY CORP,2018,72177234.0,0.0,,105570.0,120000.0,0.0
1334933,URANIUM ENERGY CORP,2019,101040242.0,,,105570.0,120000.0,
1334933,URANIUM ENERGY CORP,2020,91389617.0,-14610516.0,,105570.0,120000.0,-0.1598706338817461
1335493,"PROVISION HOLDING, INC.",2015,950813.0,,74943.0,,,
1335493,"PROVISION HOLDING, INC.",2016,1842661.0,,574529.0,,,
1335493,"PROVISION HOLDING, INC.",2017,6492512.0,-7325128.0,1705745.0,,,-1.1282425045960638
1335725,ISRAEL GROWTH PARTNERS ACQUISITION CORP.,2012,7219.0,0.0,0.0,,,0.0
1336282,"PLACER DEL MAR, LTD.",2013,446019.0,-57591.0,,,,-0.1291223019647145
1336282,"URBAN HYDROPONICS, INC.",2015,,-292029.0,,,,
1337068,"MAGYAR BANCORP, INC.",2011,524037000.0,,,,,
1337068,"MAGYAR BANCORP, INC.",2012,524037000.0,,,,,
1337068,"MAGYAR BANCORP, INC.",2013,537728000.0,,,,,
1337068,"MAGYAR BANCORP, INC.",2014,530430000.0,,,,,
1337068,"MAGYAR BANCORP, INC.",2015,550565000.0,,,,,
1337068,"MAGYAR BANCORP, INC.",2016,550565000.0,,,,,
1337068,"MAGYAR BANCORP, INC.",2017,603044000.0,,,,,
1337068,"MAGYAR BANCORP, INC.",2018,603044000.0,,,,,
1337068,"MAGYAR BANCORP, INC.",2019,630328000.0,,,,,
1337068,"MAGYAR BANCORP, INC.",2020,630328000.0,,,,,
1337408,PARACAP CORP,2014,0.0,,,,,
1337408,PARACAP CORP,2015,0.0,-750.0,,,,
1337905,"INTELLECT NEUROSCIENCES, INC.",2014,9853.0,-15051544.0,0.0,,,-1527.6102709834568
1337905,"INTELLECT NEUROSCIENCES, INC.",2015,26108.0,-15051544.0,,,,-576.5108012869619
1338460,CHINA GINSENG HOLDINGS INC,2012,8173269.0,-1108333.0,,,,-0.13560461548494243
1338460,CHINA GINSENG HOLDINGS INC,2014,17243.0,,3563165.0,,,
1338460,CHINA GINSENG HOLDINGS INC,2015,8820291.0,,2610024.0,,,
1338690,"NATIONAL MENTOR HOLDINGS, INC.",2011,1015885000.0,-5456000.0,,,,-0.005370686642681012
1338690,"NATIONAL MENTOR HOLDINGS, INC.",2012,1046800000.0,-6867000.0,,,,-0.0065599923576614445
1338690,"NATIONAL MENTOR HOLDINGS, INC.",2013,157757000.0,-2982000.0,,,,-0.018902489271474483
1338690,"NATIONAL MENTOR HOLDINGS, INC.",2014,136305000.0,-14380000.0,,,,-0.10549869777337588
1338929,"GLOBAL FASHION TECHNOLOGIES, INC.",2016,755.0,-426321.0,193248.0,,,-564.6635761589404
1339947,VIACOM INC.,2010,21900000000.0,917000000.0,9337000000.0,147200.0,,0.04187214611872146
1339947,VIACOM INC.,2011,16404000000.0,245000000.0,2413000000.0,147200.0,,0.014935381614240429
1339947,VIACOM INC.,2012,16404000000.0,212000000.0,1789000000.0,147200.0,,0.012923677151914167
1339947,VIACOM INC.,2013,5647000000.0,643000000.0,1469000000.0,147200.0,,0.11386576943509828
1339947,VIACOM INC.,2014,23117000000.0,478000000.0,13783000000.0,147200.0,,0.020677423541116926
1339947,VIACOM INC.,2015,17647000000.0,884000000.0,3991000000.0,147200.0,,0.050093500311667705
1339947,VIACOM INC.,2016,22143000000.0,432000000.0,3725000000.0,147200.0,,0.019509551551280313
1339947,VIACOM INC.,2017,22508000000.0,121000000.0,3154000000.0,147200.0,,0.005375866358628043
1339947,VIACOM INC.,2018,23698000000.0,674000000.0,2662000000.0,147200.0,,0.028441218668242046
1339947,VIACOM INC.,2019,17576000000.0,394000000.0,4751000000.0,147200.0,,0.02241693218024579
1341726,"GULFSLOPE ENERGY, INC.",2012,752382.0,-1697292.0,,,,-2.2558912892652936
1341726,"GULFSLOPE ENERGY, INC.",2013,2904978.0,,12040.0,,,
1341726,"GULFSLOPE ENERGY, INC.",2014,8257930.0,,,,,
1341726,"GULFSLOPE ENERGY, INC.",2015,8257930.0,-3691583.0,,,,-0.44703491068584983
1341726,"GULFSLOPE ENERGY, INC.",2016,4716031.0,-5175914.0,,,,-1.0975148382188327
1341726,"GULFSLOPE ENERGY, INC.",2017,1938362.0,-5175914.0,,,,-2.670251480373635
1341726,"GULFSLOPE ENERGY, INC.",2018,20093007.0,-2636734.0,,,,-0.1312264510732515
1341726,"GULFSLOPE ENERGY, INC.",2019,37551079.0,370787.0,,,,0.009874203614761642
1341726,"GULFSLOPE ENERGY, INC.",2020,16074688.0,-2416092.0,,,,-0.1503041303196678
1342792,WORLDWIDE STRATEGIES INC,2012,8597.0,-1226319.0,,,,-142.644992439223
1342792,WORLDWIDE STRATEGIES INC,2014,4859.0,-347772.0,,,,-71.57275159497839
1343009,AMERICAN MINING CORP,2011,,-107310.0,,,,
1343009,AMERICAN MINING CORP,2012,,-20021.0,,,,
1343009,AMERICAN MINING CORP,2013,,-20021.0,,,,
1343009,CANNABICS PHARMACEUTICALS INC.,2014,72755.0,-270005.0,,,,-3.7111538725860767
1343009,CANNABICS PHARMACEUTICALS INC.,2016,28704.0,-541387.0,0.0,,,-18.861029821627646
1343009,CANNABICS PHARMACEUTICALS INC.,2017,23716.0,-307181.0,5684.0,,,-12.952479338842975
1343009,CANNABICS PHARMACEUTICALS INC.,2018,3184905.0,-1933841.0,9601.0,,,-0.607189539405414
1343009,CANNABICS PHARMACEUTICALS INC.,2019,3184905.0,-3776617.0,9843.0,,,-1.1857863892329599
1343009,CANNABICS PHARMACEUTICALS INC.,2020,15183166.0,1132970.0,7157.0,,,0.07462014180705132
1343254,DOMINOVAS ENERGY CORP,2014,3156.0,-426155.0,,,,-135.03010139416983
1343254,DOMINOVAS ENERGY CORP,2015,37037.0,-1346172.0,,,,-36.346680346680344
1343254,WESTERN STANDARD ENERGY CORP.,2012,0.0,-121798.0,,,,
1343254,WESTERN STANDARD ENERGY CORP.,2013,,-5359055.0,,,,
1343601,WEST CANYON ENERGY CORP.,2012,2576653.0,-37796.0,0.0,,,-0.014668641838850633
1344394,COLORADO GOLDFIELDS INC.,2012,2557014.0,,,37895.0,,
1344394,COLORADO GOLDFIELDS INC.,2013,2216421.0,,0.0,37895.0,,
1345756,PANEX RESOURCES INC.,2012,19357.0,-500.0,,,,-0.02583044893320246
1345756,PANEX RESOURCES INC.,2013,65799.0,-500.0,,,,-0.007598899679326434
1345756,PANEX RESOURCES INC.,2014,1354111.0,-143626.0,,,,-0.10606663707775803
1345756,PANEX RESOURCES INC.,2015,666920.0,,,,,
1345756,PANEX RESOURCES INC.,2016,666920.0,-163406.0,,,,-0.24501589396029508
1346022,ENERTOPIA CORP.,2012,1173084.0,-200091.0,0.0,,,-0.1705683480466872
1346022,ENERTOPIA CORP.,2013,54469.0,-372535.0,0.0,,,-6.8393948851640385
1346022,ENERTOPIA CORP.,2014,54469.0,-167683.0,406461.0,,,-3.0785033688887258
1346022,ENERTOPIA CORP.,2015,366110.0,-1149433.0,,,,-3.1395837316653465
1346022,ENERTOPIA CORP.,2016,240364.0,-525501.0,,,,-2.1862716546571033
1346022,ENERTOPIA CORP.,2017,191213.0,-801166.0,,,,-4.189913865689048
1346022,ENERTOPIA CORP.,2018,271690.0,-801166.0,,,,-2.948824027384151
1346022,ENERTOPIA CORP.,2019,46245.0,-422341.0,,,,-9.132684614552925
1346022,ENERTOPIA CORP.,2020,86214.0,-422341.0,,,,-4.89875194283991
1346655,"CMG HOLDINGS GROUP, INC.",2016,321516.0,-30000.0,,,,-0.0933079535699623
1348362,LEXARIA BIOSCIENCE CORP.,2016,711722.0,,40718.0,,,
1348362,LEXARIA BIOSCIENCE CORP.,2017,2860178.0,,40718.0,,,
1348362,LEXARIA BIOSCIENCE CORP.,2018,2431826.0,-1277249.0,,,,-0.5252221992856397
1348362,LEXARIA BIOSCIENCE CORP.,2019,1901854.0,-6609187.0,1137.0,,,-3.47512847989383
1348362,LEXARIA BIOSCIENCE CORP.,2020,2828238.0,-4084613.0,328.0,,,-1.4442253445431397
1348362,LEXARIA CORP.,2015,2635136.0,-1983270.0,0.0,,,-0.7526252914460582
1350072,"CMS BANCORP, INC.",2011,247385000.0,229000.0,,,,0.0009256826404187804
1350072,"CMS BANCORP, INC.",2012,264666000.0,-639000.0,,,,-0.0024143637641404637
1350072,"CMS BANCORP, INC.",2013,22327000.0,-639000.0,,,,-0.028620056433914094
1350072,"CMS BANCORP, INC.",2014,258255000.0,657000.0,,,,0.0025439972120578497
1350420,"LINCOLNWAY ENERGY, LLC",2012,61198788.0,4362458.0,173951126.0,163668.0,,0.07128340515501712
1350420,"LINCOLNWAY ENERGY, LLC",2013,54001124.0,-6656768.0,38564213.0,163668.0,,-0.12327091562020079
1350420,"LINCOLNWAY ENERGY, LLC",2014,44998730.0,18026528.0,126440000.0,163668.0,,0.40060081695638966
1350420,"LINCOLNWAY ENERGY, LLC",2015,49065346.0,584715.0,15579463.0,163668.0,,0.01191706668083009
1350420,"LINCOLNWAY ENERGY, LLC",2016,46085438.0,2651564.0,21837000.0,163668.0,,0.05753583160042875
1350420,"LINCOLNWAY ENERGY, LLC",2017,51173323.0,0.0,22463582.0,163668.0,,0.0
1350420,"LINCOLNWAY ENERGY, LLC",2018,51173323.0,4503848.0,101141768.0,163668.0,,0.08801163840776961
1350420,"LINCOLNWAY ENERGY, LLC",2019,58403472.0,0.0,75202882.0,163668.0,,0.0
1350420,"LINCOLNWAY ENERGY, LLC",2020,53713992.0,0.0,77736000.0,163668.0,,0.0
1350593,"MUELLER WATER PRODUCTS, INC.",2011,83300000.0,919400000.0,359100000.0,166482.0,,11.037214885954382
1350593,"MUELLER WATER PRODUCTS, INC.",2012,843500000.0,-25800000.0,844900000.0,166482.0,,-0.03058684054534677
1350593,"MUELLER WATER PRODUCTS, INC.",2013,843000000.0,,116900000.0,166482.0,,
1350593,"MUELLER WATER PRODUCTS, INC.",2014,217400000.0,105100000.0,783300000.0,166482.0,,0.4834406623735051
1350593,"MUELLER WATER PRODUCTS, INC.",2015,139600000.0,0.0,401400000.0,166482.0,,0.0
1350593,"MUELLER WATER PRODUCTS, INC.",2016,243500000.0,6200000.0,301000000.0,166482.0,,0.02546201232032854
1350593,"MUELLER WATER PRODUCTS, INC.",2017,88400000.0,19300000.0,0.0,166482.0,,0.21832579185520362
1350593,"MUELLER WATER PRODUCTS, INC.",2018,377300000.0,63900000.0,226900000.0,166482.0,,0.16936125099390406
1350593,"MUELLER WATER PRODUCTS, INC.",2019,360900000.0,0.0,17800000.0,166482.0,,0.0
1350593,"MUELLER WATER PRODUCTS, INC.",2020,1107800000.0,0.0,162700000.0,166482.0,,0.0
1351288,GW PHARMACEUTICALS PLC,2018,442922000.0,-84011000.0,1381000.0,,,-0.18967447993100364
1351765,SOUTH AMERICAN GOLD CORP.,2012,654334.0,,0.0,,,
1351765,SOUTH AMERICAN GOLD CORP.,2013,1181.0,,,,,
1352081,CARDINAL ETHANOL LLC,2012,154529765.0,6899308.0,337019930.0,,,0.04464711377772431
1352081,CARDINAL ETHANOL LLC,2013,154529765.0,-3863488.0,357611814.0,,,-0.025001578174923128
1352081,CARDINAL ETHANOL LLC,2014,168780076.0,0.0,337355515.0,,,0.0
1352081,CARDINAL ETHANOL LLC,2015,166386065.0,9301752.0,82085467.0,,,0.05590463360017559
1352081,CARDINAL ETHANOL LLC,2016,157468720.0,0.0,53978969.0,,,0.0
1352081,CARDINAL ETHANOL LLC,2017,159171996.0,7101238.0,51589923.0,,,0.044613614068142994
1352081,CARDINAL ETHANOL LLC,2018,156548789.0,3254249.0,55855489.0,,,0.02078744282078094
1352081,CARDINAL ETHANOL LLC,2019,124310575.0,13424624.0,82497475.0,,,0.10799261446582481
1352081,CARDINAL ETHANOL LLC,2020,124310575.0,0.0,63665456.0,,,0.0
1352341,VERIGY LTD.,2010,713000000.0,-127000000.0,539000000.0,,,-0.17812061711079943
1353406,REDHAWK HOLDINGS CORP.,2016,3638816.0,-105615.0,29450.0,,,-0.02902455084291154
1353406,REDHAWK HOLDINGS CORP.,2017,3638816.0,-1306820.0,,,,-0.3591333005021414
1353406,REDHAWK HOLDINGS CORP.,2018,2911325.0,,275845.0,,,
1353406,REDHAWK HOLDINGS CORP.,2019,1194456.0,-910062.0,129006.0,,,-0.7619050011051056
1353406,REDHAWK HOLDINGS CORP.,2020,77944.0,-1813702.0,1134192.0,,,-23.26929590475213
1353612,CURRENCYSHARES CANADIAN DOLLAR TRUST,2012,,404906.0,768957.0,,,
1353614,CURRENCYSHARES AUSTRALIAN DOLLAR TRUST,2011,,9872110.0,11542447.0,,,
1353614,CURRENCYSHARES AUSTRALIAN DOLLAR TRUST,2012,,8449651.0,5300777.0,,,
1353614,CURRENCYSHARES AUSTRALIAN DOLLAR TRUST,2013,,30565349.0,8330286.0,,,
1354591,"PETLIFE PHARMACEUTICALS, INC.",2016,5400.0,,,,,
1354591,"PETLIFE PHARMACEUTICALS, INC.",2017,1172.0,,,,,
1355128,OCZ TECHNOLOGY GROUP INC,2013,-86670000.0,-17088000.0,22921000.0,,,0.19716164762893734
1355250,CELLCEUTIX CORP,2012,313095.0,-4668254.0,,,,-14.910024114086779
1357838,STW RESOURCES HOLDING CORP.,2012,153080.0,-13723704.0,,,,-89.65053566762477
1357971,ENERGY SERVICES OF AMERICA CORP,2011,128976265.0,5772350.0,218287753.0,,,0.044755133822490516
1357971,ENERGY SERVICES OF AMERICA CORP,2012,33100000.0,-48522177.0,14800000.0,,,-1.4659267975830816
1357971,ENERGY SERVICES OF AMERICA CORP,2013,50697400.0,2400000.0,48700000.0,,,0.04733970578372856
1357971,ENERGY SERVICES OF AMERICA CORP,2014,50697400.0,2067017.0,21486057.0,,,0.04077165692915218
1357971,ENERGY SERVICES OF AMERICA CORP,2015,29145387.0,543887.0,116800046.0,,,0.018661169261537
1357971,ENERGY SERVICES OF AMERICA CORP,2016,46804577.0,-803617.0,34374091.0,,,-0.017169624244227227
1357971,ENERGY SERVICES OF AMERICA CORP,2017,41924898.0,-1867148.0,37496872.0,,,-0.04453554067084433
1357971,ENERGY SERVICES OF AMERICA CORP,2018,36754557.0,,,,,
1357971,ENERGY SERVICES OF AMERICA CORP,2019,55928038.0,,,,,
1358633,"INTELLIGENT BUYING, INC.",2018,,-34837.0,,,,
1358651,NEIMAN MARCUS GROUP LTD LLC,2017,8256888000.0,-406110000.0,0.0,,,-0.04918439005107009
1359687,"RED TRAIL ENERGY, LLC",2012,75748166.0,-149257.0,131458769.0,,,-0.0019704371456333346
1359687,"RED TRAIL ENERGY, LLC",2013,71740861.0,3852295.0,112290222.0,,,0.05369736223266124
1359687,"RED TRAIL ENERGY, LLC",2014,95658429.0,15975873.0,33785964.0,,,0.16700956901560657
1359687,"RED TRAIL ENERGY, LLC",2015,95658429.0,30590334.0,28403337.0,,,0.31978712508439794
1359687,"RED TRAIL ENERGY, LLC",2016,75591411.0,0.0,28571787.0,,,0.0
1359687,"RED TRAIL ENERGY, LLC",2017,75591411.0,5233540.0,28536654.0,,,0.0692345853948936
1359687,"RED TRAIL ENERGY, LLC",2018,72465492.0,8364850.0,26015741.0,,,0.11543218391451755
1359687,"RED TRAIL ENERGY, LLC",2019,72465492.0,-3540211.0,22360758.0,,,-0.04885374958883878
1359687,"RED TRAIL ENERGY, LLC",2020,65581121.0,-4638938.0,23638144.0,,,-0.0707358753443693
1359699,GULF WESTERN PETROLEUM CORP,2012,0.0,-12000.0,0.0,,,
1359699,"WHOLEHEALTH PRODUCTS, INC.",2012,,12000.0,,,,
1359699,"WHOLEHEALTH PRODUCTS, INC.",2014,464.0,-372000.0,,,,-801.7241379310345
1362180,PSM HOLDINGS INC,2012,2488765.0,-2077425.0,3863446.0,,,-0.8347212372401572
1362180,PSM HOLDINGS INC,2014,27902017.0,-1801267.0,12538235.0,,,-0.06455687414999424
1362180,PSM HOLDINGS INC,2015,31438973.0,-5853081.0,10526199.0,,,-0.18617277988056416
1362516,"CLEARTRONIC, INC.",2011,136120.0,-1087016.0,542941.0,,,-7.985718483690861
1362718,"TIANYIN PHARMACEUTICAL CO., INC.",2014,110143904.0,-644952.0,67500476.0,,,-0.005855539676530804
1364123,PIONEER EXPLORATION INC.,2012,202.0,-692466.0,,,,-3428.0495049504952
1365748,"NOGAL ENERGY, INC.",2014,8718.0,-694312.0,,,,-79.64120211057582
1367859,CITIZENS COMMUNITY BANCORP INC.,2011,536557000.0,-3183000.0,,,,-0.005932268146720665
1367859,CITIZENS COMMUNITY BANCORP INC.,2012,52888000.0,206000.0,,,,0.003895023445772198
1367859,CITIZENS COMMUNITY BANCORP INC.,2013,55103000.0,206000.0,,,,0.0037384534417363845
1367859,CITIZENS COMMUNITY BANCORP INC.,2014,54185000.0,206000.0,,,,0.0038017901633293346
1367859,CITIZENS COMMUNITY BANCORP INC.,2015,569815000.0,1783000.0,,,,0.0031290857559032317
1367859,CITIZENS COMMUNITY BANCORP INC.,2016,0.0,-623000.0,,,,
1367859,CITIZENS COMMUNITY BANCORP INC.,2017,940664000.0,2573000.0,,,,0.002735301871869233
1367859,CITIZENS COMMUNITY BANCORP INC.,2018,940664000.0,4283000.0,,,,0.004553166699267751
1368275,W&E SOURCE CORP.,2012,422924.0,-305309.0,3649.0,,,-0.7219003887223236
1368275,W&E SOURCE CORP.,2013,422924.0,-305309.0,24201.0,,,-0.7219003887223236
1368457,ALBERTO-CULVER CO,2010,1878275000.0,155310000.0,1597233000.0,,,0.08268757237358747
1368458,"SALLY BEAUTY HOLDINGS, INC.",2010,1490732000.0,,2916090000.0,,,
1368458,"SALLY BEAUTY HOLDINGS, INC.",2011,808842000.0,,514005000.0,,,
1368458,"SALLY BEAUTY HOLDINGS, INC.",2012,404570000.0,,836576000.0,,,
1368458,"SALLY BEAUTY HOLDINGS, INC.",2013,2381819000.0,,2896990000.0,,,
1368458,"SALLY BEAUTY HOLDINGS, INC.",2014,530190000.0,,1444755000.0,,,
1368458,"SALLY BEAUTY HOLDINGS, INC.",2015,1952321000.0,,3102406000.0,,,
1368458,"SALLY BEAUTY HOLDINGS, INC.",2016,972441000.0,,3834343000.0,,,
1368458,"SALLY BEAUTY HOLDINGS, INC.",2017,110757000.0,,998161000.0,,,
1368458,"SALLY BEAUTY HOLDINGS, INC.",2018,2095038000.0,230209000.0,732806000.0,,,0.10988297109646698
1368458,"SALLY BEAUTY HOLDINGS, INC.",2019,1985640000.0,71164000.0,743572000.0,,,0.03583932636328841
1368458,"SALLY BEAUTY HOLDINGS, INC.",2020,2098446000.0,31976000.0,1583317000.0,,,0.015237942744297447
1368637,PETROLIA ENERGY CORP,2019,12677866.0,,,,,
1368765,UMAMI SUSTAINABLE SEAFOOD INC.,2012,91718000.0,1035000.0,97433000.0,,,0.011284589720665518
1371534,GOLD DYNAMICS CORP.,2011,0.0,-5658.0,,,,
1371534,GOLD DYNAMICS CORP.,2012,0.0,0.0,,,,
1371534,GOLD DYNAMICS CORP.,2013,,-5090.0,,,,
1371534,GOLD DYNAMICS CORP.,2014,0.0,-26194.0,,,,
1371534,GOLD DYNAMICS CORP.,2015,0.0,-7255.0,,,,
1372336,LIBERTY ENERGY CORP.,2012,402819.0,-14239.0,0.0,,,-0.03534838227591052
1372336,LIBERTY ENERGY CORP.,2013,402819.0,-13013.0,0.0,,,-0.03230483169860409
1372620,KALEX CORP,2015,90.0,,,,,
1372954,"GRYPHON RESOURCES, INC.",2011,17260.0,-57322.0,,,,-3.3210892236384706
1372954,"GRYPHON RESOURCES, INC.",2019,0.0,-31049.0,,,,
1373444,ITALK INC.,2013,570603.0,-13956.0,195339.0,,,-0.024458336181197787
1373444,SOPAC CELLULAR SOLUTIONS INC.,2012,1578.0,-90957.0,0.0,,,-57.64068441064639
1373690,AMERICAN PARAMOUNT GOLD CORP.,2015,977.0,-3500776.0,,,,-3583.1893551688845
1373690,INDIGENOUS ROOTS CORP.,2020,797252.0,0.0,2481.0,,,0.0
1373853,NEW AMERICA ENERGY CORP.,2012,19992.0,-25000.0,,,,-1.250500200080032
1374567,"LIBERATOR, INC.",2012,6889405.0,-801252.0,12779892.0,,,-0.11630206091817799
1374567,"LIBERATOR, INC.",2015,3310848.0,,459149.0,,,
1374567,"LUVU BRANDS, INC.",2017,3752000.0,,16931000.0,,,
1374567,"LUVU BRANDS, INC.",2018,3876000.0,,16426000.0,,,
1374567,"LUVU BRANDS, INC.",2019,3713000.0,,317000.0,,,
1374567,"LUVU BRANDS, INC.",2020,5447000.0,,4929000.0,,,
1374881,KESSELRING HOLDING CORPORATION.,2014,4442.0,,,,,
1374881,KINGFISH HOLDING CORP,2014,4442.0,,,,,
1374881,KINGFISH HOLDING CORP,2015,9373.0,,,,,
1375063,SYNTHESIS ENERGY SYSTEMS INC,2017,929000.0,-26236000.0,151000.0,,,-28.241119483315394
1375063,SYNTHESIS ENERGY SYSTEMS INC,2018,8123000.0,-26523000.0,151000.0,,,-3.265172965653084
1375365,"SUPER MICRO COMPUTER, INC.",2019,1769505000.0,71423000.0,2032948000.0,,,0.04036326543298832
1375576,"LITHIUM EXPLORATION GROUP, INC.",2013,1436996.0,-22888.0,0.0,,,-0.01592767133659384
1375576,"LITHIUM EXPLORATION GROUP, INC.",2014,302816.0,-7364631.0,0.0,,,-24.320481744689843
1375576,"LITHIUM EXPLORATION GROUP, INC.",2015,1062766.0,-2445193.0,0.0,,,-2.3007821100787944
1375576,"LITHIUM EXPLORATION GROUP, INC.",2016,115021.0,-2516369.0,0.0,,,-21.877474548125996
1375618,"AMAZING ENERGY OIL & GAS, CO.",2015,6414577.0,-15083992.0,,,,-2.351517800784058
1375618,"AMAZING ENERGY OIL & GAS, CO.",2017,7248398.0,-1372808.0,,,,-0.1893946772790346
1375618,"AMAZING ENERGY OIL & GAS, CO.",2018,9661446.0,-6515456.0,401120.0,,,-0.6743768996897566
1375618,"AMAZING ENERGY OIL & GAS, CO.",2019,10811709.0,-8051026.0,596549.0,,,-0.7446580369486452
1376793,"CAVITATION TECHNOLOGIES, INC.",2012,397588.0,-8196462.0,777142.0,,,-20.61546626155719
1376793,"CAVITATION TECHNOLOGIES, INC.",2013,570432.0,-1928128.0,187216.0,,,-3.380118927409402
1376793,"CAVITATION TECHNOLOGIES, INC.",2014,1557220.0,-2184487.0,1259623.0,,,-1.4028120625216733
1376793,"CAVITATION TECHNOLOGIES, INC.",2015,1761202.0,-2184487.0,1855707.0,,,-1.240338700501135
1376793,"CAVITATION TECHNOLOGIES, INC.",2016,1761202.0,432780.0,489255.0,,,0.24572990491720995
1376793,"CAVITATION TECHNOLOGIES, INC.",2017,959684.0,432780.0,1798217.0,,,0.4509609413098478
1376793,"CAVITATION TECHNOLOGIES, INC.",2018,1079000.0,-233000.0,1290000.0,,,-0.2159406858202039
1376793,"CAVITATION TECHNOLOGIES, INC.",2019,1021000.0,-723000.0,1303000.0,,,-0.7081292850146915
1376793,"CAVITATION TECHNOLOGIES, INC.",2020,1021000.0,,38000.0,,,
1376804,"VNUE, INC.",2016,45288.0,-4267263.0,,,,-94.22502649708532
1376986,TENNESSEE VALLEY AUTHORITY,2011,42753000000.0,982000000.0,10874000000.0,,,0.02296914836385751
1376986,TENNESSEE VALLEY AUTHORITY,2012,47334000000.0,-48000000.0,11841000000.0,,,-0.0010140702243630372
1376986,TENNESSEE VALLEY AUTHORITY,2013,46106000000.0,-10000000.0,3034000000.0,,,-0.0002168915108662647
1376986,TENNESSEE VALLEY AUTHORITY,2014,46106000000.0,-8000000.0,2382000000.0,,,-0.00017351320869301177
1376986,TENNESSEE VALLEY AUTHORITY,2015,48825000000.0,32000000.0,2651000000.0,,,0.0006554019457245264
1376986,TENNESSEE VALLEY AUTHORITY,2016,50494000000.0,661000000.0,2863000000.0,,,0.013090664237335129
1376986,TENNESSEE VALLEY AUTHORITY,2017,50494000000.0,233000000.0,2479000000.0,,,0.0046144096328276625
1376986,TENNESSEE VALLEY AUTHORITY,2018,50017000000.0,139000000.0,2707000000.0,,,0.002779055121258772
1376986,TENNESSEE VALLEY AUTHORITY,2019,50467000000.0,462000000.0,2725000000.0,,,0.009154496998038322
1376986,TENNESSEE VALLEY AUTHORITY,2020,52825000000.0,0.0,105000000.0,,,0.0
1377167,PACIFIC OIL CO,2015,87.0,-345557.0,0.0,,,-3971.919540229885
1377789,"AVIAT NETWORKS, INC.",2014,253200000.0,-12900000.0,471300000.0,176572.0,,-0.0509478672985782
1377789,"AVIAT NETWORKS, INC.",2015,229400000.0,-13300000.0,36000000.0,176572.0,,-0.05797733217088056
1378125,BLINK COUTURE INC.,2012,0.0,-6201.0,0.0,,,
1378125,BLINK COUTURE INC.,2013,,-583620.0,,,,
1378125,BLINK COUTURE INC.,2015,0.0,-101622.0,,,,
1378125,TOGA LTD,2017,100.0,-19333.0,,,,-193.33
1378125,TOGA LTD,2019,818207.0,-9742152.0,,,,-11.90670820464748
1378590,"BRIDGELINE DIGITAL, INC.",2011,31409000.0,-377000.0,26267000.0,,,-0.012002929096755707
1378590,"BRIDGELINE DIGITAL, INC.",2012,33690000.0,-782000.0,26267000.0,,,-0.023211635500148414
1378590,"BRIDGELINE DIGITAL, INC.",2013,33690000.0,-946000.0,26296000.0,,,-0.028079548827545264
1378590,"BRIDGELINE DIGITAL, INC.",2014,33560000.0,-6215000.0,24506000.0,,,-0.18519070321811681
1378590,"BRIDGELINE DIGITAL, INC.",2015,33560000.0,,19224000.0,,,
1378590,"BRIDGELINE DIGITAL, INC.",2016,17728000.0,-7824000.0,15895000.0,,,-0.44133574007220217
1378590,"BRIDGELINE DIGITAL, INC.",2017,17573000.0,-1602000.0,15895000.0,,,-0.09116257895635349
1378590,"BRIDGELINE DIGITAL, INC.",2018,17573000.0,,6914000.0,,,
1378590,"BRIDGELINE DIGITAL, INC.",2019,11155000.0,-9474000.0,1045000.0,,,-0.8493052442850739
1378590,"BRIDGELINE DIGITAL, INC.",2020,10660000.0,-9474000.0,944000.0,,,-0.8887429643527205
1378718,"WESCO AIRCRAFT HOLDINGS, INC",2012,1237964000.0,,771000.0,120444.0,,
1378718,"WESCO AIRCRAFT HOLDINGS, INC",2013,1631152000.0,,9405000.0,120444.0,,
1378718,"WESCO AIRCRAFT HOLDINGS, INC",2014,1631152000.0,,104383000.0,120444.0,,
1378718,"WESCO AIRCRAFT HOLDINGS, INC",2015,2412274000.0,,33602000.0,120444.0,,
1378718,"WESCO AIRCRAFT HOLDINGS, INC",2016,1709904000.0,,356154000.0,120444.0,,
1378718,"WESCO AIRCRAFT HOLDINGS, INC",2017,1754107000.0,,665224000.0,120444.0,,
1378718,"WESCO AIRCRAFT HOLDINGS, INC",2018,0.0,,5100000.0,120444.0,,
1378718,"WESCO AIRCRAFT HOLDINGS, INC",2019,55086000.0,,0.0,120444.0,,
1378992,BERRY GLOBAL GROUP INC,2017,3315000000.0,0.0,0.0,,,0.0
1378992,BERRY GLOBAL GROUP INC,2018,8476000000.0,371000000.0,4220000000.0,,,0.043770646531382726
1378992,"BERRY GLOBAL GROUP, INC.",2019,203000000.0,88000000.0,7095000000.0,,,0.43349753694581283
1378992,"BERRY GLOBAL GROUP, INC.",2020,1862000000.0,229000000.0,4223000000.0,,,0.12298603651987111
1378992,BERRY PLASTICS GROUP INC,2012,5039000000.0,-299000000.0,1187000000.0,,,-0.059337170073427266
1378992,BERRY PLASTICS GROUP INC,2013,4209000000.0,140000000.0,71000000.0,,,0.03326205749584224
1378992,BERRY PLASTICS GROUP INC,2014,722000000.0,62000000.0,9000000.0,,,0.08587257617728532
1378992,BERRY PLASTICS GROUP INC,2015,566000000.0,48000000.0,1140000000.0,,,0.08480565371024736
1378992,BERRY PLASTICS GROUP INC,2016,5028000000.0,13000000.0,24000000.0,,,0.0025855210819411296
1379006,"NANOVIRICIDES, INC.",2018,27002814.0,-10304490.0,,160997.0,,-0.3816080057434014
1379006,"NANOVIRICIDES, INC.",2020,13448513.0,0.0,,160997.0,,0.0
1380277,"INFRAX SYSTEMS, INC.",2012,5369651.0,-3884305.0,518388.0,,,-0.7233812774796723
1380277,"INFRAX SYSTEMS, INC.",2013,3575119.0,-166264.0,116776.0,,,-0.04650586456003283
1380856,APRECIA INC,2012,10517.0,-153031.0,,,,-14.550822477892936
1381324,URBAN AG. CORP.,2012,2220188.0,-673204.0,7242416.0,,,-0.3032193670085596
1381668,TFS FINANCIAL CORP,2010,11076027000.0,,,,,
1381668,TFS FINANCIAL CORP,2011,1823881000.0,9340000.0,,,,0.0051209481320327365
1381668,TFS FINANCIAL CORP,2012,1823881000.0,11479000.0,,,,0.006293722013662076
1381668,TFS FINANCIAL CORP,2013,11518125000.0,55959000.0,,,,0.004858342829236529
1381668,TFS FINANCIAL CORP,2014,1900318000.0,65891000.0,,,,0.03467367040674245
1381668,TFS FINANCIAL CORP,2015,1900318000.0,23023000.0,,,,0.012115340695609893
1381668,TFS FINANCIAL CORP,2016,12368886000.0,17851000.0,,,,0.0014432180877081411
1381668,TFS FINANCIAL CORP,2017,1723373000.0,22788000.0,,,,0.013222906474686559
1381668,TFS FINANCIAL CORP,2018,14137331000.0,22788000.0,,,,0.0016119025578449002
1381668,TFS FINANCIAL CORP,2019,1822398000.0,20875000.0,,,,0.011454687724635343
1381668,TFS FINANCIAL CORP,2020,14542356000.0,26840000.0,,,,0.0018456431681358923
1382230,"ESSA BANCORP, INC.",2011,1097480000.0,5258000.0,,,,0.004790975689762
1382230,"ESSA BANCORP, INC.",2012,176260000.0,215000.0,,,,0.001219788948144786
1382230,"ESSA BANCORP, INC.",2013,1418786000.0,659000.0,,,,0.00046448160610550144
1382230,"ESSA BANCORP, INC.",2014,167405000.0,215000.0,,,,0.001284310504465219
1382230,"ESSA BANCORP, INC.",2015,1574815000.0,9791000.0,,,,0.00621723821528243
1382230,"ESSA BANCORP, INC.",2016,171340000.0,7727000.0,,,,0.04509746702462939
1382230,"ESSA BANCORP, INC.",2017,182856000.0,9791000.0,,,,0.05354486590541191
1382230,"ESSA BANCORP, INC.",2018,182856000.0,7339000.0,,,,0.04013540709629435
1382230,"ESSA BANCORP, INC.",2019,1799427000.0,3009000.0,,,,0.0016721989833430309
1382230,"ESSA BANCORP, INC.",2020,189621000.0,12623000.0,,,,0.06656963100078578
1382231,FORTEM RESOURCES INC.,2019,142835816.0,,,,,
1382943,"PREDICTIVE TECHNOLOGY GROUP, INC.",2020,83842415.0,-5511832.0,43445105.0,,,-0.06574037734957897
1383196,"LOCATION BASED TECHNOLOGIES, INC.",2012,5521641.0,-8222705.0,303768.0,,,-1.489177764363891
1383196,"LOCATION BASED TECHNOLOGIES, INC.",2013,3370717.0,-7963485.0,948110.0,,,-2.3625492736411866
1383196,"LOCATION BASED TECHNOLOGIES, INC.",2014,2326462.0,-11049350.0,1918025.0,,,-4.7494220838337355
1383528,"VISION ACQUISITION III, INC",2011,6970.0,-112053.0,0.0,,,-16.076470588235296
1383875,"LRI HOLDINGS, INC.",2012,385013000.0,-224000.0,498963000.0,,,-0.0005817985366727877
1383875,"LRI HOLDINGS, INC.",2013,687826000.0,-46528000.0,0.0,,,-0.06764501487294752
1383875,"LRI HOLDINGS, INC.",2014,331897000.0,-62773000.0,161093000.0,,,-0.18913397831254877
1383875,"LRI HOLDINGS, INC.",2015,513898000.0,-60476000.0,163609000.0,,,-0.11768094057575627
1383960,"UNIVERSITY GENERAL HEALTH SYSTEM, INC.",2013,9890368.0,-3420330.0,113223258.0,,,-0.34582434141985413
1384135,SMARTHEAT INC.,2018,3115027.0,-2909425.0,772158.0,,,-0.9339967197716104
1385157,TE CONNECTIVITY LTD.,2011,1961000000.0,,554000000.0,10277.0,,
1385157,TE CONNECTIVITY LTD.,2011,1961000000.0,,554000000.0,10787.0,200000.0,
1385157,TE CONNECTIVITY LTD.,2012,16104000000.0,,4799000000.0,10277.0,,
1385157,TE CONNECTIVITY LTD.,2012,16104000000.0,,4799000000.0,10787.0,200000.0,
1385157,TE CONNECTIVITY LTD.,2013,7364000000.0,,750000000.0,10277.0,,
1385157,TE CONNECTIVITY LTD.,2013,7364000000.0,,750000000.0,10787.0,200000.0,
1385157,TE CONNECTIVITY LTD.,2014,1684000000.0,,5485000000.0,10277.0,,
1385157,TE CONNECTIVITY LTD.,2014,1684000000.0,,5485000000.0,10787.0,200000.0,
1385157,TE CONNECTIVITY LTD.,2015,20608000000.0,,3118000000.0,10277.0,,
1385157,TE CONNECTIVITY LTD.,2015,20608000000.0,,3118000000.0,10787.0,200000.0,
1385157,TE CONNECTIVITY LTD.,2016,6655000000.0,3839000000.0,3118000000.0,10277.0,,0.5768595041322314
1385157,TE CONNECTIVITY LTD.,2016,6655000000.0,3839000000.0,3118000000.0,10787.0,130000.0,0.5768595041322314
1385157,TE CONNECTIVITY LTD.,2017,1473000000.0,2009000000.0,1010000000.0,10277.0,,1.3638832315003395
1385157,TE CONNECTIVITY LTD.,2017,1473000000.0,2009000000.0,1010000000.0,10787.0,,1.3638832315003395
1385157,TE CONNECTIVITY LTD.,2018,889000000.0,2009000000.0,3507000000.0,10277.0,,2.2598425196850394
1385157,TE CONNECTIVITY LTD.,2018,889000000.0,2009000000.0,3507000000.0,10787.0,,2.2598425196850394
1385157,TE CONNECTIVITY LTD.,2019,13918000000.0,1844000000.0,814000000.0,10277.0,,0.13249030033050727
1385157,TE CONNECTIVITY LTD.,2019,13918000000.0,1844000000.0,814000000.0,10787.0,,0.13249030033050727
1385157,TE CONNECTIVITY LTD.,2020,959000000.0,26000000.0,13448000000.0,10277.0,,0.027111574556830033
1385157,TE CONNECTIVITY LTD.,2020,959000000.0,26000000.0,13448000000.0,10787.0,,0.027111574556830033
1385157,TYCO ELECTRONICS LTD.,2010,21398000000.0,-2541000000.0,3084000000.0,10277.0,,-0.11874941583325545
1385157,TYCO ELECTRONICS LTD.,2010,21398000000.0,-2541000000.0,3084000000.0,10787.0,200000.0,-0.11874941583325545
1385187,COVIDIEN PLC,2010,1467000000.0,386000000.0,2096000000.0,37895.0,,0.2631220177232447
1385187,COVIDIEN PLC,2011,16740000000.0,364000000.0,,37895.0,,0.021744324970131422
1385187,COVIDIEN PLC,2012,20374000000.0,-5158000000.0,0.0,37895.0,,-0.2531657995484441
1385187,COVIDIEN PLC,2013,-58335000000.0,1929000000.0,5209000000.0,37895.0,,-0.03306762663923888
1385187,COVIDIEN PLC,2014,25969000000.0,441000000.0,0.0,37895.0,,0.016981785975586278
1385310,UV FLU TECHNOLOGIES INC,2011,241063.0,-68355.0,155749.0,,,-0.28355658064489364
1385310,UV FLU TECHNOLOGIES INC,2012,331878.0,0.0,155749.0,,,0.0
1385508,LIGHTLAKE THERAPEUTICS INC.,2013,643053.0,-12421188.0,,177182.0,,-19.31596306991803
1385508,LIGHTLAKE THERAPEUTICS INC.,2014,300657.0,-4521998.0,,177182.0,,-15.040388216472591
1385508,LIGHTLAKE THERAPEUTICS INC.,2015,487795.0,-11482818.0,1550000.0,177182.0,,-23.5402535901352
1385508,"OPIANT PHARMACEUTICALS, INC.",2016,487795.0,-7814256.0,9897595.0,177182.0,,-16.019549195871218
1385508,"OPIANT PHARMACEUTICALS, INC.",2017,10807885.0,0.0,18445996.0,177182.0,,0.0
1385720,SALLY HOLDINGS LLC,2011,1727712000.0,,3269131000.0,,,
1385818,"AYTU BIOSCIENCE, INC",2020,34721000.0,-13620679.0,0.0,,,-0.39228936378560525
1385818,ROSEWIND CORP,2012,22838.0,-48954.0,,,,-2.1435327086434888
1385818,ROSEWIND CORP,2013,9669.0,-48954.0,,,,-5.0629847967731925
1385818,ROSEWIND CORP,2014,12647.0,,,,,
1386936,GOLD LAKES CORP.,2015,0.0,,,,,
1387135,"QUANTUMSPHERE, INC.",2016,1329179.0,,46669.0,,,
1387976,"CONSORTEUM HOLDINGS, INC.",2013,7026.0,-4808568.0,0.0,37895.0,,-684.3962425277541
1387976,"CONSORTEUM HOLDINGS, INC.",2014,71879.0,-4808568.0,0.0,37895.0,,-66.89809262788853
1387976,"CONSORTEUM HOLDINGS, INC.",2017,393.0,-816120.0,,37895.0,,-2076.641221374046
1387998,SNOOGOO CORP.,2016,80.0,-280708.0,0.0,,,-3508.85
1388410,ENDEAVOR POWER CORP,2012,40649.0,-5093507.0,20397.0,,,-125.30460773942778
1389034,KALLO INC.,2020,4000.0,-7031975.0,,,,-1757.99375
1389518,"TONGJI HEALTHCARE GROUP, INC.",2019,0.0,,,,,
1390134,GEOTRAQ INC.,2015,88539.0,278297.0,,,,3.14321372502513
1390134,MOBILE DATA CORP.,2011,69801.0,,,,,
1390292,"ANOTEROS, INC.",2014,26.0,,528.0,,,
1391137,BCSB BANCORP INC.,2011,620555000.0,1207000.0,,,,0.0019450330752310433
1391137,BCSB BANCORP INC.,2012,72729000.0,45000.0,,,,0.0006187353050365054
1391137,BCSB BANCORP INC.,2013,619041000.0,1800000.0,,,,0.002907723397965563
1391750,"VERACITY MANAGEMENT GLOBAL, INC.",2014,14.0,-89580.0,,,,-6398.571428571428
1391750,"VERACITY MANAGEMENT GLOBAL, INC.",2015,0.0,-1505435.0,,,,
1392363,"CHINA ADVANCED CONSTRUCTION MATERIALS GROUP, INC",2018,53400083.0,,45048413.0,,,
1392694,"KSIX MEDIA HOLDINGS, INC.",2017,2626823.0,-4600176.0,3296747.0,,,-1.7512318112031149
1393909,IRONWOOD GOLD CORP.,2012,376877.0,-4795772.0,,,,-12.725032304969526
1393909,IRONWOOD GOLD CORP.,2013,0.0,-831398.0,,,,
1394130,EVENT CARDIO GROUP INC.,2015,129674.0,-345474.0,,,,-2.664173234418619
1394130,SUNRISE HOLDINGS LTD,2012,809.0,,,,,
1394130,SUNRISE HOLDINGS LTD,2013,2242.0,-34547.0,,,,-15.40900981266726
1394638,CREATIVE LEARNING CORP,2012,784191.0,,3417267.0,,,
1394638,CREATIVE LEARNING CORP,2016,4091591.0,-1818077.0,5709719.0,,,-0.4443447548887462
1394638,CREATIVE LEARNING CORP,2020,2161977.0,2017340.0,1448228.0,,,0.9330996583219896
1395445,PERPETUAL INDUSTRIES INC.,2014,36058.0,-746933.0,157212.0,,,-20.71476510067114
1397016,OPTEX SYSTEMS HOLDINGS INC,2012,12198000.0,-368000.0,14254000.0,,,-0.03016888014428595
1397016,OPTEX SYSTEMS HOLDINGS INC,2013,12198000.0,-367000.0,17070000.0,,,-0.030086899491719953
1397016,OPTEX SYSTEMS HOLDINGS INC,2014,8747000.0,-2062000.0,10208000.0,,,-0.23573796730307534
1397016,OPTEX SYSTEMS HOLDINGS INC,2015,11546000.0,491000.0,13003000.0,,,0.042525549974016974
1397016,OPTEX SYSTEMS HOLDINGS INC,2016,11546000.0,,13003000.0,,,
1397016,OPTEX SYSTEMS HOLDINGS INC,2017,14027000.0,,18547000.0,,,
1397016,OPTEX SYSTEMS HOLDINGS INC,2018,12687000.0,,,,,
1397016,OPTEX SYSTEMS HOLDINGS INC,2019,17556000.0,,,,,
1397016,OPTEX SYSTEMS HOLDINGS INC,2020,20345000.0,,,,,
1399095,AXIOM GOLD & SILVER CORP,2012,11234.0,-5411267.0,,,,-481.6865764643048
1399095,AXIOM OIL & GAS CORP.,2013,11234.0,-301408.0,,,,-26.829980416592488
1399095,AXIOM OIL & GAS CORP.,2014,1476.0,-822790.0,,,,-557.4457994579946
1399306,SIMLATUS CORP,2017,79959.0,-173206.0,45081.0,,,-2.1661851698995735
1399488,IN MEDIA CORP,2017,0.0,-38500.0,0.0,,,
1400000,"ABAKAN, INC",2014,16640284.0,-5956310.0,853566.0,,,-0.35794521295429815
1400431,PATHEON INC,2012,84500000.0,,610700000.0,,,
1400683,4TH GRADE FILMS INC,2014,28.0,-28463.0,97.0,,,-1016.5357142857143
1400683,"STWC. HOLDINGS, INC.",2018,845706.0,389280.0,37000.0,,,0.4603018070109471
1400732,"PACIFIC SOFTWARE, INC.",2012,0.0,51917.0,,,,
1403085,"JRJR33, INC.",2017,2343000.0,-13096000.0,116557000.0,,,-5.589415279556125
1403161,VISA INC.,2010,33408000000.0,284000000.0,6911000000.0,179534.0,180000.0,0.008500957854406131
1403161,VISA INC.,2011,33408000000.0,1397000000.0,8065000000.0,179534.0,,0.041816331417624523
1403161,VISA INC.,2012,40013000000.0,1664000000.0,9188000000.0,179534.0,,0.04158648439257241
1403161,VISA INC.,2013,40013000000.0,216000000.0,10421000000.0,179534.0,,0.005398245570189688
1403161,VISA INC.,2014,38569000000.0,7000000.0,12702000000.0,179534.0,,0.0001814929088127771
1403161,VISA INC.,2015,40236000000.0,4980000000.0,13880000000.0,179534.0,,0.12376975842529078
1403161,VISA INC.,2016,39367000000.0,4307000000.0,554000000.0,179534.0,,0.10940635557700612
1403161,VISA INC.,2017,67977000000.0,1006000000.0,15082000000.0,179534.0,,0.014799123232858173
1403161,VISA INC.,2018,67977000000.0,4738000000.0,18358000000.0,179534.0,,0.06970004560366005
1403161,VISA INC.,2019,69225000000.0,,9654000000.0,179534.0,,
1403161,VISA INC.,2020,72574000000.0,,22977000000.0,179534.0,180000.0,
1403433,"AMERICA GREENER TECHNOLOGIES, INC.",2015,221134.0,-4132834.0,338647.0,,,-18.68927437662232
1403570,QUANTUM MATERIALS CORP.,2013,227431.0,-4423767.0,,,,-19.451029103332438
1403570,QUANTUM MATERIALS CORP.,2015,1929635.0,-5302487.0,,,,-2.747922275456239
1403570,QUANTUM MATERIALS CORP.,2018,2614281.0,-7659853.0,20120.0,,,-2.930003698913774
1404079,SAMSON OIL & GAS LTD,2018,35473130.0,-2767496.0,33028.0,,,-0.07801668474138031
1404079,SAMSON OIL & GAS LTD,2019,35622548.0,-6038866.0,257895.0,,,-0.16952369605902418
1404935,"HARMONIC ENERGY, INC.",2012,595393.0,-37864.0,200.0,,,-0.0635949700449955
1404935,"THC THERAPEUTICS, INC.",2020,520022.0,-1925179.0,0.0,,,-3.702110679932772
1405660,PARADIGM RESOURCE MANAGEMENT CORP,2012,0.0,-257355.0,,,,
1406243,RELIABRAND INC.,2012,1651414.0,-284190.0,13600.0,,,-0.17208888867358518
1406243,RELIABRAND INC.,2014,2508096.0,-2012782.0,114946.0,,,-0.8025139388603945
1406587,FORESTAR GROUP INC.,2019,1455700000.0,3300000.0,23600000.0,,,0.0022669506079549357
1406587,FORESTAR GROUP INC.,2020,1455700000.0,16900000.0,65300000.0,,,0.011609534931648005
1406588,YATERRA VENTURES CORP.,2013,37500.0,,,,,
1407583,BUNKER HILL MINING CORP.,2017,1131195.0,-2497765.0,0.0,,,-2.208076414764917
1407583,BUNKER HILL MINING CORP.,2018,1507837.0,-5169874.0,,,,-3.4286690139584053
1407583,LIBERTY SILVER CORP,2011,124528.0,-1464253.0,,,,-11.758423808300142
1407882,"MONARCH INVESTMENT PROPERTIES, INC.",2013,428.0,-106995.0,,,,-249.98831775700936
1408057,IMEDICOR,2015,1723520.0,3746742.0,105692.0,33549.0,,2.1738894819903454
1408287,ZEP INC.,2012,435287000.0,4939000.0,171695000.0,178538.0,,0.01134653688256254
1408287,ZEP INC.,2013,435287000.0,17401000.0,158026000.0,178538.0,,0.039975923930648055
1408287,ZEP INC.,2014,556211000.0,2791000.0,158026000.0,178538.0,,0.005017879905287742
1408710,FABRINET,2014,564557000.0,1091000.0,299510000.0,,,0.0019324886592496419
1409175,CONTACT MINERALS CORP.,2012,15892.0,-123852.0,0.0,37895.0,,-7.793355147243896
1409175,CONTACT MINERALS CORP.,2012,15892.0,-123852.0,0.0,260778.0,80000.0,-7.793355147243896
1409175,CONTACT MINERALS CORP.,2013,15892.0,-432922.0,0.0,37895.0,,-27.241505159828844
1409175,CONTACT MINERALS CORP.,2013,15892.0,-432922.0,0.0,260778.0,60000.0,-27.241505159828844
1409175,CONTACT MINERALS CORP.,2014,8195.0,-47981.0,,37895.0,,-5.854911531421599
1409175,CONTACT MINERALS CORP.,2014,8195.0,-47981.0,,260778.0,,-5.854911531421599
1409175,CONTACT MINERALS CORP.,2015,8195.0,-21100.0,,37895.0,,-2.5747406955460646
1409175,CONTACT MINERALS CORP.,2015,8195.0,-21100.0,,260778.0,,-2.5747406955460646
1409175,CONTACT MINERALS CORP.,2016,8186.0,-21100.0,,37895.0,,-2.577571463474224
1409175,CONTACT MINERALS CORP.,2016,8186.0,-21100.0,,260778.0,,-2.577571463474224
1409175,CONTACT MINERALS CORP.,2017,3134.0,-76027.0,0.0,37895.0,,-24.25877472878111
1409175,CONTACT MINERALS CORP.,2017,3134.0,-76027.0,0.0,260778.0,,-24.25877472878111
1409175,"WECONNECT TECH INTERNATIONAL, INC.",2018,922849.0,,238716.0,37895.0,,
1409175,"WECONNECT TECH INTERNATIONAL, INC.",2018,922849.0,,238716.0,260778.0,,
1409175,"WECONNECT TECH INTERNATIONAL, INC.",2019,158828.0,-1406101.0,111045.0,37895.0,,-8.852979323544966
1409175,"WECONNECT TECH INTERNATIONAL, INC.",2019,158828.0,-1406101.0,111045.0,260778.0,,-8.852979323544966
1409197,"BESPOKE EXTRACTS, INC.",2017,1745.0,,,,,
1409197,"BESPOKE EXTRACTS, INC.",2018,219787.0,-6679497.0,,,,-30.390773794628437
1409197,"BESPOKE EXTRACTS, INC.",2019,219787.0,,15919.0,,,
1409197,"BESPOKE EXTRACTS, INC.",2020,79424.0,,,,,
1409197,"DIMI TELEMATICS INTERNATIONAL, INC.",2012,754963.0,391682.0,,,,0.5188095310631117
1409197,"DIMI TELEMATICS INTERNATIONAL, INC.",2013,754963.0,-391682.0,,,,-0.5188095310631117
1409197,"DIMI TELEMATICS INTERNATIONAL, INC.",2014,688286.0,,,,,
1409197,"DIMI TELEMATICS INTERNATIONAL, INC.",2015,777700.0,,,,,
1409197,"DIMI TELEMATICS INTERNATIONAL, INC.",2016,1745.0,,,,,
1409432,NATIONAL GRAPHITE CORP,2016,4893.0,-128417.0,,,,-26.245043940322912
1409446,NATE'S FOOD CO.,2016,85113.0,-2928046.0,,,,-34.40186575493755
1409446,NATE'S FOOD CO.,2017,727.0,-2910446.0,,,,-4003.3645116918847
1409493,CHIMERA INVESTMENT CORP,2013,7742489000.0,-60036000.0,,,,-0.007754095614472297
1409565,PURAMED BIOSCIENCE INC.,2012,403662.0,-301306.0,757815.0,,,-0.7464314203467257
1409565,PURAMED BIOSCIENCE INC.,2013,476346.0,-1721369.0,693060.0,,,-3.613694667321653
1409565,PURAMED BIOSCIENCE INC.,2014,186338.0,-5225923.0,0.0,,,-28.04539600081572
1409624,HOMELAND RESOURCES LTD.,2013,850812.0,-334026.0,,,,-0.3925967193692614
1409624,HOMELAND RESOURCES LTD.,2014,850812.0,,,,,
1409885,"ECO BUILDING PRODUCTS, INC.",2012,5025121.0,-5986020.0,3723374.0,186720.0,,-1.19121907711277
1409885,"ECO BUILDING PRODUCTS, INC.",2013,5025121.0,-24595838.0,5220121.0,186720.0,,-4.894576269904745
1409885,"ECO BUILDING PRODUCTS, INC.",2016,495581.0,,445980.0,186720.0,,
1410253,URBAN BARNS FOODS INC.,2012,191328.0,-353320.0,0.0,,,-1.8466716842281319
1410253,URBAN BARNS FOODS INC.,2013,341388.0,-34200.0,5691.0,,,-0.1001792681640831
1410253,URBAN BARNS FOODS INC.,2014,341388.0,-1698739.0,5691.0,,,-4.975977480169192
1410253,URBAN BARNS FOODS INC.,2015,650817.0,-1636165.0,101148.0,,,-2.5140169970974946
1410708,EMO CAPITAL CORP.,2011,41.0,-3800.0,,,,-92.6829268292683
1410708,EMO CAPITAL CORP.,2012,584.0,-60296.0,,,,-103.24657534246575
1410708,EMO CAPITAL CORP.,2013,584.0,0.0,,,,0.0
1410708,EMO CAPITAL CORP.,2014,0.0,-15059.0,,,,
1410708,EMO CAPITAL CORP.,2015,0.0,-9052.0,,,,
1410738,VOIP-PAL.COM INC,2020,2568186.0,-9073332.0,,,,-3.5329730790526854
1411009,ENDEV HOLDINGS INC.,2012,,-266665.0,,,,
1411009,MEEMEE MEDIA INC.,2013,217.0,-627943.0,,,,-2893.746543778802
1411009,MEEMEE MEDIA INC.,2014,223594.0,-59001.0,,,,-0.26387559594622395
1411009,MEEMEE MEDIA INC.,2015,223594.0,-2037084.0,,,,-9.11063803143197
1411179,CASTMOR RESOURCES LTD,2011,31483.0,,,,,
1411179,"RED GIANT ENTERTAINMENT, INC.",2013,53974.0,-16469.0,5538.0,,,-0.30512839515322193
1411730,"ROLLING TECHNOLOGIES, INC.",2012,3000.0,-4000.0,0.0,,,-1.3333333333333333
1411730,"SOLARIS POWER CELLS, INC.",2013,19058.0,-25500.0,0.0,,,-1.3380207786756217
1413440,"HOME FEDERAL BANCORP, INC.",2011,1177228000.0,-4629000.0,,,,-0.003932118502108343
1413488,"CANNABIS GLOBAL, INC.",2020,2325185.0,-389597.0,27004.0,,,-0.16755526979573668
1413488,"MCTC HOLDINGS, INC.",2019,214829.0,-389597.0,0.0,,,-1.8135214519455007
1413488,MICROCHANNEL TECHNOLOGIES CORP,2012,119355.0,0.0,0.0,,,0.0
1413488,MICROCHANNEL TECHNOLOGIES CORP,2013,21376.0,-53780.0,0.0,,,-2.5159056886227544
1413488,MICROCHANNEL TECHNOLOGIES CORP,2014,21376.0,-43441.0,0.0,,,-2.0322324101796405
1413488,MICROCHANNEL TECHNOLOGIES CORP,2018,4652.0,-8430.0,,,,-1.8121238177128116
1413507,SYNERGY RESOURCES CORP,2013,120732000.0,2431000.0,,,,0.020135506742205878
1413507,SYNERGY RESOURCES CORP,2014,291236000.0,28853000.0,,,,0.09907085662486781
1413507,SYNERGY RESOURCES CORP,2015,448542000.0,5161000.0,,,,0.011506168876047282
1413547,"WRIT MEDIA GROUP, INC.",2015,1837.0,1044284.0,11000.0,,,568.4725095264017
1413659,"GOLDSPAN RESOURCES, INC.",2012,727.0,-3585.0,,,,-4.931224209078405
1413659,"WALKER LANE EXPLORATION, INC.",2014,142.0,-56927.0,,,,-400.8943661971831
1414295,"OXFORD CITY FOOTBALL CLUB, INC.",2013,70521.0,-322498.0,53435.0,,,-4.573077523007331
1414295,"OXFORD CITY FOOTBALL CLUB, INC.",2014,-358246.0,-149996.0,,,,0.41869553323693776
1414295,"OXFORD CITY FOOTBALL CLUB, INC.",2015,2519096.0,,,,,
1414382,CONCRETE LEVELING SYSTEMS INC,2012,77335.0,-99806.0,767.0,37895.0,,-1.2905670136419474
1414382,CONCRETE LEVELING SYSTEMS INC,2013,85643.0,-118734.0,767.0,37895.0,,-1.386383008535432
1414382,CONCRETE LEVELING SYSTEMS INC,2014,52008.0,63204.0,55077.0,37895.0,,1.2152745731425934
1414382,CONCRETE LEVELING SYSTEMS INC,2015,39247.0,-63204.0,545.0,37895.0,,-1.6104160827579177
1414382,CONCRETE LEVELING SYSTEMS INC,2016,39247.0,-27765.0,3620.0,37895.0,,-0.707442607078248
1414382,CONCRETE LEVELING SYSTEMS INC,2017,26766.0,-27765.0,743.0,37895.0,,-1.0373234700739744
1414382,CONCRETE LEVELING SYSTEMS INC,2018,26766.0,,743.0,37895.0,,
1414382,CONCRETE LEVELING SYSTEMS INC,2019,23954.0,-36841.0,1435.0,37895.0,,-1.537989479836353
1414382,CONCRETE LEVELING SYSTEMS INC,2020,24696.0,-39444.0,1435.0,37895.0,,-1.597181729834791
1414628,"CALPIAN, INC.",2015,4665674.0,-8754318.0,2922583.0,,,-1.8763244067202296
1415286,"HAWKER ENERGY, INC.",2014,2132140.0,,,,,
1415286,SARA CREEK GOLD CORP.,2012,1458.0,,,,,
1415286,SARA CREEK GOLD CORP.,2013,41131.0,-513721.0,,,,-12.489873817801659
1415432,AMERICAN SIERRA GOLD CORP.,2012,6723.0,275572.0,0.0,,,40.989439238435224
1415432,AMERICAN SIERRA GOLD CORP.,2013,259.0,-6230353.0,0.0,,,-24055.41698841699
1415744,NORTHERN MINERALS & EXPLORATION LTD.,2013,1740025.0,-482.0,0.0,,,-0.0002770075142598526
1415744,NORTHERN MINERALS & EXPLORATION LTD.,2014,1740025.0,-21664.0,,,,-0.012450395827646154
1415744,NORTHERN MINERALS & EXPLORATION LTD.,2015,2151660.0,-306928.0,,,,-0.14264707249286598
1415744,NORTHERN MINERALS & EXPLORATION LTD.,2016,2113180.0,-306928.0,,,,-0.1452446076529212
1415744,NORTHERN MINERALS & EXPLORATION LTD.,2018,131300.0,-769776.0,53685.0,,,-5.862726580350342
1415744,NORTHERN MINERALS & EXPLORATION LTD.,2020,65647.0,,2949.0,,,
1415744,PUNCHLINE RESOURCES LTD.,2012,74.0,-482.0,915.0,,,-6.513513513513513
1415751,GUAR GLOBAL LTD.,2012,5901.0,-25284.0,0.0,,,-4.284697508896797
1415751,GUAR GLOBAL LTD.,2013,5901.0,-10046.0,,,,-1.702423318081681
1416090,GOLD AMERICAN MINING CORP.,2012,13521.0,-70555.0,,37895.0,,-5.2181791287626655
1416090,INCEPTION MINING INC.,2013,5227.0,-2603217.0,,37895.0,,-498.0327147503348
1416090,INCEPTION MINING INC.,2014,1016119.0,-1654650.0,,37895.0,,-1.6284017915224496
1416090,INCEPTION MINING INC.,2015,1090945.0,-4578447.0,,37895.0,,-4.19677160626796
1417172,"GREEN DRAGON WOOD PRODUCTS, INC.",2012,8212095.0,332079.0,20286870.0,,,0.040437793279303275
1417172,"GREEN DRAGON WOOD PRODUCTS, INC.",2013,8033871.0,112016.0,11389150.0,,,0.01394296721966285
1417172,"GREEN DRAGON WOOD PRODUCTS, INC.",2016,8144260.0,0.0,1022939.0,,,0.0
1417398,"HILLENBRAND, INC.",2010,1052100000.0,92300000.0,649100000.0,,,0.08772930329816557
1417398,"HILLENBRAND, INC.",2011,246500000.0,106100000.0,19000000.0,,,0.4304259634888438
1417398,"HILLENBRAND, INC.",2012,769700000.0,,230000000.0,,,
1417398,"HILLENBRAND, INC.",2013,2003200000.0,,245900000.0,,,
1417398,"HILLENBRAND, INC.",2014,1918500000.0,,-200800000.0,,,
1417398,"HILLENBRAND, INC.",2015,237800000.0,,1001900000.0,,,
1417398,"HILLENBRAND, INC.",2016,2635900000.0,,1538400000.0,,,
1417398,"HILLENBRAND, INC.",2017,-4121100000.0,,915000000.0,,,
1417398,"HILLENBRAND, INC.",2018,2508500000.0,,1538400000.0,,,
1417398,"HILLENBRAND, INC.",2019,-4128900000.0,,397200000.0,,,
1417398,"HILLENBRAND, INC.",2020,225300000.0,,892500000.0,,,
1417664,"SINO PAYMENTS, INC.",2013,0.0,-231113.0,0.0,,,
1417664,"SINO PAYMENTS, INC.",2014,,-58163.0,0.0,,,
1418100,AVAYA HOLDINGS CORP.,2018,7609000000.0,2977000000.0,1947000000.0,,,0.39124720725456696
1418100,AVAYA HOLDINGS CORP.,2019,6950000000.0,-671000000.0,717000000.0,,,-0.09654676258992806
1418100,AVAYA HOLDINGS CORP.,2020,1604000000.0,-680000000.0,-6000000.0,,,-0.4239401496259352
1418115,"HEALTHCARE SOLUTIONS MANAGEMENT GROUP, INC.",2020,211.0,-22344.0,0.0,,,-105.89573459715639
1418196,DYM ENERGY CORP,2012,1680.0,-51724.0,7270.0,,,-30.788095238095238
1418780,COLORSTARS GROUP,2018,433815.0,,369853.0,37895.0,,
1418826,VIDAROO CORP,2012,218118.0,411666.0,1720564.0,,,1.8873545512062277
1419051,"THERAPEUTIC SOLUTIONS INTERNATIONAL, INC.",2012,3458616.0,-7657.0,1687932.0,,,-0.0022138913368815734
1419051,"THERAPEUTIC SOLUTIONS INTERNATIONAL, INC.",2016,259964.0,-288750.0,0.0,,,-1.1107307165607545
1419122,"SILVERTON ADVENTURES, INC.",2013,41111.0,-2737319.0,214059.0,,,-66.5836150908516
1419556,"AFH ACQUISITION IX, INC.",2017,,-3814.0,,,,
1419984,"STALAR 2, INC.",2011,,,0.0,,,
1420488,MALVERN FEDERAL BANCORP INC,2011,666568000.0,-3129000.0,,,,-0.0046941947408216415
1420720,"IBIO, INC.",2015,12494000.0,-93000.0,0.0,180683.0,,-0.0074435729149991995
1420720,"IBIO, INC.",2016,46000.0,-22000.0,948000.0,180683.0,,-0.4782608695652174
1420720,"IBIO, INC.",2020,6399000.0,-16439000.0,0.0,180683.0,,-2.5689951554930457
1421538,"INFINITY AUGMENTED REALITY, INC.",2014,1188717.0,-7874588.0,,,,-6.624442991897988
1421601,WESTMOUNTAIN INDEX ADVISOR INC,2011,675781.0,-4035260.0,0.0,,,-5.9712540009263355
1421665,"SOLAR ENERGY INITIATIVES, INC.",2012,2976.0,-1433941.0,,,,-481.8350134408602
1421981,"WEB WIZARD, INC.",2011,108.0,-75072.0,1434.0,,,-695.1111111111111
1422215,"SANOOK ENTERPRISES, INC.",2012,1094.0,-12652.0,0.0,,,-11.56489945155393
1422215,"SANOOK ENTERPRISES, INC.",2013,606.0,,0.0,,,
1422215,"SANOOK ENTERPRISES, INC.",2014,606.0,-14394.0,,,,-23.752475247524753
1422222,ADAMA TECHNOLOGIES CORP,2017,2127754.0,2038261.0,2468657.0,,,0.9579401566158494
1422768,ALMOST NEVER FILMS INC.,2016,88093.0,-826004.0,,,,-9.376499835401225
1422768,ALMOST NEVER FILMS INC.,2017,513356.0,-119253.0,,,,-0.23230078152393271
1422768,ALMOST NEVER FILMS INC.,2018,513356.0,-343992.0,,,,-0.6700846975588091
1422768,ALMOST NEVER FILMS INC.,2019,1205116.0,-467847.0,,,,-0.3882173998187726
1422768,SMACK SPORTSWEAR,2015,64974.0,-1246488.0,1084206.0,,,-19.184412226429032
1422892,"SINO-GLOBAL SHIPPING AMERICA, LTD.",2020,17017695.0,-16452894.0,2093680.0,,,-0.9668109576531957
1422949,"NEXT FUEL, INC.",2011,2373.0,,11490.0,,,
1422949,"NEXT FUEL, INC.",2012,2158853.0,,11490.0,,,
1422949,"NEXT FUEL, INC.",2013,3259016.0,-2347563.0,343229.0,,,-0.7203287740839567
1423107,"BOLDFACE GROUP, INC.",2013,1494135.0,-5309566.0,5331065.0,,,-3.5536052632459585
1423221,QUANEX BUILDING PRODUCTS CORP,2011,132161000.0,-1389000.0,514949000.0,179819.0,,-0.0105099083693374
1423221,QUANEX BUILDING PRODUCTS CORP,2012,132161000.0,1531000.0,696335000.0,179819.0,,0.011584355445252381
1423221,QUANEX BUILDING PRODUCTS CORP,2013,380551000.0,-16534000.0,161579000.0,179819.0,,-0.04344752740105794
1423221,QUANEX BUILDING PRODUCTS CORP,2014,571815000.0,29234000.0,126379000.0,179819.0,,0.05112492676827295
1423221,QUANEX BUILDING PRODUCTS CORP,2015,382736000.0,29234000.0,23423000.0,179819.0,,0.07638163120270891
1423221,QUANEX BUILDING PRODUCTS CORP,2016,19858000.0,29234000.0,13546000.0,179819.0,,1.472152281196495
1423221,QUANEX BUILDING PRODUCTS CORP,2017,8354000.0,-1859000.0,0.0,179819.0,,-0.2225281302370122
1423221,QUANEX BUILDING PRODUCTS CORP,2018,258315000.0,18683000.0,928184000.0,179819.0,,0.07232642316551498
1423221,QUANEX BUILDING PRODUCTS CORP,2019,743214000.0,-46730000.0,214211000.0,179819.0,,-0.06287556477676685
1423221,QUANEX BUILDING PRODUCTS CORP,2020,25212000.0,25340.0,196479000.0,179819.0,,0.0010050769474853245
1423357,BEAMZ INTERACTIVE INC,2013,954969.0,-1977037.0,338830.0,,,-2.070263013773222
1423357,BEAMZ INTERACTIVE INC,2014,547381.0,-5240760.0,362851.0,,,-9.574245361092183
1423579,"LEGACYXCHANGE, INC.",2020,33163.0,-1372362.0,,,,-41.38232367397401
1423746,MONSTER ARTS INC.,2015,382633.0,-2232844.0,51397.0,,,-5.835471587657103
1424100,"YOUR EVENT, INC.",2012,2968.0,-80944.0,,,,-27.2722371967655
1424404,WOLVERINE EXPLORATION INC.,2014,203438.0,-248020.0,,,,-1.2191429329820387
1424404,WOLVERINE TECHNOLOGIES CORP.,2017,1780.0,-383487.0,,,,-215.44213483146066
1424404,WOLVERINE TECHNOLOGIES CORP.,2018,21094.0,-246637.0,,,,-11.692282165544704
1424455,RIMROCK GOLD CORP.,2013,156386.0,-5825.0,,,,-0.03724757970662335
1424455,RIMROCK GOLD CORP.,2014,497773.0,,,,,
1424455,TUCANA LITHIUM CORP.,2012,643877.0,-94389.0,,,,-0.14659476887666434
1424822,"GLOBAL MOBILETECH, INC.",2011,8498975.0,0.0,4323601.0,,,0.0
1424822,"GLOBAL MOBILETECH, INC.",2012,8766148.0,1000049.0,8054126.0,,,0.11408077983625191
1424844,"SOUTHWEST IOWA RENEWABLE ENERGY, LLC",2011,210709826.0,-8951362.0,207833200.0,,,-0.04248193911944097
1424844,"SOUTHWEST IOWA RENEWABLE ENERGY, LLC",2012,192383000.0,-2707000.0,333089000.0,,,-0.014070889839538837
1424844,"SOUTHWEST IOWA RENEWABLE ENERGY, LLC",2013,178426000.0,-662000.0,362876000.0,,,-0.0037102216044746844
1424844,"SOUTHWEST IOWA RENEWABLE ENERGY, LLC",2014,166786000.0,48608000.0,350194000.0,,,0.29143932944012085
1424844,"SOUTHWEST IOWA RENEWABLE ENERGY, LLC",2015,166786000.0,13761000.0,242117000.0,,,0.08250692504167016
1424844,"SOUTHWEST IOWA RENEWABLE ENERGY, LLC",2016,152236000.0,5093000.0,242117000.0,,,0.03345463622270685
1424844,"SOUTHWEST IOWA RENEWABLE ENERGY, LLC",2017,148829000.0,13445000.0,208800000.0,,,0.09033857648710937
1424844,"SOUTHWEST IOWA RENEWABLE ENERGY, LLC",2018,142631000.0,13445000.0,204700000.0,,,0.09426422026067265
1424844,"SOUTHWEST IOWA RENEWABLE ENERGY, LLC",2019,142631000.0,1039.0,53382.0,,,7.2845314132271385e-06
1424844,"SOUTHWEST IOWA RENEWABLE ENERGY, LLC",2020,140863000.0,0.0,205100000.0,,,0.0
1424864,PATRIOT MINEFINDERS INC.,2012,51551.0,-212136.0,,,,-4.115070512696165
1424864,PATRIOT MINEFINDERS INC.,2013,51551.0,-23857.0,,,,-0.46278442707221973
1424864,RISE GOLD CORP.,2020,5177684.0,0.0,,,,0.0
1424864,RISE RESOURCES INC.,2015,9152.0,,,,,
1425173,NOVAGEN INGENIUM INC.,2014,-51394.0,-969844.0,250.0,,,18.87076312410009
1425289,BONANZA GOLD CORP.,2014,7093.0,0.0,0.0,,,0.0
1425808,DUMA ENERGY CORP,2013,26279152.0,,7165233.0,,,
1425808,HYDROCARB ENERGY CORP,2014,25732155.0,-37525733.0,5065096.0,,,-1.4583206497862304
1425808,HYDROCARB ENERGY CORP,2015,31134501.0,-6549322.0,5065096.0,,,-0.21035577220267637
1429764,"CAR CHARGING GROUP, INC.",2015,23470092.0,-1487198.0,50795.0,184049.0,,-0.06336566554575074
1429896,"ACTIVECARE, INC.",2011,2735266.0,-11638795.0,548324.0,,,-4.255087073798307
1431888,"AVT, INC.",2014,12185777.0,1885793.0,13527514.0,,,0.1547536115259618
1432754,CIG WIRELESS CORP.,2012,17367665.0,-4029303.0,310765.0,,,-0.23200027176940596
1433966,"GREEN EARTH TECHNOLOGIES, INC",2015,11741000.0,-6842000.0,4050000.0,,,-0.5827442296226897
1434601,"MARQUIE GROUP, INC.",2020,41659.0,-944813.0,5269.0,,,-22.67968506205142
1434674,CHINA MEDIA INC.,2012,7034165.0,0.0,1280474.0,,,0.0
1435064,CEMTREX INC,2012,2429119.0,0.0,13732153.0,,,0.0
1435064,CEMTREX INC,2014,2873776.0,288497.0,47653114.0,,,0.10038952235664854
1435064,CEMTREX INC,2015,19842363.0,2668886.0,56887389.0,,,0.13450444385076515
1435064,CEMTREX INC,2016,22544242.0,4994045.0,21692736.0,,,0.22152197443586705
1435064,CEMTREX INC,2017,70181373.0,,72011824.0,,,
1435163,"CENTAURUS DIAMOND TECHNOLOGIES, INC.",2018,91269.0,-239966.0,0.0,,,-2.629216930173443
1435181,PHARMAGREEN BIOTECH INC.,2019,449420.0,-767537.0,,,,-1.7078389924791955
1435508,FIRST SAVINGS FINANCIAL GROUP INC,2011,537086000.0,4014000.0,,,,0.007473663435650901
1435508,FIRST SAVINGS FINANCIAL GROUP INC,2013,660455000.0,4696000.0,,,,0.007110249752064864
1435508,FIRST SAVINGS FINANCIAL GROUP INC,2014,713129000.0,1170000.0,,,,0.001640656879751069
1435508,FIRST SAVINGS FINANCIAL GROUP INC,2015,87556000.0,0.0,,,,0.0
1435508,FIRST SAVINGS FINANCIAL GROUP INC,2016,94724000.0,244000.0,,,,0.0025759047337527976
1435508,FIRST SAVINGS FINANCIAL GROUP INC,2017,11954000.0,2443000.0,,,,0.2043667391668061
1435508,FIRST SAVINGS FINANCIAL GROUP INC,2018,885669000.0,7911000.0,,,,0.008932230889869691
1435508,"FIRST SAVINGS FINANCIAL GROUP, INC.",2019,84661000.0,9313000.0,,,,0.11000342542611119
1435508,"FIRST SAVINGS FINANCIAL GROUP, INC.",2020,88645000.0,16177000.0,,,,0.18249196232161993
1435812,AREM PACIFIC CORP,2016,203644.0,24538.0,318591.0,,,0.1204945885957848
1436174,AMERICAN POWER CORP.,2012,3440501.0,-1952064.0,0.0,,,-0.5673778324726544
1436624,GREAT WALL BUILDERS LTD.,2011,37771.0,-86596.0,61860.0,,,-2.2926583887109158
1437750,SYNC2 NETWORKS CORP,2013,0.0,-245220.0,,,,
1437750,TREX ACQUISITION CORP.,2020,234026.0,-282683.0,0.0,,,-1.207912796014118
1437925,"GOLDEN MATRIX GROUP, INC.",2016,148115.0,,,,,
1437925,"GOLDEN MATRIX GROUP, INC.",2017,12296.0,-10006245.0,20000.0,,,-813.7804977228367
1437925,"GOLDEN MATRIX GROUP, INC.",2018,819874.0,,,,,
1437925,"GOLDEN MATRIX GROUP, INC.",2019,819874.0,-1318373.0,452771.0,,,-1.60801903707155
1437925,SOURCE GOLD CORP.,2012,47586.0,-7495347.0,,,,-157.511600050435
1437925,SOURCE GOLD CORP.,2013,102609.0,-471972.0,,,,-4.599713475426133
1437925,SOURCE GOLD CORP.,2014,164882.0,-16062834.0,,,,-97.42017927972732
1437925,SOURCE GOLD CORP.,2015,148115.0,-1380491.0,0.0,,,-9.32039968943051
1438139,ONE XL CORP,2014,1822.0,-100.0,,,,-0.054884742041712405
1438535,"HYDRODYNEX, INC.",2011,7898.0,-319450.0,,,,-40.44694859458091
1438535,"HYDRODYNEX, INC.",2012,2437.0,-86463.0,,,,-35.47927780057448
1438731,ALJ REGIONAL HOLDINGS INC,2016,112320000.0,11893000.0,268369000.0,,,0.1058849715099715
1438731,ALJ REGIONAL HOLDINGS INC,2017,16324000.0,10925000.0,131843000.0,,,0.6692599852977211
1438731,ALJ REGIONAL HOLDINGS INC,2018,231468000.0,-7332000.0,158264000.0,,,-0.03167608481517964
1438731,ALJ REGIONAL HOLDINGS INC,2019,1984000.0,-7332000.0,369776000.0,,,-3.6955645161290325
1438731,ALJ REGIONAL HOLDINGS INC,2020,106659000.0,-15979000.0,-1034000.0,,,-0.1498138928735503
1439133,"BLUE STAR ENTERTAINMENT TECHNOLOGIES, INC.",2012,8413.0,-159150.0,11400.0,,,-18.91715202662546
1439237,"ADGS ADVISORY, INC.",2013,1684466.0,,427246.0,,,
1439264,BONANZA GOLDFIELD CORP.,2013,399590.0,-717820.0,619.0,,,-1.7963913010836108
1440153,"BAKHU HOLDINGS, CORP.",2019,13138.0,-10651894.0,0.0,,,-810.7698279799056
1440153,"BAKHU HOLDINGS, CORP.",2020,19754.0,-10651894.0,0.0,,,-539.2271944922547
1440799,MMEX MINING CORP,2015,1328324.0,-7857888.0,,,,-5.915641063475477
1440819,VUMEE INC.,2012,556322.0,,0.0,,,
1441362,AUTRIS,2014,247056.0,270589.0,870354.0,,,1.0952537076614208
1441634,AVAGO TECHNOLOGIES LTD,2011,2157000000.0,552000000.0,2093000000.0,,,0.25591098748261476
1441634,AVAGO TECHNOLOGIES LTD,2012,2446000000.0,119000000.0,106000000.0,,,0.04865085854456255
1441634,AVAGO TECHNOLOGIES LTD,2013,2862000000.0,552000000.0,195000000.0,,,0.1928721174004193
1441634,AVAGO TECHNOLOGIES LTD,2014,10491000000.0,263000000.0,562000000.0,,,0.02506910685349347
1441634,AVAGO TECHNOLOGIES LTD,2015,10491000000.0,158000000.0,4269000000.0,,,0.015060528071680488
1441693,MARRONE BIO INNOVATIONS INC,2015,1004000.0,-2753000.0,6419000.0,18270.0,,-2.74203187250996
1442236,YOUCHANGE HOLDINGS CORP,2012,73651.0,-67103.0,103135.0,,,-0.9110942146067263
1442376,"LUX DIGITAL PICTURES, INC.",2012,585852.0,,1742318.0,,,
1442376,"STREAMTRACK, INC.",2013,991222.0,,1742318.0,,,
1442376,"STREAMTRACK, INC.",2014,991222.0,-2610279.0,1729958.0,,,-2.633394940790257
1442376,"STREAMTRACK, INC.",2015,1084497.0,-1161062.0,931157.0,,,-1.0705995498373901
1442999,ALTEROLA BIOTECH INC.,2015,6200.0,-36127.0,,,,-5.826935483870968
1442999,ALTEROLA BIOTECH INC.,2018,,,0.0,,,
1442999,ALTEROLA BIOTECH INC.,2020,50742.0,-133067.0,0.0,,,-2.6224232391312916
1443089,MEDICAL ALARM CONCEPTS HOLDINGS INC,2013,1378483.0,0.0,452816.0,,,0.0
1443089,MEDICAL ALARM CONCEPTS HOLDINGS INC,2014,1259513.0,3189086.0,572712.0,,,2.531999272734779
1443089,MEDICAL ALARM CONCEPTS HOLDINGS INC,2015,274653.0,826699.0,1153693.0,,,3.009976224545153
1443089,"WEARABLE HEALTH SOLUTIONS, INC.",2016,274653.0,826699.0,1295524.0,,,3.009976224545153
1443089,"WEARABLE HEALTH SOLUTIONS, INC.",2019,292426.0,-87151.0,13175.0,,,-0.2980275351712912
1443388,GREEN HYGIENICS HOLDINGS INC.,2012,115299.0,-34237.0,150000.0,,,-0.29694099688635633
1443388,GREEN HYGIENICS HOLDINGS INC.,2013,4324.0,-8302903.0,150000.0,,,-1920.1903330249768
1443388,GREEN HYGIENICS HOLDINGS INC.,2019,592.0,-129080.0,,,,-218.04054054054055
1443388,GREEN HYGIENICS HOLDINGS INC.,2020,4768002.0,-1843894.0,161374.0,,,-0.3867225726834846
1444307,ONCOSEC MEDICAL INC,2012,5674058.0,,,22629.0,,
1444307,ONCOSEC MEDICAL INC,2014,6509728.0,,,22629.0,,
1444307,ONCOSEC MEDICAL INC,2015,39391609.0,,,22629.0,,
1444307,ONCOSEC MEDICAL INC,2016,35590090.0,-7037720.0,,22629.0,,-0.1977438101449027
1444307,ONCOSEC MEDICAL INC,2017,15232909.0,-5387311.0,,22629.0,,-0.3536626523535327
1444307,ONCOSEC MEDICAL INC,2018,30246472.0,-39136366.0,,22629.0,,-1.2939150721446124
1444307,ONCOSEC MEDICAL INC,2019,29892012.0,-39136366.0,,22629.0,,-1.3092583396527473
1444307,ONCOSEC MEDICAL INC,2020,29892012.0,-30276053.0,,22629.0,,-1.0128476129341846
1444310,"AMBICOM HOLDINGS, INC",2013,1081608.0,530013.0,3300472.0,,,0.4900231876983158
1444310,"AMBICOM HOLDINGS, INC",2014,5798622.0,530013.0,1941142.0,,,0.09140326787985145
1444310,"AMBICOM HOLDINGS, INC",2015,5037633.0,-467751.0,1941142.0,,,-0.09285134506622456
1444570,APTALIS PHARMA INC,2011,713177000.0,-7894000.0,416939000.0,,,-0.01106878096180892
1445109,CLEAN COAL TECHNOLOGIES INC.,2015,3214074.0,-7575033.0,0.0,,,-2.356832170012265
1445175,"HIGHLIGHT NETWORKS, INC.",2017,0.0,,0.0,,,
1445175,"XIAMEN LUTONG INTERNATIONAL TRAVEL AGENCY CO., LTD.",2018,0.0,-107528.0,0.0,,,
1445175,"XIAMEN LUTONG INTERNATIONAL TRAVEL AGENCY CO., LTD.",2019,0.0,-107528.0,0.0,,,
1445175,"XIAMEN LUTONG INTERNATIONAL TRAVEL AGENCY CO., LTD.",2020,0.0,-66212.0,0.0,,,
1445831,"CLASSIC RULES JUDO CHAMPIONSHIPS, INC.",2016,700.0,-183682.0,,,,-262.40285714285716
1445942,TEXAS MINERAL RESOURCES CORP.,2016,1810523.0,-1213939.0,,,,-0.6704907918872061
1445942,TEXAS MINERAL RESOURCES CORP.,2017,395762.0,-2135126.0,,,,-5.394974757556309
1445942,TEXAS MINERAL RESOURCES CORP.,2019,2183230.0,-738338.0,,,,-0.33818608208938133
1445942,TEXAS MINERAL RESOURCES CORP.,2020,3291384.0,-1140829.0,,,,-0.34661072667303483
1445942,TEXAS RARE EARTH RESOURCES CORP.,2012,7289267.0,-7020114.0,,,,-0.9630754368031792
1445942,TEXAS RARE EARTH RESOURCES CORP.,2013,7289267.0,-14374600.0,,,,-1.972022701322369
1445942,TEXAS RARE EARTH RESOURCES CORP.,2014,2295166.0,-3689862.0,,,,-1.6076667221455878
1445942,TEXAS RARE EARTH RESOURCES CORP.,2015,1845867.0,-1984270.0,,,,-1.0749799416751045
1446152,"SAUER ENERGY, INC.",2012,132379.0,,0.0,,,
1446152,"SAUER ENERGY, INC.",2013,2000961.0,-1334501.0,,,,-0.6669300401157244
1446152,"SAUER ENERGY, INC.",2014,2033133.0,-2244830.0,,,,-1.104123537417375
1446152,"SAUER ENERGY, INC.",2015,1440667.0,-2218630.0,,,,-1.5400019574266641
1446152,"SAUER ENERGY, INC.",2016,1335517.0,-846100.0,,,,-0.633537424083707
1446152,"SAUER ENERGY, INC.",2017,1335517.0,-1227747.0,,,,-0.9193046587950584
1446414,"TITAN OIL & GAS, INC.",2012,365963.0,-139644.0,,,,-0.3815795585892563
1446896,"ALTERNATIVE ENERGY PARTNERS, INC.",2011,97038.0,0.0,0.0,,,0.0
1446896,"ALTERNATIVE ENERGY PARTNERS, INC.",2012,95837.0,0.0,2224.0,,,0.0
1446896,"ALTERNATIVE ENERGY PARTNERS, INC.",2013,0.0,-6331018.0,0.0,,,
1448558,"GROW CAPITAL, INC.",2019,3813722.0,-2405097.0,0.0,,,-0.63064297817198
1448558,"GROW CAPITAL, INC.",2020,3813722.0,2328696.0,1065213.0,,,0.6106097927431522
1448558,"GROW CONDOS, INC.",2015,1315344.0,,11750.0,,,
1448558,"GROW CONDOS, INC.",2018,2140031.0,-1614855.0,143441.0,,,-0.7545942091493067
1448806,"EFL OVERSEAS, INC.",2012,25622939.0,-3207121.0,,,,-0.1251660084738913
1448806,"EFLO ENERGY, INC.",2013,26031874.0,3802377.0,,,,0.14606620330138353
1448806,"EFLO ENERGY, INC.",2014,51542311.0,3802377.0,,,,0.07377195407477946
1448962,"YA ZHU SILK, INC.",2011,,-23852.0,0.0,,,
1449447,"ENTEST BIOMEDICAL, INC.",2013,527827.0,-1293583.0,0.0,,,-2.450770801796801
1449447,"ENTEST BIOMEDICAL, INC.",2014,10653.0,-1416943.0,0.0,,,-133.0088238055008
1449447,"ENTEST BIOMEDICAL, INC.",2015,10653.0,-1416943.0,0.0,,,-133.0088238055008
1449447,"ENTEST BIOMEDICAL, INC.",2016,20159.0,-506690.0,0.0,,,-25.134679299568432
1449447,"ENTEST BIOMEDICAL, INC.",2017,23859.0,-664792.0,0.0,,,-27.86336392975397
1449447,"ENTEST GROUP, INC.",2018,9307.0,-664792.0,0.0,,,-71.42924680348125
1449447,"ENTEST GROUP, INC.",2019,9307.0,191618.0,0.0,,,20.58858923390996
1450390,BAKKEN RESOURCES INC,2016,6632120.0,,,,,
1450551,TUFFNELL LTD.,2012,142337.0,-48195.0,,,,-0.3385978347162017
1450552,"DAVI LUXURY BRAND GROUP, INC.",2012,407097.0,-220988.0,502418.0,,,-0.5428386846378136
1450552,"DAVI LUXURY BRAND GROUP, INC.",2013,720843.0,-220988.0,502418.0,,,-0.3065688367647324
1450708,"AURUM, INC.",2017,197.0,,,,,
1451433,"NUTRANOMICS, INC.",2014,550180.0,-2172242.0,5000.0,,,-3.9482387582245813
1451433,"NUTRANOMICS, INC.",2015,550180.0,-2172242.0,2402769.0,,,-3.9482387582245813
1451448,"ESPORTS ENTERTAINMENT GROUP, INC.",2017,759050.0,0.0,0.0,,,0.0
1451448,"ESPORTS ENTERTAINMENT GROUP, INC.",2020,183650.0,-10351415.0,,,,-56.36490607133133
1451448,VGAMBLING INC.,2015,8449.0,0.0,0.0,,,0.0
1451448,VGAMBLING INC.,2016,178839.0,0.0,0.0,,,0.0
1451512,"PRIVATE SECRETARY, INC.",2011,,-16435.0,,,,
1451514,"MINERCO RESOURCES, INC.",2012,0.0,-5955868.0,,,,
1451514,"MINERCO RESOURCES, INC.",2013,139625.0,-547403.0,,,,-3.920522829006267
1451514,"MINERCO RESOURCES, INC.",2014,1011586.0,-12485737.0,,,,-12.342734082915342
1451514,"MINERCO RESOURCES, INC.",2015,1779501.0,-3696547.0,2452999.0,,,-2.0772941403236076
1451520,"IDLE MEDIA, INC.",2013,1452430.0,-1891106.0,2899608.0,,,-1.3020290134464312
1451654,"BEARING MINERAL EXPLORATION, INC.",2011,2340.0,-32603.0,,,,-13.932905982905982
1451797,"GLOBAL KARAOKE NETWORK, INC.",2012,1864.0,-81194.0,,,,-43.55901287553648
1451797,"GLOBAL KARAOKE NETWORK, INC.",2013,2855.0,-83830.0,,,,-29.362521891418563
1451929,"AVANT DIAGNOSTICS, INC",2018,5676041.0,,118040.0,,,
1452804,"FRAC WATER SYSTEMS, INC.",2013,4906.0,-20223.0,,,,-4.122095393395842
1452804,SURF A MOVIE SOLUTIONS INC,2011,19470.0,-67676.0,,,,-3.4759116589625063
1452804,SURF A MOVIE SOLUTIONS INC,2012,8231.0,-22616.0,,,,-2.747661280524845
1454298,GUNPOWDER GOLD CORP,2012,,-70910.0,,,,
1454510,LNPR GROUP INC.,2019,1085.0,-439917.0,,,,-405.45345622119817
1455819,"VAPE HOLDINGS, INC.",2014,824104.0,-317591.0,841724.0,,,-0.38537733101647365
1455819,"VAPE HOLDINGS, INC.",2018,28483.0,,890514.0,,,
1456857,"MJ HOLDINGS, INC.",2019,2879865.0,-334788.0,8150.0,,,-0.11625128261220578
1456857,"MJ HOLDINGS, INC.",2020,5680869.0,,8150.0,,,
1458023,"3D MAKERJET, INC.",2015,86339.0,-195408.0,0.0,,,-2.2632645733677714
1459287,"ESSENSE WATER, INC.",2012,379.0,-3911.0,,,,-10.319261213720317
1459287,"ESSENSE WATER, INC.",2014,44.0,-55979.0,0.0,,,-1272.25
1459287,"ESSENSE WATER, INC.",2015,44.0,-10504.0,0.0,,,-238.72727272727272
1459287,"ESSENSE WATER, INC.",2016,5402.0,-10504.0,0.0,,,-1.9444650129581635
1462047,PRIME GLOBAL CAPITAL GROUP INC,2012,,0.0,2887361.0,,,
1462047,PRIME GLOBAL CAPITAL GROUP INC,2013,0.0,985820.0,2887361.0,,,
1463959,"DS HEALTHCARE GROUP, INC.",2016,10715426.0,-1928524.0,11777760.0,,,-0.17997641904297598
1464766,"MOBILE INTEGRATED SYSTEMS, INC.",2012,288746.0,,71782.0,,,
1467373,ACCENTURE PLC,2010,12835253000.0,445482000.0,10256455000.0,,,0.034707691387150685
1467373,ACCENTURE PLC,2011,15731510000.0,399760000.0,6496293000.0,,,0.02541141950137018
1467373,ACCENTURE PLC,2012,16665415000.0,1780656000.0,3677850000.0,,,0.10684738423855632
1467373,ACCENTURE PLC,2013,16665415000.0,2553510000.0,11623595000.0,,,0.15322210698023422
1467373,ACCENTURE PLC,2014,16867049000.0,701016000.0,30394285000.0,,,0.0415612713284938
1467373,ACCENTURE PLC,2015,17930452000.0,3281878000.0,10878943000.0,,,0.18303375731967048
1467373,ACCENTURE PLC,2016,20609004000.0,1326520000.0,8364511000.0,,,0.06436604117307174
1467373,ACCENTURE PLC,2017,22689890000.0,4111892000.0,6255680000.0,,,0.1812213280892944
1467373,ACCENTURE PLC,2018,24449083000.0,4111892000.0,10838854000.0,,,0.16818184960147586
1467373,ACCENTURE PLC,2019,29789880000.0,1124449000.0,39343000.0,,,0.03774600636189202
1467373,ACCENTURE PLC,2020,37078593000.0,1124449000.0,10605546000.0,,,0.030326096785819247
1469038,DOMAIN EXTREMES INC.,2015,10573.0,-67453.0,82153.0,,,-6.379740849333207
1469038,"MI1 GLOBAL TELCO., INC.",2019,1.0,222261.0,0.0,,,222261.0
1469115,UAN POWER CORP,2012,570324.0,,175474.0,,,
1469115,UAN POWER CORP,2013,841437.0,-252390.0,,,,-0.2999511549884305
1469115,UAN POWER CORP,2014,383767.0,-1872637.0,,,,-4.8796196650571835
1469207,"SMARTAG INTERNATIONAL, INC.",2011,,-19166.0,0.0,,,
1469207,"SMARTAG INTERNATIONAL, INC.",2012,,-31151.0,0.0,,,
1469207,"SMARTAG INTERNATIONAL, INC.",2013,496.0,-25748.0,0.0,,,-51.91129032258065
1469207,"SMARTAG INTERNATIONAL, INC.",2017,114353.0,19825.0,124769.0,,,0.17336668036693398
1470129,CHINA BILINGUAL TECHNOLOGY & EDUCATION GROUP INC.,2011,39902876.0,9444060.0,,,,0.23667617341667302
1470129,CHINA BILINGUAL TECHNOLOGY & EDUCATION GROUP INC.,2012,157790698.0,9444060.0,,,,0.059851817120423666
1470550,"JOURNAL OF RADIOLOGY, INC.",2012,61154.0,,,,,
1470550,"JOURNAL OF RADIOLOGY, INC.",2013,61154.0,-26439.0,,,,-0.43233476142198385
1470550,"JOURNAL OF RADIOLOGY, INC.",2014,560.0,-354093.0,,,,-632.3089285714286
1470550,STAR CENTURY PANDAHO CORP,2015,26258.0,,50000.0,,,
1470719,MONAR INTERNATIONAL INC.,2011,71780.0,-28063.0,,,,-0.39095848425745333
1470719,MONAR INTERNATIONAL INC.,2012,353.0,-16588.0,,,,-46.991501416430594
1471136,HONDO MINERALS CORP,2012,14049298.0,,,,,
1471727,"SPORT ENDURANCE, INC.",2012,16993.0,-16200.0,0.0,,,-0.9533337256517389
1471727,"SPORT ENDURANCE, INC.",2013,12802.0,0.0,0.0,,,0.0
1471727,"SPORT ENDURANCE, INC.",2014,8572.0,-16200.0,0.0,,,-1.88987400839944
1471727,"SPORT ENDURANCE, INC.",2015,2190.0,-49669.0,0.0,,,-22.679908675799087
1471727,"SPORT ENDURANCE, INC.",2016,2190.0,-49669.0,0.0,,,-22.679908675799087
1471727,"SPORT ENDURANCE, INC.",2017,16324.0,-933761.0,48.0,,,-57.201727517765256
1471727,"SPORT ENDURANCE, INC.",2018,209076.0,-2950819.0,475.0,,,-14.113618971091851
1471968,ENZYMEBIOSYSTEMS,2017,44249.0,-95793.0,,,,-2.164862482767972
1472277,SECURE LUGGAGE SOLUTIONS INC.,2014,430.0,,,,,
1472374,ULTIMATE INDOOR FOOTBALL LEAGUE,2011,100.0,-10300.0,0.0,,,-103.0
1472468,"XIANGTIAN (USA) AIR POWER CO., LTD.",2012,1418.0,-30944.0,,,,-21.82228490832158
1472468,"XIANGTIAN (USA) AIR POWER CO., LTD.",2013,36560.0,0.0,,,,0.0
1472468,"XIANGTIAN (USA) AIR POWER CO., LTD.",2014,1640007.0,0.0,0.0,,,0.0
1472468,"XIANGTIAN (USA) AIR POWER CO., LTD.",2015,21323625.0,-18818.0,20772028.0,,,-0.0008824953543311703
1472468,"XIANGTIAN (USA) AIR POWER CO., LTD.",2016,21323625.0,-30944.0,20772028.0,,,-0.0014511603913499697
1472468,"XIANGTIAN (USA) AIR POWER CO., LTD.",2017,16777965.0,-651000.0,966000.0,,,-0.03880089152647535
1472468,"XIANGTIAN (USA) AIR POWER CO., LTD.",2018,2314052.0,-344388.0,66.0,,,-0.14882465908285553
1472468,"XT ENERGY GROUP, INC.",2019,7731512.0,13685.0,,,,0.0017700289412989334
1472595,"ACCRETIVE HEALTH, INC.",2014,509991000.0,-29546000.0,,,,-0.05793435570431635
1472847,HARRISON VICKERS & WATERMAN INC,2014,1470361.0,0.0,0.0,,,0.0
1472862,"WHITE SMILE GLOBAL, INC.",2011,6972.0,-147881.0,,,,-21.210699942627652
1473490,"BRIGHT MOUNTAIN HOLDINGS, INC.",2012,4125.0,-217843.0,26970.0,,,-52.81042424242424
1473490,"MY CATALOGS ONLINE, INC.",2011,21816.0,,40950.0,,,
1473490,"WALL STREET MEDIA CO, INC.",2014,1332.0,-117536.0,60500.0,,,-88.24024024024024
1473490,"WALL STREET MEDIA CO, INC.",2015,1332.0,-95846.0,70950.0,,,-71.95645645645645
1473490,"WALL STREET MEDIA CO, INC.",2016,857.0,-50458.0,45430.0,,,-58.87747957992999
1473490,"WALL STREET MEDIA CO, INC.",2017,422.0,-37519.0,40800.0,,,-88.90758293838863
1473490,"WALL STREET MEDIA CO, INC.",2018,15138.0,4234.0,10000.0,,,0.2796934865900383
1473490,"WALL STREET MEDIA CO, INC.",2019,7890.0,23314.0,90290.0,,,2.954879594423321
1473490,"WALL STREET MEDIA CO, INC.",2020,8953.0,23314.0,90290.0,,,2.604043337428795
1473971,"CITADEL EFT, INC.",2011,144705.0,7487.0,459770.0,,,0.05173974638056736
1475273,"SOUPMAN, INC.",2012,788872.0,-6209033.0,969945.0,,,-7.8707737123386305
1475273,"SOUPMAN, INC.",2013,895450.0,-6209033.0,1000000.0,,,-6.933980680104975
1475273,"SOUPMAN, INC.",2015,1075172.0,-3324779.0,1929389.0,,,-3.092322902754164
1475273,"SOUPMAN, INC.",2016,1229648.0,-2939619.0,2652856.0,,,-2.390618290762885
1476170,UNILIFE CORP,2016,95413000.0,-100783000.0,3161000.0,,,-1.0562816387703982
1477968,"FAIRMOUNT BANCORP, INC.",2011,70951638.0,512649.0,,,,0.00722533001986508
1477968,"FAIRMOUNT BANCORP, INC.",2012,72786839.0,488809.0,,,,0.006715623410985055
1477968,"FAIRMOUNT BANCORP, INC.",2013,77028149.0,257470.0,,,,0.0033425442950732204
1478259,"MEDBOOK WORLD, INC",2011,176891.0,-51674.0,,,,-0.29212339802477233
1478259,"MEDBOOK WORLD, INC",2012,89759.0,-181151.0,0.0,,,-2.0181931616885214
1478259,"MEDBOOK WORLD, INC",2013,34806.0,-234804.0,,,,-6.746078262368557
1478259,"MEDBOOK WORLD, INC",2016,,-47637.0,,,,
1478726,CHARTER FINANCIAL CORP,2013,1089405849.0,2305352.0,,,,0.002116155335604408
1478726,CHARTER FINANCIAL CORP,2014,1089405849.0,5955133.0,,,,0.005466404467597089
1478726,CHARTER FINANCIAL CORP,2015,206800171.0,5955133.0,,,,0.028796557426444293
1478726,CHARTER FINANCIAL CORP,2016,1438389236.0,,,,,
1478726,CHARTER FINANCIAL CORP,2017,211147714.0,,,,,
1479426,DYNAVOX INC.,2013,22941000.0,148000.0,26182000.0,,,0.006451331676910335
1479526,"CHINA MODERN AGRICULTURAL INFORMATION, INC.",2012,30523628.0,,29822284.0,,,
1479526,"CHINA MODERN AGRICULTURAL INFORMATION, INC.",2013,90415393.0,21639720.0,29822284.0,,,0.23933668020444263
1479526,"CHINA MODERN AGRICULTURAL INFORMATION, INC.",2014,90415393.0,26520443.0,58753254.0,,,0.293317787160423
1479526,"CHINA MODERN AGRICULTURAL INFORMATION, INC.",2015,173119673.0,26244443.0,66335166.0,,,0.1515971151354936
1481504,"BANJO & MATILDA, INC.",2014,1206078.0,21752.0,1724181.0,,,0.018035317782100328
1481504,"BANJO & MATILDA, INC.",2018,167750.0,,2285361.0,,,
1482554,HARTFORD GREAT HEALTH CORP.,2018,1444.0,-19852.0,0.0,,,-13.74792243767313
1482554,HARTFORD GREAT HEALTH CORP.,2019,1444.0,-25366.0,56174.0,,,-17.566481994459835
1482554,HARTFORD GREAT HEALTH CORP.,2020,53978.0,-742205.0,29583.0,,,-13.750138945496314
1482554,"PHOTOAMIGO, INC.",2012,,-21826.0,,,,
1482554,"PHOTOAMIGO, INC.",2013,,-24935.0,,,,
1482554,"PHOTOAMIGO, INC.",2014,2327.0,-86542.0,,,,-37.19037387193812
1482554,"PHOTOAMIGO, INC.",2015,5795.0,-86542.0,,,,-14.933908541846419
1482554,"PHOTOAMIGO, INC.",2016,5795.0,-21074.0,,,,-3.636583261432269
1482554,"PHOTOAMIGO, INC.",2017,2458.0,0.0,0.0,,,0.0
1483496,"RED MOUNTAIN RESOURCES, INC.",2015,33551000.0,-9508000.0,,,,-0.2833894667819141
1484769,"CAROLCO PICTURES, INC.",2016,313340.0,-7577145.0,790467.0,,,-24.181863151847832
1485964,"PEOPLES FEDERAL BANCSHARES, INC.",2012,111638000.0,559000.0,,,,0.005007255593973378
1485964,"PEOPLES FEDERAL BANCSHARES, INC.",2013,107425000.0,1657000.0,,,,0.015424714917384221
1485964,"PEOPLES FEDERAL BANCSHARES, INC.",2014,585246000.0,2285000.0,,,,0.0039043410805028995
1487439,CROWN ALLIANCE CAPITAL LTD,2013,339979.0,-259219.0,452923.0,,,-0.7624559163948361
1487659,CROSS CLICK MEDIA INC.,2015,71551.0,-1636259.0,61440.0,,,-22.868429511816746
1487730,"SPECTRUM BRANDS HOLDINGS, INC.",2011,3626706000.0,,2010648000.0,,,
1487730,"SPECTRUM BRANDS HOLDINGS, INC.",2012,956043000.0,5513000.0,3252435000.0,,,0.0057664770308448465
1487730,"SPECTRUM BRANDS HOLDINGS, INC.",2013,956043000.0,-28660000.0,254858000.0,,,-0.029977731127156414
1487730,"SPECTRUM BRANDS HOLDINGS, INC.",2014,526596000.0,214092000.0,948652000.0,,,0.40655834833534626
1487730,"SPECTRUM BRANDS HOLDINGS, INC.",2015,1619900000.0,-47400000.0,-854600000.0,,,-0.029261065497870237
1487730,"SPECTRUM BRANDS HOLDINGS, INC.",2016,-5888100000.0,205100000.0,734600000.0,,,-0.03483296819007829
1487775,"BWAY PARENT COMPANY, INC.",2011,1363000000.0,-11200000.0,325000000.0,,,-0.008217168011738812
1487931,"DE ACQUISITION 6, INC.",2015,0.0,,,,,
1489256,MYGO GAMES HOLDING CO.,2014,75190.0,-2375275.0,0.0,,,-31.590304561776833
1490873,"ECO SCIENCE SOLUTIONS, INC.",2018,246575.0,-33628178.0,,186720.0,,-136.38113352935213
1490906,CAPITOL FEDERAL FINANCIAL INC,2011,1015979000.0,16758000.0,,,,0.016494435416480064
1490906,CAPITOL FEDERAL FINANCIAL INC,2012,9450799000.0,-11258000.0,,,,-0.0011912220331847074
1490906,CAPITOL FEDERAL FINANCIAL INC,2013,1808754000.0,17563000.0,,,,0.009709999259158515
1490906,CAPITOL FEDERAL FINANCIAL INC,2014,1496526000.0,69340000.0,,,,0.04633397615544267
1490906,CAPITOL FEDERAL FINANCIAL INC,2015,1496526000.0,69340000.0,,,,0.04633397615544267
1490906,CAPITOL FEDERAL FINANCIAL INC,2016,9267247000.0,83494000.0,,,,0.009009579651864249
1490906,CAPITOL FEDERAL FINANCIAL INC,2017,1393203000.0,20551000.0,,,,0.014750901340292836
1490906,"CAPITOL FEDERAL FINANCIAL, INC.",2018,9449547000.0,84137000.0,14835000.0,,,0.008903813061091712
1490906,"CAPITOL FEDERAL FINANCIAL, INC.",2019,9340018000.0,98927000.0,15636000.0,,,0.010591735476312786
1490906,"CAPITOL FEDERAL FINANCIAL, INC.",2020,1336417000.0,4276000.0,11285000.0,,,0.0031996001248113426
1492151,"WORLD MOTO, INC.",2016,228191.0,-2869345.0,1521.0,,,-12.574312746777919
1492617,SAVVY BUSINESS SUPPORT INC,2011,1936.0,-17413.0,0.0,,,-8.994318181818182
1492617,SAVVY BUSINESS SUPPORT INC,2012,450.0,,,,,
1492915,STANDARD FINANCIAL CORP.,2011,435103000.0,2424000.0,,,,0.005571094660344792
1492915,STANDARD FINANCIAL CORP.,2012,80872000.0,,,,,
1492915,STANDARD FINANCIAL CORP.,2013,443432000.0,,,,,
1493212,"MOKITA VENTURES, INC.",2012,2141.0,-281604.0,0.0,,,-131.52919196637086
1493265,ACM CORP,2013,141.0,-27851.0,,,,-197.52482269503545
1493594,"M/A-COM TECHNOLOGY SOLUTIONS HOLDINGS, INC.",2012,268073000.0,195000.0,77125000.0,65904.0,,0.0007274138014645265
1493594,"M/A-COM TECHNOLOGY SOLUTIONS HOLDINGS, INC.",2012,268073000.0,195000.0,77125000.0,65904.0,,0.0007274138014645265
1493594,"M/A-COM TECHNOLOGY SOLUTIONS HOLDINGS, INC.",2013,304231000.0,3750000.0,74563000.0,65904.0,,0.01232616005601007
1493594,"M/A-COM TECHNOLOGY SOLUTIONS HOLDINGS, INC.",2013,304231000.0,3750000.0,74563000.0,65904.0,,0.01232616005601007
1493594,"M/A-COM TECHNOLOGY SOLUTIONS HOLDINGS, INC.",2014,682234000.0,14537000.0,303336000.0,65904.0,,0.021307938332009252
1493594,"M/A-COM TECHNOLOGY SOLUTIONS HOLDINGS, INC.",2014,682234000.0,14537000.0,303336000.0,65904.0,,0.021307938332009252
1493594,"M/A-COM TECHNOLOGY SOLUTIONS HOLDINGS, INC.",2015,682234000.0,18196000.0,152974000.0,65904.0,,0.02667120079034466
1493594,"M/A-COM TECHNOLOGY SOLUTIONS HOLDINGS, INC.",2015,682234000.0,18196000.0,152974000.0,65904.0,,0.02667120079034466
1493594,"MACOM TECHNOLOGY SOLUTIONS HOLDINGS, INC.",2016,860834000.0,-15323000.0,17400000.0,65904.0,,-0.017800179825610978
1493594,"MACOM TECHNOLOGY SOLUTIONS HOLDINGS, INC.",2016,860834000.0,-15323000.0,17400000.0,65904.0,,-0.017800179825610978
1493594,"MACOM TECHNOLOGY SOLUTIONS HOLDINGS, INC.",2017,1188551000.0,48589000.0,151752000.0,65904.0,,0.04088087090919952
1493594,"MACOM TECHNOLOGY SOLUTIONS HOLDINGS, INC.",2017,1188551000.0,48589000.0,151752000.0,65904.0,,0.04088087090919952
1493594,"MACOM TECHNOLOGY SOLUTIONS HOLDINGS, INC.",2018,1637123000.0,1434000.0,698772000.0,65904.0,100000.0,0.0008759268546101912
1493594,"MACOM TECHNOLOGY SOLUTIONS HOLDINGS, INC.",2018,1637123000.0,1434000.0,698772000.0,65904.0,100000.0,0.0008759268546101912
1493594,"MACOM TECHNOLOGY SOLUTIONS HOLDINGS, INC.",2019,1105574000.0,-383798000.0,79581000.0,65904.0,,-0.3471481782313984
1493594,"MACOM TECHNOLOGY SOLUTIONS HOLDINGS, INC.",2019,1105574000.0,-383798000.0,79581000.0,65904.0,,-0.3471481782313984
1493594,"MACOM TECHNOLOGY SOLUTIONS HOLDINGS, INC.",2020,1146428000.0,-139977000.0,126054000.0,65904.0,,-0.12209837861601426
1493594,"MACOM TECHNOLOGY SOLUTIONS HOLDINGS, INC.",2020,1146428000.0,-139977000.0,126054000.0,65904.0,,-0.12209837861601426
1493712,"PLANDEL RESOURCES, INC.",2012,23615.0,-15859.0,0.0,,,-0.6715646834639001
1493761,PARAMETRIC SOUND CORP,2011,1123795.0,-1484458.0,79167.0,,,-1.3209330883301669
1493761,PARAMETRIC SOUND CORP,2012,1123795.0,-1484458.0,64250.0,,,-1.3209330883301669
1493761,PARAMETRIC SOUND CORP,2013,7565323.0,-4462182.0,137110.0,,,-0.5898204214149217
1494162,KINERJAPAY CORP.,2020,3722998.0,,438000.0,,,
1494214,"INTERCORE, INC.",2014,329397.0,0.0,410391.0,163610.0,,0.0
1494448,"IMPERIAL HOLDINGS, INC.",2012,222599000.0,-8636000.0,44214000.0,,,-0.03879622100728215
1495850,MAKISM 3D CORP.,2014,0.0,,,,,
1496139,CAR MONKEYS GROUP,2015,534933.0,,779377.0,,,
1496139,DELAINE CORP,2012,10182.0,-71272.0,5414.0,,,-6.999803574936162
1496139,DELAINE CORP,2013,403602.0,-71272.0,3210.0,,,-0.17658980877200806
1496139,DELAINE CORP,2014,403602.0,94583.0,672858.0,,,0.23434720343308507
1497033,"EUROPA ACQUISITION I, INC.",2013,548.0,,,,,
1497033,"EUROPA ACQUISITION I, INC.",2014,540.0,-27429.0,,,,-50.794444444444444
1497046,"SWINGPLANE VENTURES, INC.",2013,8153.0,-751850.0,,,,-92.21758861768674
1497055,"GROGENESIS, INC.",2014,9473.0,-1357147.0,60475.0,,,-143.26475245434392
1497074,"DIXIE FOODS INTERNATIONAL, INC",2013,19928.0,,1730.0,,,
1497130,"NANO MOBILE HEALTHCARE, INC.",2015,398332.0,1632190.0,,,,4.097561832842955
1497130,VANTAGE HEALTH,2013,317311.0,-1254.0,0.0,,,-0.003951958803823379
1497165,"MODERN MOBILITY AIDS, INC.",2012,0.0,-8777.0,1656.0,,,
1497251,"ACROBOO, INC.",2013,23950.0,-288900.0,127610.0,,,-12.062630480167014
1497251,"ACROBOO, INC.",2014,400.0,-118900.0,127610.0,,,-297.25
1497316,AMERICAN GRAPHITE TECHNOLOGIES INC.,2012,176.0,-46052.0,,,,-261.65909090909093
1497316,AMERICAN GRAPHITE TECHNOLOGIES INC.,2015,644187.0,-229014.0,,,,-0.35550857126890173
1497572,NANO LABS CORP.,2013,28196.0,-53009.0,,,,-1.8800184423322457
1497572,NANO LABS CORP.,2014,28196.0,-8869355.0,,,,-314.5607532983402
1497572,"NANO LABS, INC.",2012,47683.0,-170154.0,,,,-3.5684415829540925
1497647,"AMERICAN PATRIOT BRANDS, INC.",2017,753293.0,-7712208.0,2564489.0,,,-10.237992388088035
1497649,SOLAR QUARTZ TECHNOLOGIES CORP,2017,68.0,2454241.0,,,,36091.779411764706
1497649,VANGUARD ENERGY CORP,2011,5545052.0,-118144.0,,,,-0.021306202358426937
1497649,VANGUARD ENERGY CORP,2012,14216165.0,-1109397.0,,,,-0.07803771270240603
1498046,AAA BEST CAR RENTAL INC,2011,14190.0,-19032.0,1150.0,,,-1.3412262156448203
1498046,STEVIA NUTRA CORP.,2012,14190.0,-19032.0,,,,-1.3412262156448203
1498122,PRACO CORP,2013,1278.0,-378838.0,76.0,150477.0,,-296.4303599374022
1498122,PRACO CORP,2015,3746.0,,,150477.0,,
1498122,PRACO CORP,2016,29.0,,,150477.0,,
1498210,"RJD GREEN, INC.",2012,11771.0,,,,,
1498301,"ASCENA RETAIL GROUP, INC.",2019,3570500000.0,-3700000.0,758700000.0,,,-0.0010362694300518134
1498301,"ASCENA RETAIL GROUP, INC.",2020,2339600000.0,-1141800000.0,1240500000.0,,,-0.48803214224653785
1498352,"JINTAI MINING GROUP, INC.",2011,39541561.0,12791177.0,,,,0.3234869002769011
1498372,"QUEENSRIDGE MINING RESOURCES, INC.",2012,1774.0,-11545.0,0.0,,,-6.507891770011274
1498372,"QUEENSRIDGE MINING RESOURCES, INC.",2013,2089.0,-88364.0,,,,-42.29966491144088
1498388,CLONE ALGO INC.,2014,9200757.0,-79367511.0,,,,-8.626193583854024
1498622,"EASY ORGANIC COOKERY, INC.",2014,0.0,-260554.0,,,,
1499275,SANTO MINING CORP.,2012,6764.0,-2135.0,,,,-0.31564163217031344
1499361,"DTS8 COFFEE COMPANY, LTD.",2016,142672.0,-1607980.0,,,,-11.270466524615902
1499735,AMERICAN ENERGY DEVELOPMENT CORP.,2012,,-125444.0,89011.0,,,
1499735,AMERICAN ENERGY DEVELOPMENT CORP.,2013,428392.0,-13854814.0,293464.0,,,-32.34143961605259
1499871,LAREDO RESOURCES CORP.,2011,27400.0,-7325.0,,,,-0.26733576642335766
1499871,LAREDO RESOURCES CORP.,2012,368.0,-56789.0,,,,-154.3179347826087
1499871,LAREDO RESOURCES CORP.,2013,14983.0,,,,,
1500198,NEUROONE MEDICAL TECHNOLOGIES CORP,2019,218719.0,-5132914.0,,,,-23.468075475838862
1500198,NEUROONE MEDICAL TECHNOLOGIES CORP,2020,532615.0,-13640160.0,,,,-25.609793190203053
1500242,UBI BLOCKCHAIN INTERNET LTD-DE,2017,0.0,-13079.0,,,,
1500242,UBI BLOCKCHAIN INTERNET LTD-DE,2018,1918724.0,,,,,
1500341,"BWAY INTERMEDIATE COMPANY, INC.",2012,-946600000.0,-37000000.0,240700000.0,,,0.03908725966617367
1501112,ANTAGA INTERNATINAL CORP,2011,22335.0,-768.0,,,,-0.034385493619879116
1501112,"MIX 1 LIFE, INC.",2013,19880000.0,-32771.0,,,,-0.001648440643863179
1501112,"MIX 1 LIFE, INC.",2014,20585739.0,,2004.0,,,
1501112,"MIX 1 LIFE, INC.",2015,20585739.0,-17736766.0,1540606.0,,,-0.8616045311756843
1501225,CHINA TIANFEIHONG WINE INC,2014,6176037.0,1380339.0,7469997.0,,,0.22349914678296132
1501350,EUREKA FINANCIAL CORP.,2011,137514994.0,,,,,
1501350,EUREKA FINANCIAL CORP.,2012,21470948.0,,,,,
1501350,EUREKA FINANCIAL CORP.,2013,22917524.0,,,,,
1501350,EUREKA FINANCIAL CORP.,2014,140950001.0,,,,,
1501350,EUREKA FINANCIAL CORP.,2015,152187051.0,1316374.0,,,,0.008649710940256015
1501845,"SOLO INTERNATIONAL, INC",2012,49154.0,-714.0,,7882.0,,-0.01452577613215608
1501845,"SOLO INTERNATIONAL, INC",2013,49154.0,-578753.0,,7882.0,,-11.774280831671888
1502152,"ANGIOSOMA, INC.",2019,124745.0,-816741.0,890.0,,,-6.54728446029901
1502152,"ANGIOSOMA, INC.",2020,89912.0,-675072.0,77.0,,,-7.5081412937094045
1502377,"CONTANGO ORE, INC.",2015,4981293.0,-10032683.0,,37895.0,,-2.014072049164745
1502555,GOLDEN GLOBAL CORP.,2014,77196.0,-595074.0,,,,-7.708611845173325
1502555,GOLDEN GLOBAL CORP.,2018,0.0,,173447.0,,,
1502557,"CX NETWORK GROUP, INC.",2017,13611.0,-247279.0,1395161.0,,,-18.16758504151054
1502557,"CX NETWORK GROUP, INC.",2019,78864.0,-206745.0,505080.0,,,-2.6215383444917832
1502557,"MLIGHT TECH, INC.",2011,10606.0,-600.0,,,,-0.056571751838581937
1502557,"MLIGHT TECH, INC.",2012,10606.0,,,,,
1502557,"MLIGHT TECH, INC.",2015,191475.0,96732.0,1170168.0,,,0.5051938895417156
1502772,BLUE WATER PETROLEUM CORP.,2013,133207.0,-604415.0,,,,-4.53741169758346
1502772,DEGARO INNOVATIONS CORP.,2012,15984.0,-5816.0,,,,-0.3638638638638639
1502774,"SOTON HOLDINGS GROUP, INC.",2011,22158.0,-941.0,,,,-0.042467731744742304
1502777,"PREMIER BRANDS, INC.",2012,116937.0,,227187.0,,,
1502952,BROADCAST LIVE DIGITAL CORP.,2013,880.0,-27564.0,,,,-31.322727272727274
1502952,BROOKFIELD RESOURCES INC.,2012,2083.0,-27564.0,,,,-13.232837253960634
1502966,"DIGIPATH, INC.",2018,1571236.0,,1898172.0,,,
1502966,"DIGIPATH, INC.",2019,1355933.0,,2552600.0,,,
1502966,"DIGIPATH,INC.",2013,255336.0,-329647.0,391700.0,,,-1.291032208540903
1502966,"DIGIPATH,INC.",2014,255336.0,-2832202.0,0.0,,,-11.092059090766677
1502966,"DIGIPATH,INC.",2017,1446875.0,,818583.0,,,
1503161,MEGA WORLD FOOD HOLDING CO,2012,50318.0,-39053.0,20000.0,,,-0.776123852299376
1503227,"FIRST LEVEL ENTERTAINMENT GROUP, INC.",2015,,3066084.0,,,,
1503227,"FIRST LEVEL ENTERTAINMENT GROUP, INC.",2016,,-73675.0,,,,
1503658,HOMEOWNUSA,2014,0.0,-15511.0,0.0,,,
1503658,HOMEOWNUSA,2016,6388.0,-204.0,0.0,,,-0.031934877896055106
1503985,"NUVEL HOLDINGS, INC.",2014,60741.0,,2153.0,,,
1504167,THOMPSON DESIGNS INC,2012,16002.0,-27957.0,0.0,,,-1.7470941132358455
1504167,THOMPSON DESIGNS INC,2013,4848.0,-59105.0,0.0,,,-12.191625412541255
1504222,HIGH PERFORMANCE BEVERAGES CO.,2015,144093.0,,,,,
1504239,"ALTERNATIVE ENERGY & ENVIRONMENTAL SOLUTIONS, INC.",2012,434.0,,,,,
1504239,"ALTERNATIVE ENERGY & ENVIRONMENTAL SOLUTIONS, INC.",2013,434.0,-577294.0,,,,-1330.1705069124423
1504239,"ALTERNATIVE ENERGY & ENVIRONMENTAL SOLUTIONS, INC.",2014,125.0,,,,,
1504239,"POINT OF CARE NANO-TECHNOLOGY, INC.",2015,177181.0,,,,,
1504464,FUTURE ENERGY CORP.,2012,464546.0,-100042.0,2304.0,,,-0.21535434596358596
1504678,FIRST AMERICAN GROUP INC.,2013,2135.0,-73424.0,,,,-34.39063231850117
1504678,FIRST AMERICAN GROUP INC.,2014,2135.0,,,,,
1504912,HENGYI INTERNATIONAL INDUSTRIES GROUP INC.,2013,0.0,-133566.0,,,,
1504912,LYONS LIQUORS INC.,2012,883.0,,,,,
1505364,EASTERN ACQUISITION CORP,2013,,-2073.0,,,,
1505367,APOLLO ACQUISITION CORP,2013,0.0,-23957.0,0.0,,,
1505367,APOLLO ACQUISITION CORP,2014,,-19574.0,0.0,,,
1505367,APOLLO ACQUISITION CORP,2015,6000.0,-165766.0,0.0,,,-27.627666666666666
1505367,APOLLO ACQUISITION CORP,2018,13193.0,-26387.0,,,,-2.0000757977715455
1505823,FRANKLIN FINANCIAL CORP,2011,1096977000.0,-1081000.0,,,,-0.0009854354284547443
1505823,FRANKLIN FINANCIAL CORP,2012,249467000.0,0.0,,,,0.0
1505823,FRANKLIN FINANCIAL CORP,2013,249467000.0,2552000.0,,,,0.010229809954823685
1505823,FRANKLIN FINANCIAL CORP,2014,1093980000.0,4403000.0,,,,0.004024753651803507
1506251,"CITIUS PHARMACEUTICALS, INC.",2015,741538.0,-1288003.0,,,,-1.736934587303685
1506251,"CITIUS PHARMACEUTICALS, INC.",2016,741538.0,,,,,
1506251,"CITIUS PHARMACEUTICALS, INC.",2017,21950341.0,,,,,
1506251,"CITIUS PHARMACEUTICALS, INC.",2018,31050524.0,-8295698.0,,,,-0.2671677296009562
1506251,"CITIUS PHARMACEUTICALS, INC.",2019,28986394.0,-10384953.0,,,,-0.3582699179484002
1506251,"CITIUS PHARMACEUTICALS, INC.",2020,7760000.0,-15562144.0,,,,-2.0054309278350515
1506270,"KIDS ONLY MARKET, INC.",2011,20683.0,-2447.0,,,,-0.11830972296088575
1506270,"RIGHTSCORP, INC.",2013,0.0,-37321.0,,,,
1506270,STEVIA AGRITECH CORP.,2012,20683.0,-27208.0,,,,-1.315476478267176
1506522,"PRESS VENTURES, INC.",2011,14749.0,-7251.0,,,,-0.49162655095260693
1506929,"VERDE RESOURCES, INC.",2015,1490148.0,-1371788.0,,,,-0.9205716479168512
1506929,"VERDE RESOURCES, INC.",2019,11637.0,94262.0,,,,8.100197645441265
1506929,"VERDE RESOURCES, INC.",2020,11637.0,94262.0,,,,8.100197645441265
1507858,"AUSTIN ACQUISITIONS, INC",2011,4000.0,-20758.0,0.0,,,-5.1895
1507986,UNIVERSAL BUSINESS PAYMENT SOLUTIONS ACQUISITION CORP,2011,68999728.0,-89956.0,,,,-0.0013037152842109755
1508348,"AMERICANN, INC.",2017,6063558.0,-2771894.0,40000.0,,,-0.4571398508928256
1508348,"AMERICANN, INC.",2020,11766007.0,-4903668.0,11564.0,,,-0.4167656877987579
1508348,"NEVADA HEALTH SCAN, INC.",2013,,-663449.0,,,,
1508363,"HEALTH IN HARMONY, INC.",2011,66984.0,-39016.0,,,,-0.5824674549146065
1508594,"CITY MEDIA, INC.",2011,116087.0,-6433.0,29152.0,,,-0.05541533505043631
1508594,"CITY MEDIA, INC.",2012,65813.0,-39692.0,30579.0,,,-0.6031027304635862
1508594,"CITY MEDIA, INC.",2013,51745.0,-23837.0,30579.0,,,-0.46066286597738915
1508594,"CITY MEDIA, INC.",2014,48150.0,-23837.0,19034.0,,,-0.4950571131879543
1508786,"TIRELESS STEPS, INC.",2012,,-13995.0,,,,
1509261,"REZOLUTE, INC.",2018,10628910.0,-20277132.0,,17651.0,,-1.9077339068634507
1509261,"REZOLUTE, INC.",2020,10965000.0,0.0,,17651.0,,0.0
1509477,NOW NEWS DIGITAL MEDIA TECHNOLOGY CO LTD.,2014,1612.0,-21485.0,0.0,,,-13.328163771712159
1509786,"INSPIRED BUILDERS, INC.",2017,,-284587.0,,,,
1509786,"INSPIRED BUILDERS, INC.",2019,101.0,-58365.0,,,,-577.8712871287129
1509879,ROI LAND INVESTMENTS LTD,2018,25790135.0,,,,,
1510963,CHINA BULL MANAGEMENT INC,2016,2295.0,-2745.0,35920.0,,,-1.196078431372549
1511071,"POAGE BANKSHARES, INC.",2011,327952000.0,1690000.0,,,,0.005153193150217105
1511071,"POAGE BANKSHARES, INC.",2012,317159000.0,1554000.0,,,,0.004899750598280358
1511071,"POAGE BANKSHARES, INC.",2013,58034000.0,2156000.0,,,,0.03715063583416618
1511161,ASTIKA HOLDINGS INC.,2015,7311.0,-66248.0,1335.0,,,-9.061414307208317
1511161,ASTIKA HOLDINGS INC.,2016,10031.0,-114475.0,,,,-11.41212242049646
1511261,FINISHING TOUCHES HOME GOODS INC.,2011,44465.0,-61034.0,107511.0,,,-1.3726301585516698
1511325,DANE EXPLORATION INC.,2012,66.0,-36089.0,,,,-546.8030303030303
1511325,DANE EXPLORATION INC.,2013,66.0,-41996.0,,,,-636.3030303030303
1511820,GLOBE NET WIRELESS CORP.,2013,2063.0,-31011.0,,,,-15.03199224430441
1511820,GLOBE NET WIRELESS CORP.,2014,41005.0,-31011.0,,,,-0.7562736251676625
1511820,GLOBE NET WIRELESS CORP.,2015,18066.0,-19841.0,,,,-1.0982508579652386
1511820,GLOBE NET WIRELESS CORP.,2016,9559.0,,,,,
1511820,GLOBE NET WIRELESS CORP.,2017,17087.0,-28395.0,,,,-1.6617896646573418
1511820,GLOBE NET WIRELESS CORP.,2018,17087.0,,,,,
1511820,GLOBE NET WIRELESS CORP.,2019,14839.0,,,,,
1511820,GLOBE NET WIRELESS CORP.,2020,46438.0,-33827.0,,,,-0.7284336104052715
1512077,GLOBAL EAGLE ENTERTAINMENT INC.,2017,637861000.0,,113235000.0,,,
1512574,"CPM HOLDINGS, INC.",2011,511542000.0,12652000.0,320452000.0,,,0.024733061996864383
1512922,"PETVIVO HOLDINGS, INC.",2017,16689444.0,-1079053.0,7124.0,,,-0.0646548201366085
1514113,"UNIQUE UNDERWRITERS, INC.",2013,19829.0,-624724.0,,,,-31.505572646124364
1515003,CPI INTERNATIONAL HOLDING CORP.,2011,478276000.0,0.0,360434000.0,,,0.0
1515003,CPI INTERNATIONAL HOLDING CORP.,2012,197159000.0,-4730000.0,259141000.0,,,-0.023990789160018056
1515003,CPI INTERNATIONAL HOLDING CORP.,2013,197159000.0,4949000.0,7580000.0,,,0.025101567770175342
1515003,CPI INTERNATIONAL HOLDING CORP.,2014,-923457000.0,7722000.0,391150000.0,,,-0.008362056923061929
1515003,CPI INTERNATIONAL HOLDING CORP.,2015,517108000.0,9117000.0,150835000.0,,,0.01763074638180032
1515003,CPI INTERNATIONAL HOLDING CORP.,2016,71467000.0,10647000.0,166860000.0,,,0.1489778499167448
1515718,VAPOR HUB INTERNATIONAL INC.,2015,772704.0,-424194.0,1446749.0,,,-0.5489734749658343
1515718,VAPOR HUB INTERNATIONAL INC.,2016,1524869.0,-634643.0,5296342.0,,,-0.4161950961033374
1516805,"MOXIAN CHINA, INC.",2014,523.0,-4791342.0,56122.0,,,-9161.265774378586
1516805,"MOXIAN, INC.",2015,2860510.0,-4791342.0,56122.0,,,-1.674995717546871
1516805,"MOXIAN, INC.",2016,13074206.0,-13813984.0,83870.0,,,-1.0565830154427733
1517393,EPICOR SOFTWARE CORP,2012,2337154000.0,-39086000.0,,,,-0.01672375889650404
1517393,EPICOR SOFTWARE CORP,2013,2250365000.0,4934000.0,126615000.0,,,0.0021925332112790593
1517393,EPICOR SOFTWARE CORP,2014,2429012000.0,-4115000.0,569343000.0,,,-0.0016941044342308725
1517498,"E-WORLD USA HOLDING,INC",2016,28279845.0,-1072779.0,4681178.0,,,-0.037934401691381264
1517681,"PROPANC BIOPHARMA, INC.",2019,101652.0,-5758369.0,,,,-56.64786723330579
1517681,"PROPANC BIOPHARMA, INC.",2020,101652.0,,,,,
1517681,PROPANC HEALTH GROUP CORP,2012,46268.0,-11434375.0,,,,-247.1335480245526
1517681,PROPANC HEALTH GROUP CORP,2013,1747.0,-2151977.0,,,,-1231.812821980538
1517681,PROPANC HEALTH GROUP CORP,2014,1747.0,0.0,,,,0.0
1518380,"BUSCAR OIL, INC.",2014,,-14010254.0,,,,
1518548,"AMAZONICA, CORP.",2015,165454.0,-301225.0,,,,-1.8205966613076747
1518964,"PANAM TERRA, INC.",2012,6471.0,-105317.0,,,,-16.27522794004018
1518985,"WEST TEXAS RESOURCES, INC.",2015,360195.0,-733111.0,,,,-2.035316981079693
1519894,GENERAL AGRICULTURE CORP,2013,42161547.0,8172458.0,16834304.0,,,0.19383676789658597
1519894,GENERAL AGRICULTURE CORP,2014,42161547.0,8172458.0,17490837.0,,,0.19383676789658597
1519894,GENERAL AGRICULTURE CORP,2015,54951354.0,0.0,22463365.0,,,0.0
1519894,GENERAL AGRICULTURE CORP,2016,66731931.0,0.0,22463365.0,,,0.0
1520118,"INTEGRATED VENTURES, INC.",2018,829522.0,-5577450.0,,,,-6.723691475331576
1521420,"YANEX GROUP, INC.",2014,47044.0,-32423.0,,,,-0.6892058498427005
1521722,ATKORE INTERNATIONAL HOLDINGS INC.,2012,108000000.0,-1000000.0,392000000.0,,,-0.009259259259259259
1521722,ATKORE INTERNATIONAL HOLDINGS INC.,2013,1329000000.0,1000000.0,0.0,,,0.0007524454477050414
1522538,"RAINBOW INTERNATIONAL, CORP.",2013,33200.0,-243872.0,0.0,,,-7.345542168674699
1523855,"TECHNOVATIVE GROUP, INC.",2017,1753095.0,,,,,
1524829,GLOBAL SEED CORP,2012,49500.0,-3338.0,6300.0,,,-0.06743434343434343
1524829,GLOBAL SEED CORP,2013,51162.0,-3338.0,12537.0,,,-0.0652437355850045
1524829,GLOBAL SEED CORP,2018,243.0,-12932.0,,,,-53.218106995884774
1524829,GLOBAL SEED CORP,2019,132.0,-12932.0,,,,-97.96969696969697
1524829,GLOBAL SEED CORP,2020,1039343.0,-417859.0,195917.0,,,-0.40204148197467054
1525306,FIRST AMERICA RESOURCES CORP,2017,7831.0,-32450.0,,,,-4.143787511173541
1525306,"GOLDEN OASIS NEW ENERGY GROUP, INC.",2012,6879.0,-2195.0,6966.0,,,-0.3190870766099724
1525852,"MCIG, INC.",2019,5606274.0,975727.0,,,,0.1740419751157364
1526689,"FRESH HEALTHY VENDING INTERNATIONAL, INC.",2015,3887377.0,-2428851.0,4592970.0,,,-0.624804591888052
1526689,"GENERATION NEXT FRANCHISE BRANDS, INC.",2016,4350150.0,-2117075.0,4537463.0,,,-0.486667126420928
1526689,"GENERATION NEXT FRANCHISE BRANDS, INC.",2017,17903167.0,-5087711.0,3346776.0,,,-0.28417938569192813
1526689,"GENERATION NEXT FRANCHISE BRANDS, INC.",2018,17903167.0,-11269295.0,,,,-0.629458184688776
1526689,"GENERATION NEXT FRANCHISE BRANDS, INC.",2019,15818499.0,-5007496.0,,,,-0.31655949151686263
1526689,"GREEN 4 MEDIA, INC.",2012,8766.0,-45981.0,,,,-5.245379876796714
1526759,"BAHAMAS CONCIERGE, INC.",2013,6536.0,-180293.0,0.0,,,-27.584608323133416
1526759,"BAHAMAS CONCIERGE, INC.",2015,11878.0,-68561.0,,,,-5.772099680080822
1527032,"NEW ENTERPRISE STONE & LIME CO., INC.",2012,768078000.0,,725999000.0,,,
1527102,"GENERATION HEMP, INC.",2020,2542323.0,-212124.0,7500.0,,,-0.08343707703545143
1527613,HAVANA FURNISHINGS INC.,2012,33105.0,-28009.0,,,,-0.8460655490107235
1527613,"NUZEE, INC.",2016,541282.0,-1275293.0,115022.0,,,-2.356060242165821
1527613,"NUZEE, INC.",2019,5250544.0,-3577171.0,25502.0,,,-0.6812953095907777
1527613,"NUZEE, INC.",2020,5250544.0,-9477091.0,25502.0,,,-1.8049731608762825
1527666,MIRAGE CAPITAL CORP,2012,4500.0,,,,,
1527666,MIRAGE CAPITAL CORP,2013,2912.0,-7357.0,0.0,,,-2.5264423076923075
1527675,ASIA PACIFIC BOILER CORP,2013,13862.0,-98216.0,,,,-7.0852690809407015
1527702,"B-MAVEN, INC.",2013,212.0,-21498.0,1755.0,,,-101.40566037735849
1527702,IQSTEL INC,2018,2444015.0,-291915.0,9621015.0,,,-0.11944075629650391
1527728,ENOCHIAN BIOSCIENCES INC,2018,179662426.0,-2142830.0,,,,-0.011926979100237687
1527844,"CAPITAL ART, INC.",2017,3847455.0,-1362393.0,857569.0,,,-0.3541023871624229
1528098,"SALEEN AUTOMOTIVE, INC.",2019,4340272.0,,1183117.0,,,
1528308,CAMBRIDGE PROJECTS INC.,2012,54619.0,7218.0,20000.0,,,0.1321518153023673
1528308,CAMBRIDGE PROJECTS INC.,2013,54619.0,,6250.0,,,
1528308,CAMBRIDGE PROJECTS INC.,2014,114143.0,7218.0,50000.0,,,0.06323646653758881
1528308,CAMBRIDGE PROJECTS INC.,2015,115166.0,-58029.0,18750.0,,,-0.503872670753521
1528308,"IONIX TECHNOLOGY, INC.",2016,2189221.0,,1970345.0,,,
1528308,"IONIX TECHNOLOGY, INC.",2017,2189221.0,,3084370.0,,,
1528308,"IONIX TECHNOLOGY, INC.",2018,809212.0,51462.0,6422807.0,,,0.06359520125751966
1528697,APAWTHECARY PETS USA,2017,13380.0,,,,,
1528697,APAWTHECARY PETS USA,2018,49794.0,,,,,
1528697,APAWTHECARY PETS USA,2019,49794.0,-48274.0,,,,-0.969474233843435
1528697,BOOKEDBYUS INC.,2014,331.0,-54199.0,,,,-163.74320241691842
1528697,BOOKEDBYUS INC.,2015,515.0,,,,,
1528697,BOOKEDBYUS INC.,2016,515.0,,,,,
1528930,"JTH HOLDING, INC.",2013,-36545000.0,-4979000.0,72419000.0,,,0.13624298809686688
1528930,"LIBERTY TAX, INC.",2018,178003000.0,268000.0,7234000.0,,,0.00150559260237187
1529293,ALTOVIDA INC.,2014,385549.0,-773522.0,64913.0,,,-2.006287138599763
1529293,"REMMINGTON ENTERPRISES, INC.",2012,24970.0,-8279.0,,,,-0.331557869443332
1529293,"REMMINGTON ENTERPRISES, INC.",2013,32242.0,-71153.0,,,,-2.2068420073196453
1530163,"DARKSTAR VENTURES, INC.",2012,18327.0,-63186.0,,,,-3.4477001145850386
1530163,"DARKSTAR VENTURES, INC.",2013,776.0,-45863.0,,,,-59.10180412371134
1530163,"DARKSTAR VENTURES, INC.",2014,556.0,-48651.0,,,,-87.50179856115108
1530163,"DARKSTAR VENTURES, INC.",2015,485.0,-63411.0,,,,-130.7443298969072
1530163,"DARKSTAR VENTURES, INC.",2016,80954.0,-63489.0,,,,-0.7842601971489982
1530163,"DARKSTAR VENTURES, INC.",2017,271776.0,-342972.0,,,,-1.2619657364888732
1530163,"DARKSTAR VENTURES, INC.",2018,245076.0,-369672.0,,,,-1.5083973950937668
1530163,"DARKSTAR VENTURES, INC.",2019,625735.0,-1094134.0,,,,-1.7485580956794808
1530425,"ARTISAN CONSUMER GOODS, INC.",2018,2350.0,,,,,
1530425,"ARTISAN CONSUMER GOODS, INC.",2019,5813.0,-23781.0,,,,-4.091002924479614
1530425,"ARTISAN CONSUMER GOODS, INC.",2020,5776.0,-21723.0,,,,-3.7609072022160666
1530425,CASSIDY VENTURES INC.,2013,12870.0,-125677.0,,,,-9.765112665112666
1530425,CASSIDY VENTURES INC.,2014,0.0,-125677.0,,,,
1530425,"LASH, INC.",2017,2350.0,-82714.0,,,,-35.19744680851064
1530950,"POST HOLDINGS, INC.",2012,0.0,0.0,0.0,,,
1530950,"POST HOLDINGS, INC.",2013,172000000.0,12800000.0,248200000.0,,,0.07441860465116279
1530950,"POST HOLDINGS, INC.",2014,3473800000.0,-2200000.0,37800000.0,,,-0.0006333122229259025
1530950,"POST HOLDINGS, INC.",2015,513800000.0,15200000.0,963100000.0,,,0.02958349552355002
1530950,"POST HOLDINGS, INC.",2016,651600000.0,25500000.0,529700000.0,,,0.03913443830570902
1530950,"POST HOLDINGS, INC.",2017,887900000.0,4900000.0,-100000.0,,,0.005518639486428652
1530950,"POST HOLDINGS, INC.",2018,3387000000.0,101800000.0,811100000.0,,,0.03005609684086212
1530950,"POST HOLDINGS, INC.",2019,1575200000.0,96500000.0,5681100000.0,,,0.061262061960385986
1530950,"POST HOLDINGS, INC.",2020,3391700000.0,36000000.0,0.0,,,0.010614146298316479
1531434,XTRALINK CORP,2012,0.0,-2501.0,0.0,,,
1531434,XTRALINK CORP,2013,78868.0,,,,,
1531434,XTRALINK ENERGY CORP,2014,21983.0,13435.0,64000.0,,,0.6111540736023291
1531477,"HEALTH ADVANCE, INC.",2012,2366.0,,100.0,,,
1531477,"HEALTH ADVANCE, INC.",2013,526.0,-263361.0,,,,-500.68631178707227
1531477,"HEALTH ADVANCE, INC.",2014,,-72080.0,,,,
1531477,"HEALTH ADVANCE, INC.",2015,,-67551.0,,,,
1531477,"HEALTH ADVANCE, INC.",2016,0.0,-29503.0,0.0,,,
1531537,"BREF HR, LLC",2013,627841000.0,10006000.0,247471000.0,,,0.015937156063398218
1532158,FIRST SOCIAL NETWORX CORP.,2012,8900.0,,,,,
1532158,"MOXIAN GROUP HOLDINGS, INC.",2013,17338.0,-29062.0,,,,-1.676202560849002
1532390,GLOBAL LINES INC,2012,4588.0,-42626.0,0.0,,,-9.29075850043592
1532424,CANADIAN CANNABIS CORP.,2015,12514537.0,40168.0,,,,0.0032097072388694845
1532424,GOLD PARTY PAYDAY INC,2012,2331.0,-13.0,4098.0,,,-0.005577005577005577
1532424,GOLD PARTY PAYDAY INC,2013,1876.0,-406.0,4098.0,,,-0.21641791044776118
1532595,HAPYKIDZ.COM,2012,5419.0,-100259.0,0.0,,,-18.501384019191732
1532595,SYMBID CORP.,2013,29816.0,-100259.0,0.0,,,-3.362590555406493
1532828,"ALLIED TECHNOLOGIES GROUP, INC.",2012,5404.0,0.0,3990.0,,,0.0
1532828,"TRIO RESOURCES, INC.",2013,215090.0,-479034.0,219385.0,,,-2.227132828118462
1533311,OLIE INC,2012,127.0,,,,,
1533427,"PAZOO, INC.",2020,448396.0,0.0,30515.0,,,0.0
1533455,"AJA CANNAFACTURING, INC.",2014,199707.0,-70777.0,37074.0,,,-0.35440420215615875
1533455,"IDS INDUSTRIES, INC.",2013,25220.0,-1332991.0,,,,-52.854520222046
1533455,"IDS SOLAR TECHNOLOGIES, INC.",2012,15032.0,-70777.0,0.0,,,-4.708422032996275
1533615,"SCOOP MEDIA, INC.",2012,,-50567.0,,60800.0,,
1533615,"SCOOP MEDIA, INC.",2013,,-50108.0,,60800.0,,
1534154,ID GLOBAL SOLUTIONS CORP,2016,-200000.0,-904687.0,,,,4.523435
1534155,"AMERI METRO, INC. (FORMERLY YELLOWWOOD)",2016,2101.0,-7791722.0,0.0,,,-3708.5778200856735
1534155,"AMERI METRO, INC. (FORMERLY YELLOWWOOD)",2020,63647.0,,,,,
1534263,"GYSAN HOLDINGS, INC.",2012,32988.0,-88353.0,69301.0,,,-2.678337577300837
1534525,GENERAL AIRCRAFT INC.,2012,324132.0,-8235.0,,,,-0.025406315945355595
1534525,"GENERAL SALES & LEASING, INC.",2013,324132.0,-129673.0,112786.0,,,-0.40006232028926486
1534628,"ACCELERATED ACQUISITION XVI, INC.",2012,56.0,-5104.0,,,,-91.14285714285714
1534628,INFINITY REAL ESTATE HOLDINGS CORP,2013,0.0,-6644.0,,,,
1534629,"ACCELERATED ACQUISITION XVII, INC.",2012,56.0,-2769.0,,,,-49.44642857142857
1534629,"ACCELERATED ACQUISITION XVII, INC.",2013,56.0,-2769.0,,,,-49.44642857142857
1535469,"REALESTATE PATHWAYS, INC.",2012,4614.0,-586.0,,,,-0.1270047680970958
1535635,SERVICE TEAM INC.,2012,71621.0,-374554.0,,,,-5.2296672763574925
1535635,SERVICE TEAM INC.,2013,220135.0,-379557.0,64886.0,,,-1.724201058441411
1535635,SERVICE TEAM INC.,2014,212124.0,74356.0,1028077.0,,,0.35053082159491616
1535635,SERVICE TEAM INC.,2015,212124.0,-637564.0,2611766.0,,,-3.0056193547170524
1535635,SERVICE TEAM INC.,2016,214098.0,307521.0,2611766.0,,,1.4363562480733123
1535635,SERVICE TEAM INC.,2017,651932.0,-496980.0,3030734.0,,,-0.7623187694422118
1535635,SERVICE TEAM INC.,2018,587206.0,-354767.0,3329876.0,,,-0.6041610610245808
1535635,SERVICE TEAM INC.,2019,568638.0,-354767.0,3329876.0,,,-0.6238890119900534
1536089,MASCOTA RESOURCES CORP.,2016,3600.0,-23144.0,0.0,7085.0,,-6.428888888888889
1536089,VIRTUAL INTERACTIVE TECHNOLOGIES CORP.,2020,353555.0,,334394.0,7085.0,,
1536643,WEBFOLIO INC.,2013,8916.0,-9458.0,,,,-1.0607895917451773
1537048,SKOOKUM SAFETY SOLUTIONS CORP.,2012,40948.0,-16608.0,0.0,,,-0.40558757448471233
1537048,SKOOKUM SAFETY SOLUTIONS CORP.,2014,17505.0,-24078.0,0.0,,,-1.3754927163667523
1537258,AIRBORNE WIRELESS NETWORK,2016,5427.0,-168323.0,,,,-31.015846692463608
1537258,AIRBORNE WIRELESS NETWORK,2017,528326.0,-168323.0,0.0,,,-0.318596851186578
1537258,AIRBORNE WIRELESS NETWORK,2018,1210248.0,-36912959.0,,,,-30.500326379386703
1537258,"AMPLE-TEE, INC.",2013,,-14048.0,0.0,,,
1537258,"AMPLE-TEE, INC.",2014,,-12715.0,0.0,,,
1537561,"ALMAH,INC",2012,,-36611.0,0.0,,,
1537561,"ARCH THERAPEUTICS, INC.",2013,1587332.0,-18153.0,0.0,,,-0.011436170882965882
1537561,"ARCH THERAPEUTICS, INC.",2014,876990.0,0.0,0.0,,,0.0
1537561,"ARCH THERAPEUTICS, INC.",2015,4003019.0,0.0,0.0,,,0.0
1537561,"ARCH THERAPEUTICS, INC.",2016,4003019.0,-2947526.0,0.0,,,-0.7363257581340483
1537561,"ARCH THERAPEUTICS, INC.",2017,5144260.0,0.0,0.0,,,0.0
1537561,"ARCH THERAPEUTICS, INC.",2018,4839965.0,-1555361.0,0.0,,,-0.3213579023815255
1537561,"ARCH THERAPEUTICS, INC.",2019,2902204.0,-4547582.0,0.0,,,-1.5669408490926207
1537561,"ARCH THERAPEUTICS, INC.",2020,2151027.0,169962.0,0.0,,,0.07901434988961087
1538123,"IFAN FINANCIAL, INC.",2015,281141.0,-2376138.0,,,,-8.451766195610032
1538123,"INFANTLY AVAILABLE, INC.",2012,,-3153.0,,,,
1538123,"INFANTLY AVAILABLE, INC.",2013,,-18222.0,,,,
1539551,"ANGLESEA ENTERPRISES, INC.",2013,2311.0,-24106.0,0.0,,,-10.430982258762441
1539680,HAMMER FIBER OPTICS HOLDINGS CORP,2017,6837082.0,-2188099.0,87692.0,,,-0.3200340437631142
1539680,RECURSOS MONTANA S.A.,2013,,-48397.0,,,,
1539680,RECURSOS MONTANA S.A.,2014,,-33584.0,,,,
1539680,TANARIS POWER HOLDINGS INC.,2015,,-350950.0,,,,
1539778,A&C UNITED AGRICULTURE DEVELOPING INC.,2012,436879.0,-117317.0,178000.0,,,-0.2685343081265064
1539778,A&C UNITED AGRICULTURE DEVELOPING INC.,2013,436879.0,-37543.0,1144229.0,,,-0.08593454938323884
1539778,A&C UNITED AGRICULTURE DEVELOPING INC.,2014,548822.0,-133046.0,966229.0,,,-0.2424210399728874
1539778,"RAYONT, INC.",2020,1189952.0,,,,,
1539778,VELT INTERNATIONAL GROUP INC.,2017,50515.0,-385097.0,657839.0,,,-7.62341878649906
1539778,VELT INTERNATIONAL GROUP INC.,2018,6431.0,,657839.0,,,
1539894,"ATLAS FINANCIAL HOLDINGS, INC.",2020,36420000.0,-20426000.0,191378000.0,,,-0.5608456891817682
1540047,"NEXEO SOLUTIONS HOLDINGS, LLC",2012,-577641000.0,,302805000.0,,,
1540047,"NEXEO SOLUTIONS HOLDINGS, LLC",2013,99688000.0,7461000.0,1697039000.0,,,0.07484351175668084
1540047,"NEXEO SOLUTIONS HOLDINGS, LLC",2014,-963200000.0,16600000.0,2022800000.0,,,-0.01723421926910299
1540047,"NEXEO SOLUTIONS HOLDINGS, LLC",2015,408100000.0,7400000.0,616300000.0,,,0.018132810585640775
1540159,"EDESA BIOTECH, INC.",2020,10762375.0,-6364230.0,328801.0,,,-0.5913406659775375
1540159,"STELLAR BIOTECHNOLOGIES, INC.",2015,14473962.0,1127904.0,52786.0,,,0.07792641710680186
1540159,"STELLAR BIOTECHNOLOGIES, INC.",2016,12937804.0,0.0,52786.0,,,0.0
1540159,"STELLAR BIOTECHNOLOGIES, INC.",2017,12937804.0,0.0,1271689.0,,,0.0
1540159,"STELLAR BIOTECHNOLOGIES, INC.",2018,11779975.0,-5030648.0,228287.0,,,-0.4270508214151558
1543367,"MEETINGHOUSE BANCORP, INC.",2012,74084000.0,,,,,
1543367,"MEETINGHOUSE BANCORP, INC.",2013,10387000.0,,,,,
1543367,"MEETINGHOUSE BANCORP, INC.",2014,10463000.0,,,,,
1545232,AIM EXPLORATION INC.,2014,27367.0,-634350.0,0.0,,,-23.179376621478422
1545232,AIM EXPLORATION INC.,2015,414421.0,-28109.0,,,,-0.06782716126837202
1545232,AIM EXPLORATION INC.,2016,414421.0,-28109.0,0.0,,,-0.06782716126837202
1545232,AIM EXPLORATION INC.,2017,816798.0,-1141304.0,,,,-1.3972903949324067
1545312,GMCI CORP.,2015,51132.0,-107029.0,,,,-2.093190174450442
1546392,GAWK INC.,2017,7249750.0,-12303664.0,,,,-1.697115624676713
1546640,ADT CORP,2013,9260000000.0,105000000.0,846000000.0,14438.0,,0.011339092872570195
1546640,ADT CORP,2014,9913000000.0,96000000.0,3034000000.0,14438.0,,0.009684253001109654
1546640,ADT CORP,2015,10726000000.0,421000000.0,849000000.0,14438.0,,0.03925041954130151
1547459,"NATURAL GROCERS BY VITAMIN COTTAGE, INC.",2013,125662000.0,,95831000.0,,,
1547459,"NATURAL GROCERS BY VITAMIN COTTAGE, INC.",2014,188985000.0,,520674000.0,,,
1547459,"NATURAL GROCERS BY VITAMIN COTTAGE, INC.",2015,188985000.0,,157744000.0,,,
1547459,"NATURAL GROCERS BY VITAMIN COTTAGE, INC.",2016,282246000.0,,167786000.0,,,
1547459,"NATURAL GROCERS BY VITAMIN COTTAGE, INC.",2017,282246000.0,11471000.0,177395000.0,,,0.040641851434564176
1547459,"NATURAL GROCERS BY VITAMIN COTTAGE, INC.",2018,307083000.0,,202480000.0,,,
1547459,"NATURAL GROCERS BY VITAMIN COTTAGE, INC.",2019,327114000.0,,94844000.0,,,
1547459,"NATURAL GROCERS BY VITAMIN COTTAGE, INC.",2020,681792000.0,0.0,1036842000.0,,,0.0
1547521,"ENGAGE MOBILITY, INC",2013,156091.0,-419855.0,3000.0,,,-2.689809149790827
1547521,"ENGAGE MOBILITY, INC",2014,133546.0,-5083628.0,23234.0,,,-38.06649394216225
1547996,"NOTIS GLOBAL, INC.",2019,6991965.0,,489097.0,,,
1550053,"GRAND PERFECTA, INC.",2015,16194796.0,918639.0,22233442.0,,,0.05672433292768862
1550053,"GRAND PERFECTA, INC.",2016,12702405.0,-3210007.0,14267112.0,,,-0.2527086012451973
1550053,"GRAND PERFECTA, INC.",2017,11973978.0,-1849807.0,14267112.0,,,-0.15448558532511084
1550053,"GRAND PERFECTA, INC.",2019,61348.0,454524.0,0.0,,,7.4089456869009584
1550603,"MALVERN BANCORP, INC.",2012,60846000.0,-3129000.0,,,,-0.05142490878611577
1550603,"MALVERN BANCORP, INC.",2013,42000.0,-6112000.0,,,,-145.52380952380952
1550603,"MALVERN BANCORP, INC.",2014,53000.0,1959000.0,,,,36.9622641509434
1550603,"MALVERN BANCORP, INC.",2015,655690000.0,323000.0,,,,0.0004926108374384236
1550603,"MALVERN BANCORP, INC.",2016,68000.0,1589000.0,,,,23.36764705882353
1550603,"MALVERN BANCORP, INC.",2017,57000.0,,,,,
1550603,"MALVERN BANCORP, INC.",2018,1033951000.0,12150000.0,,,,0.011751040426480558
1550603,"MALVERN BANCORP, INC.",2019,1033951000.0,1966000.0,,,,0.0019014440723012986
1551206,PATAGONIA GOLD CORP.,2020,47208000.0,-7318000.0,4750000.0,,,-0.1550160989662769
1552164,AVRA INC.,2017,607.0,-386137.0,0.0,,,-636.1400329489292
1552719,"EMBARR DOWNS, INC.",2014,,-1796729.0,10000.0,,,
1552979,"NHALE, INC.",2016,5425.0,-701056.0,,,,-129.22691244239633
1553326,"WESTBURY BANCORP, INC.",2013,526466000.0,0.0,,,,0.0
1553326,"WESTBURY BANCORP, INC.",2014,90204000.0,938000.0,,,,0.010398651944481398
1553326,"WESTBURY BANCORP, INC.",2015,568695000.0,3524000.0,,,,0.006196643191869104
1553326,"WESTBURY BANCORP, INC.",2016,82194000.0,3471000.0,,,,0.042229359807285205
1553326,"WESTBURY BANCORP, INC.",2017,82195000.0,3471000.0,,,,0.042228846036863554
1553620,TARHEEL BILLBOARD INC,2013,476.0,,,,,
1553643,"CAMP NINE, INC.",2013,20009.0,-50890.0,13070.0,,,-2.543355490029487
1553734,"GS VALET, INC.",2012,8370.0,-1929.0,7545.0,,,-0.23046594982078852
1553788,"CANFIELD MEDICAL SUPPLY, INC.",2016,239748.0,19153.0,897341.0,,,0.07988804911824082
1554054,AMPERICO CORP,2019,0.0,-7786.0,,,,
1554947,INTERUPS INC,2016,,-66347.0,,,,
1555177,EMERGE ENERGY SERVICES LP,2019,300116000.0,-72770000.0,309758000.0,,,-0.24247291047461647
1555214,"WALLY WORLD MEDIA, INC",2013,85977.0,,,,,
1555214,"WALLY WORLD MEDIA, INC",2014,23782.0,,,,,
1555560,AZURE HOLDING GROUP CORP.,2013,31870.0,-29925.0,8900.0,,,-0.9389708189519924
1555571,"HOMIE RECIPES, INC.",2013,,3130.0,,,,
1555571,"HOMIE RECIPES, INC.",2015,,-75786.0,,,,
1555877,BOOMER VENTURES INC.,2015,1000.0,-1420.0,,,,-1.42
1555972,STERLING CONSOLIDATED CORP,2020,5587375.0,212180.0,7110522.0,5559.0,,0.03797489876731023
1556179,ONLINE YEARBOOK,2013,47643.0,-22350.0,,,,-0.46911403564007303
1556179,ONLINE YEARBOOK,2014,47643.0,-59319.0,,,,-1.245072728417606
1556179,"RMR INDUSTRIALS, INC.",2015,242113.0,-2528180.0,,,,-10.442148913936881
1556179,"RMR INDUSTRIALS, INC.",2017,363787.0,-5441932.0,418981.0,,,-14.9591161861199
1556179,"RMR INDUSTRIALS, INC.",2018,8724119.0,-5441932.0,1060438.0,,,-0.6237801203766249
1556377,LIFE STEM GENETICS INC.,2013,388.0,-38762.0,0.0,,,-99.9020618556701
1556416,"BLAKE INSOMNIA THERAPEUTICS, INC.",2015,9509.0,,,,,
1556416,"BLAKE INSOMNIA THERAPEUTICS, INC.",2016,9509.0,-36001.0,,,,-3.7859922178988326
1556416,BOOK IT LOCAL INC,2013,2140.0,-8795.0,,,,-4.109813084112149
1556416,BOOK IT LOCAL INC,2014,2140.0,-219586.0,,,,-102.61028037383177
1556753,MOBILE GAMING INTERNATIONAL CORP,2013,20016.0,-474.0,,,,-0.023681055155875298
1556801,"DIAMANTE MINERALS, INC.",2014,918288.0,-34861.0,,,,-0.0379630355618281
1556801,"DIAMANTE MINERALS, INC.",2015,8726386.0,-49277.0,,,,-0.005646896664896556
1556801,"DIAMANTE MINERALS, INC.",2016,8382920.0,-5552025.0,,,,-0.6623020379533623
1556801,"DIAMANTE MINERALS, INC.",2017,198640.0,-8074759.0,,,,-40.65021647200967
1556801,IMINE CORP,2018,198640.0,-8074759.0,,,,-40.65021647200967
1556801,OCONN INDUSTRIES CORP,2013,38127.0,-873.0,,,,-0.022897159493272486
1557340,"GREEN MEADOW PRODUCTS, INC.",2015,66674.0,25138.0,44640.0,,,0.3770285268620452
1557340,"OPTEC INTERNATIONAL, INC.",2018,626369.0,-1320874.0,24200.0,,,-2.108779329756102
1557376,"ORGANICELL REGENERATIVE MEDICINE, INC.",2018,0.0,-1253201.0,75000.0,,,
1557376,"ORGANICELL REGENERATIVE MEDICINE, INC.",2020,117040.0,-1737321.0,2000000.0,,,-14.843822624743677
1557421,INFINITY OIL & GAS CO,2013,47652.0,-54116.0,,,,-1.135650130109964
1557565,QUORUM CORP,2014,,-132455.0,,,,
1557644,"DIVIO HOLDINGS, CORP.",2013,5913.0,-139.0,6500.0,,,-0.023507525790630812
1557644,"GREENWOOD HALL, INC.",2014,1312502.0,-2921250.0,,,,-2.225710894154828
1557644,"GREENWOOD HALL, INC.",2015,1186417.0,-9841911.0,,,,-8.295490540004062
1557644,"GREENWOOD HALL, INC.",2016,1186417.0,-9841911.0,,,,-8.295490540004062
1557796,"THAT MARKETING SOLUTION, INC.",2014,18262.0,,,,,
1557796,"THAT MARKETING SOLUTION, INC.",2015,121182.0,-787146.0,,,,-6.495568648809229
1557796,"VISTA HOLDING GROUP, CORP.",2013,3032.0,-15350.0,,,,-5.062664907651715
1557798,FREEDOM PETROLEUM INC.,2013,39230.0,-78510.0,,,,-2.0012745347948
1557798,FREEDOM PETROLEUM INC.,2014,77426.0,-70106.0,,,,-0.9054581148451425
1557798,"STEAMPUNK WIZARDS, INC.",2015,78345.0,-1019346.0,,,,-13.010989852575149
1557798,"TIANCI INTERNATIONAL, INC.",2017,31609.0,37879.0,0.0,,,1.198361226233035
1557798,"TIANCI INTERNATIONAL, INC.",2018,,37879.0,,,,
1557798,"TIANCI INTERNATIONAL, INC.",2019,15998.0,-88023.0,0.0,,,-5.502125265658207
1557798,"TIANCI INTERNATIONAL, INC.",2020,15968.0,-73848.0,0.0,,,-4.624749498997996
1558085,"TOA HOLDINGS, INC.",2014,72000.0,-14639.0,,,,-0.20331944444444444
1561092,"AVANGARD CAPITAL GROUP, INC",2015,515862.0,-488299.0,,,,-0.9465690436589631
1561180,PETROTEQ ENERGY INC.,2019,36690.0,15641029.0,59.0,,,426.3022349414009
1561180,PETROTEQ ENERGY INC.,2020,72856000.0,-15787886.0,291.0,,,-0.21669987372350938
1561782,"ONLINE SECRETARY, INC.",2013,2194.0,-12369.0,0.0,,,-5.637648131267092
1561782,"ONLINE SECRETARY, INC.",2014,2194.0,-12369.0,,,,-5.637648131267092
1561880,PRICED IN CORP.,2013,,-43446.0,,,,
1561880,PRICED IN CORP.,2014,,-33018.0,,,,
1562733,"ORO CAPITAL CORPORATION, INC.",2013,4000.0,-16200.0,,,,-4.05
1563227,SIPUP CORP,2016,,-16131.0,,,,
1564273,"EPICURE CHARCOAL, INC.",2013,5014.0,-1921.0,,,,-0.38312724371759077
1564273,IMMAGE BIOTHERAPEUTICS CORP.,2015,2342.0,-18555.0,,,,-7.922715627668659
1564273,IMMAGE BIOTHERAPEUTICS CORP.,2016,80166.0,,,,,
1564709,"TRUETT-HURST, INC.",2017,30038000.0,-244000.0,800000.0,,,-0.00812304414408416
1564709,"TRUETT-HURST, INC.",2018,31182000.0,-51000.0,5960000.0,,,-0.0016355589763324995
1565337,TEXTURA CORP,2013,187967000.0,-18928000.0,10853000.0,,,-0.10069852686907808
1566265,AXIOM CORP.,2013,,-1567.0,,,,
1566265,AXIOM CORP.,2014,829.0,-45498.0,,,,-54.882991556091675
1566561,"COLD CAM, INC.",2014,841.0,-14375.0,,37895.0,,-17.092746730083235
1566978,"ALPHABET HOLDING COMPANY, INC.",2013,5057247000.0,,2864427000.0,,,
1566978,"ALPHABET HOLDING COMPANY, INC.",2014,753398000.0,,802829000.0,,,
1566978,"ALPHABET HOLDING COMPANY, INC.",2015,1554281000.0,,225276000.0,,,
1567771,LIFELOGGER TECHNOLOGIES CORP,2018,3464.0,,,,,
1567802,"PERKINS OIL & GAS, INC.",2017,668.0,-28442.0,,,,-42.57784431137725
1567802,"PERKINS OIL & GAS, INC.",2018,,-23030843.0,,,,
1567892,MALLINCKRODT PLC,2013,2898900000.0,36300000.0,29200000.0,18350.0,140000.0,0.012521991100072441
1567892,MALLINCKRODT PLC,2014,2590500000.0,-264800000.0,130500000.0,18350.0,300000.0,-0.10221964871646401
1567892,MALLINCKRODT PLC,2015,-56226100000.0,92700000.0,1037300000.0,18350.0,,-0.001648700514529729
1567892,MALLINCKRODT PLC,2016,15012600000.0,-319300000.0,2300600000.0,18350.0,120000.0,-0.021268800873932563
1568969,"APPYEA, INC",2014,76779.0,-101582.0,,,,-1.3230440615272405
1568969,"APPYEA, INC",2015,1575659.0,,4030.0,,,
1568969,"APPYEA, INC",2017,101448.0,-2942318.0,,,,-29.003213468969324
1568969,"APPYEA, INC",2018,81611.0,-700323.0,995.0,,,-8.58123292203257
1568969,"APPYEA, INC",2019,54556.0,-1064810.0,4249.0,,,-19.51774323630765
1569568,BIGFOOT PROJECT INVESTMENTS INC,2018,14039.0,,84297.0,,,
1569568,BIGFOOT PROJECT INVESTMENTS INC,2019,14039.0,-6433283.0,888.0,,,-458.243678324667
1570649,OVERTECH CORP.,2014,10927.0,,,,,
1571759,"INEEDMD HOLDINGS, INC.",2016,1156138.0,-40312486.0,44165.0,,,-34.86823026316927
1572317,KORE RESOURCES INC.,2015,44510.0,-263961.0,,,,-5.930375196585037
1572565,INDOOR HARVEST CORP,2020,24989.0,-3386242.0,,,,-135.50930409380126
1574186,"ZERO GRAVITY SOLUTIONS, INC.",2019,552152.0,-5440396.0,65733.0,,,-9.85307668902766
1574460,STRAIGHT PATH COMMUNICATIONS INC.,2014,30439000.0,-3213000.0,114000.0,,,-0.1055553730411643
1574460,STRAIGHT PATH COMMUNICATIONS INC.,2015,24853000.0,-727000.0,70000.0,,,-0.02925200177041001
1574460,STRAIGHT PATH COMMUNICATIONS INC.,2016,14601000.0,-3192000.0,3303000.0,,,-0.21861516334497638
1574460,STRAIGHT PATH COMMUNICATIONS INC.,2017,11850000.0,-9098000.0,658000.0,,,-0.7677637130801688
1574969,MICROPHASE CORP,2016,5534385.0,-1084431.0,4123408.0,,,-0.19594426480991112
1575420,BIONOVATE TECHNOLOGIES CORP.,2020,0.0,-122045.0,0.0,,,
1575659,"HOLLY BROTHERS PICTURES, INC.",2018,26242.0,0.0,0.0,,,0.0
1576778,"UBL INTERACTIVE,INC.",2013,983832.0,-1960839.0,3430177.0,,,-1.9930628399970727
1576778,"UBL INTERACTIVE,INC.",2014,4461967.0,-1960839.0,4927374.0,,,-0.43945618602737313
1576873,AMERICAN BATTERY METALS CORP,2019,308769.0,-12625204.0,0.0,,,-40.88883275199259
1576873,"OROPLATA RESOURCES, INC.",2013,22604.0,,,,,
1576873,"OROPLATA RESOURCES, INC.",2015,22248.0,-37988.0,,,,-1.7074793239841783
1576873,"OROPLATA RESOURCES, INC.",2016,10946.0,-37988.0,0.0,,,-3.4704915037456607
1576873,"OROPLATA RESOURCES, INC.",2018,308769.0,-6048092.0,,,,-19.587756542917198
1576942,"STITCH FIX, INC.",2018,,-594000.0,,,,
1576942,"STITCH FIX, INC.",2019,481585000.0,44900000.0,1577558000.0,,,0.09323380088665552
1578505,"HOME BANCORP WISCONSIN, INC.",2014,115207000.0,-2738000.0,,,,-0.023765917001571085
1578505,"HOME BANCORP WISCONSIN, INC.",2015,119432000.0,-1216000.0,,,,-0.010181525889208922
1578505,"HOME BANCORP WISCONSIN, INC.",2016,12147000.0,,,,,
1578776,"PRUDENTIAL BANCORP, INC.",2013,490504000.0,1645000.0,,,,0.00335369334398904
1578776,"PRUDENTIAL BANCORP, INC.",2014,607897000.0,14000.0,,,,2.3030217290100133e-05
1578776,"PRUDENTIAL BANCORP, INC.",2015,129423000.0,1780000.0,,,,0.01375335141358182
1578776,"PRUDENTIAL BANCORP, INC.",2016,487189000.0,1780000.0,,,,0.0036536128689276647
1578776,"PRUDENTIAL BANCORP, INC.",2017,114002000.0,982000.0,,,,0.008613883966947948
1578776,"PRUDENTIAL BANCORP, INC.",2018,128409000.0,2437000.0,,,,0.01897842051569594
1578776,"PRUDENTIAL BANCORP, INC.",2019,1289434000.0,0.0,,,,0.0
1578776,"PRUDENTIAL BANCORP, INC.",2020,266700000.0,7064000.0,,,,0.026486689163854518
1580149,BIOVIE INC.,2018,2364209.0,-1330672.0,,,,-0.5628402565086251
1580149,"NANOANTIBIOTICS, INC.",2015,332864.0,-321896.0,,,,-0.9670496058450297
1581280,TWIST BIOSCIENCE CORP,2019,186994000.0,-107669000.0,,34241.0,,-0.5757885279741596
1581280,TWIST BIOSCIENCE CORP,2020,186994000.0,-139931000.0,,34241.0,,-0.7483181278543697
1581378,"CHANGING TECHNOLOGIES, INC.",2015,26000.0,-636541.0,,,,-24.482346153846155
1581545,FREEDOM LEAF INC.,2015,13709.0,-999118.0,48674.0,,,-72.88044350426728
1581545,FREEDOM LEAF INC.,2016,13709.0,-999118.0,48674.0,,,-72.88044350426728
1581545,FREEDOM LEAF INC.,2017,18170.0,-910650.0,118473.0,,,-50.11832691249312
1581545,FREEDOM LEAF INC.,2018,8399538.0,-4619989.0,0.0,,,-0.5500289420680042
1582054,MILLENNIUM HEALTHCARE INC.,2016,7244092.0,-40122325.0,8340831.0,,,-5.538627201311082
1582244,CORNING NATURAL GAS HOLDING CORP,2013,55018600.0,1351561.0,,37895.0,,0.024565528748459613
1582244,CORNING NATURAL GAS HOLDING CORP,2014,55018600.0,,,37895.0,,
1582244,CORNING NATURAL GAS HOLDING CORP,2015,62522061.0,,,37895.0,,
1582244,CORNING NATURAL GAS HOLDING CORP,2016,76173336.0,,,37895.0,,
1582244,CORNING NATURAL GAS HOLDING CORP,2017,23683430.0,1179102.0,,37895.0,,0.04978594739022177
1582244,CORNING NATURAL GAS HOLDING CORP,2018,12900000.0,2100628.0,25676780.0,37895.0,,0.16283937984496125
1582244,CORNING NATURAL GAS HOLDING CORP,2019,88098228.0,2780092.0,354555.0,37895.0,,0.031556730062720445
1582244,CORNING NATURAL GAS HOLDING CORP,2020,88098228.0,3124232.0,123055.0,37895.0,,0.03546305153833514
1582249,ACTIVE WITH ME INC.,2014,6685.0,-40035.0,,,,-5.988780852655198
1582249,RASNA THERAPEUTICS INC.,2018,5225269.0,-4433732.0,,,,-0.8485174638855913
1582576,GO PUBLIC I,2014,2000.0,-3300.0,,,,-1.65
1582576,"GOP & CO2, INC.",2015,,-3300.0,,,,
1582586,"CHINA SOAR INFORMATION TECHNOLOGY, INC.",2015,,-3300.0,,,,
1582586,"CHINA SOAR INFORMATION TECHNOLOGY, INC.",2016,,-64811.0,,,,
1582586,"CHINA SOAR INFORMATION TECHNOLOGY, INC.",2018,496.0,-40940.0,,,,-82.54032258064517
1582586,GO PUBLIC II INC.,2014,0.0,,,,,
1582741,TOA CARBON FIBER INC.,2014,2000.0,-3300.0,,,,-1.65
1583138,PULSE EVOLUTION CORP,2014,0.0,,,,,
1583671,"SCIENCE TO CONSUMERS, INC.",2015,1749.0,-49096.0,,,,-28.070897655803318
1583671,"SCIENCE TO CONSUMERS, INC.",2016,11726.0,,,,,
1584480,UPPERSOLUTION.COM,2018,3396.0,-51743.0,,,,-15.236454652532391
1584489,"HOUSE OF BODS FITNESS, INC.",2015,16723.0,-80608.0,29549.0,,,-4.820187765353107
1584509,ARAMARK,2014,10455700000.0,103551000.0,4240800000.0,186858.0,,0.009903784538577045
1584509,ARAMARK,2015,2575100000.0,13900000.0,3763081000.0,186858.0,,0.005397848627237778
1584509,ARAMARK,2016,6955900000.0,148956000.0,10232800000.0,186858.0,,0.021414338906539772
1584509,ARAMARK,2017,5872910000.0,-373923000.0,1041490000.0,186858.0,,-0.06366911803518188
1584509,ARAMARK,2018,4011796000.0,107216000.0,,186858.0,21875.0,0.02672518742229166
1584509,ARAMARK,2019,2072000000.0,-373923000.0,,186858.0,,-0.18046476833976835
1584509,ARAMARK,2020,3159900000.0,-461529000.0,,186858.0,300000.0,-0.14605810310452863
1584693,"GRASSHOPPER STAFFING, INC.",2016,23063.0,-29809.0,146305.0,,,-1.2925031435632832
1584693,"GRASSHOPPER STAFFING, INC.",2017,50414.0,-1330561.0,439736.0,,,-26.392688538897925
1584693,HEALTHCARE INTEGRATED TECHNOLOGIES INC.,2020,19117.0,,,,,
1584693,TOMICHI CREEK OUTFITTERS,2014,4621.0,-29808.0,,,,-6.450551828608527
1584754,"DANLAX, CORP.",2014,9521.0,-26979.0,,,,-2.8336309211217308
1585064,FIDELITY & GUARANTY LIFE,2014,1141500000.0,,1346100000.0,,,
1585064,FIDELITY & GUARANTY LIFE,2015,24153000000.0,,961000000.0,,,
1585064,FIDELITY & GUARANTY LIFE,2016,24925000000.0,,-9000000.0,,,
1585064,FIDELITY & GUARANTY LIFE,2017,1934000000.0,,340000000.0,,,
1585149,ROMULUS CORP.,2014,23969.0,-20925.0,,,,-0.8730026283950102
1585149,ROMULUS CORP.,2015,,0.0,0.0,,,
1585738,"ETHOS MEDIA NETWORK, INC.",2017,241579.0,-833546.0,18900.0,,,-3.4504075271443297
1585738,"EYE ON MEDIA NETWORK, INC.",2014,1971104.0,-174778.0,213132.0,,,-0.08867010568696528
1585738,"EYE ON MEDIA NETWORK, INC.",2015,1765994.0,-623930.0,213132.0,,,-0.3533024461011759
1585738,"EYE ON MEDIA NETWORK, INC.",2016,993757.0,-623930.0,18900.0,,,-0.627849665461476
1586372,"KNOWLEDGE MACHINE INTERNATIONAL, INC.",2015,55279.0,-185826.0,0.0,,,-3.3616020550299393
1586372,"KNOWLEDGE MACHINE INTERNATIONAL, INC.",2016,59863.0,-379335.0,0.0,,,-6.3367188413544255
1586372,SONGBIRD DEVELOPMENT INC.,2014,32266.0,-22373.0,0.0,,,-0.693392425463336
1586452,"LUBOA GROUP, INC.",2016,833.0,-45719.0,,,,-54.88475390156062
1586452,"LUBOA GROUP, INC.",2017,833.0,-58215.0,,,,-69.8859543817527
1586452,"LUBOA GROUP, INC.",2018,833.0,-45719.0,,,,-54.88475390156062
1586452,"SUNRISE TOURS, INC.",2015,9054.0,-442.0,2500.0,,,-0.04881820189971284
1586727,KTL BAMBOO INTERNATIONAL CORP,2015,38363.0,,89200.0,,,
1586727,"SPACEPATH, INC.",2014,38363.0,-6147.0,89200.0,,,-0.1602325157052368
1586988,CSA HOLDINGS INC.,2015,10010.0,-91305.0,,,,-9.121378621378621
1586988,CSA HOLDINGS INC.,2017,1470621.0,-193969.0,796677.0,,,-0.13189598135753536
1589150,REGEN BIOPHARMA INC,2014,115922.0,-209529.0,,,,-1.8074998706026466
1589150,REGEN BIOPHARMA INC,2016,319356.0,-11195147.0,100000.0,,,-35.0553833339596
1589150,REGEN BIOPHARMA INC,2018,944239.0,-5839038.0,100000.0,,,-6.183855994086243
1589361,BANNER ENERGY SERVICES CORP.,2020,5710284.0,-5292936.0,139344.0,,,-0.9269129171158562
1589526,BLUE BIRD CORP,2015,291933000.0,10683000.0,801837000.0,23167.0,,0.03659401300983445
1589526,BLUE BIRD CORP,2016,277866000.0,11797000.0,49847000.0,23167.0,,0.04245571606457789
1589526,BLUE BIRD CORP,2017,295816000.0,28801000.0,919128000.0,23167.0,,0.09736119750114937
1589526,BLUE BIRD CORP,2018,9300000.0,3787000.0,876087000.0,23167.0,,0.40720430107526884
1589526,BLUE BIRD CORP,2019,307430000.0,30820000.0,6656000.0,23167.0,,0.10025046352015093
1589526,BLUE BIRD CORP,2020,33682000.0,5167000.0,113179000.0,23167.0,,0.15340537972804466
1590565,I IN THE SKY INC.,2014,38691.0,-53171.0,,,,-1.37424724096043
1590715,NATURAL GAS FUELING & CONVERSION INC.,2014,110380.0,,,,,
1590715,"NGFC EQUITIES, INC.",2015,110380.0,-424559.0,62429.0,,,-3.8463399166515675
1590743,DIAMOND TECHNOLOGY ENTERPRISES INC.,2015,935113.0,-1494546.0,,,,-1.598251762086507
1591565,"BALLY, CORP.",2014,13093.0,-13106.0,,,,-1.0009928969678454
1591565,"BALLY, CORP.",2016,,-31891.0,,,,
1591565,"BALLY, CORP.",2018,0.0,-21983.0,,,,
1591565,"BALLY, CORP.",2019,0.0,-22245.0,,,,
1591565,"BALLY, CORP.",2020,0.0,-24878.0,0.0,,,
1591615,"POVERTY DIGNIFIED, INC.",2015,156405.0,,,,,
1591615,"POVERTY DIGNIFIED, INC.",2016,83751.0,-860204.0,,,,-10.270969898866879
1591615,"POVERTY DIGNIFIED, INC.",2017,87870.0,,,,,
1591615,"POVERTY DIGNIFIED, INC.",2018,74998.0,-1540175.0,,,,-20.536214299047973
1591913,"ASIYA PEARLS, INC.",2014,25000.0,-42381.0,,,,-1.69524
1591913,"ASIYA PEARLS, INC.",2015,4265.0,-27234.0,,,,-6.3854630715123095
1592603,"SMOOFI, INC.",2014,149282.0,-155727.0,12000.0,,,-1.043173322972629
1592706,"SB/RH HOLDINGS, LLC",2014,5197991000.0,52795000.0,2449371000.0,,,0.010156808659345505
1592782,NUKKLEUS INC.,2017,1104951.0,-136851.0,,,,-0.1238525509275977
1592782,NUKKLEUS INC.,2018,305770.0,,,,,
1592782,NUKKLEUS INC.,2020,203001.0,-100562.0,,,,-0.4953768700646795
1593001,"NIGHTFOOD HOLDINGS, INC.",2017,129945.0,,21644.0,,,
1593001,"NIGHTFOOD HOLDINGS, INC.",2019,482667.0,,196742.0,,,
1593001,"NIGHTFOOD HOLDINGS, INC.",2020,482667.0,-215984.0,107782.0,,,-0.44748035395003183
1594114,KETDARINA CORP,2014,29216.0,-16287.0,500.0,,,-0.5574685104052574
1594114,KETDARINA CORP,2015,29216.0,-16287.0,500.0,,,-0.5574685104052574
1594219,PRESTON CORP.,2014,16845.0,-84683.0,,,,-5.027189076877412
1594219,PRESTON CORP.,2015,16845.0,,,,,
1594337,"CORIUM INTERNATIONAL, INC.",2014,65744000.0,-5443000.0,42440000.0,37895.0,,-0.08279082501825262
1594337,"CORIUM INTERNATIONAL, INC.",2015,65744000.0,-9912000.0,3238000.0,37895.0,,-0.15076660988074958
1594337,"CORIUM INTERNATIONAL, INC.",2016,100207000.0,-36703000.0,33023000.0,37895.0,,-0.3662718173381101
1594337,"CORIUM INTERNATIONAL, INC.",2017,84851000.0,-7492000.0,12380000.0,37895.0,,-0.08829595408421821
1598683,"RECURSOS QUELIZ, INC.",2015,37427.0,-47672.0,,,,-1.2737328666470729
1598683,"RECURSOS QUELIZ, INC.",2016,30774.0,-55015.0,,,,-1.7877104048872425
1598683,"RECURSOS QUELIZ, INC.",2017,3132.0,-55015.0,,,,-17.565453384418902
1599947,"TERRAFORM POWER, INC.",2016,706392000.0,-282000.0,0.0,,,-0.00039921176910270785
1601046,"KEYSIGHT TECHNOLOGIES, INC.",2015,3050000000.0,,512000000.0,20232.0,,
1601046,"KEYSIGHT TECHNOLOGIES, INC.",2016,3508000000.0,,331000000.0,20232.0,,
1601046,"KEYSIGHT TECHNOLOGIES, INC.",2017,3796000000.0,,419000000.0,20232.0,,
1601046,"KEYSIGHT TECHNOLOGIES, INC.",2018,5824000000.0,,,20232.0,,
1601046,"KEYSIGHT TECHNOLOGIES, INC.",2019,5824000000.0,,,20232.0,,
1601046,"KEYSIGHT TECHNOLOGIES, INC.",2020,6623000000.0,,,20232.0,,
1602143,TOUCAN INTERACTIVE CORP,2018,4462.0,-8797.0,,,,-1.9715374271627073
1602813,FRONTERA GROUP INC.,2016,9555.0,,2000.0,,,
1602813,FRONTERA GROUP INC.,2017,7825.0,,,,,
1602813,FRONTERA GROUP INC.,2018,216.0,-20307.0,,,,-94.01388888888889
1603345,AGENTIX CORP.,2019,2265.0,,,,,
1603345,AGENTIX CORP.,2020,292750.0,-363911.0,0.0,,,-1.2430777113578138
1603345,FAIRWIND ENERGY INC.,2015,17521.0,-175126.0,28375.0,,,-9.995205753096284
1603345,FAIRWIND ENERGY INC.,2016,1287.0,-295637.0,43143.0,,,-229.71017871017872
1603345,FAIRWIND ENERGY INC.,2017,1287.0,-295637.0,43143.0,,,-229.71017871017872
1603345,FAIRWIND ENERGY INC.,2018,2265.0,,,,,
1603494,"PEERLOGIX, INC.",2020,33156.0,,57973.0,,,
1603969,GARNERO GROUP ACQUISITION CO,2014,283274.0,-8958.0,,,,-0.03162309283591152
1604416,"NEXEO SOLUTIONS, INC.",2016,530200000.0,-13800000.0,3281500000.0,,,-0.026027913994718974
1604416,"NEXEO SOLUTIONS, INC.",2017,762700000.0,14400000.0,917700000.0,,,0.018880293693457454
1604416,"NEXEO SOLUTIONS, INC.",2018,606200000.0,14400000.0,1066400000.0,,,0.023754536456614978
1604627,"KUSH BOTTLES, INC.",2015,3745268.0,-395517.0,4013571.0,,,-0.10560445874634339
1604627,"KUSH BOTTLES, INC.",2016,3745268.0,71739.0,4013571.0,,,0.019154570514045993
1604627,"KUSH BOTTLES, INC.",2017,5628167.0,69464.0,11375944.0,,,0.012342206618957824
1604627,"KUSHCO HOLDINGS, INC.",2018,46981857.0,-10198872.0,,,,-0.21708107450925151
1604627,"KUSHCO HOLDINGS, INC.",2019,108645000.0,-39636000.0,,,,-0.36482120668231394
1604627,"KUSHCO HOLDINGS, INC.",2020,127656000.0,-77656000.0,,,,-0.6083223663595914
1604643,EVOQUA WATER TECHNOLOGIES CORP.,2018,217488000.0,11639000.0,950229000.0,32610.0,,0.053515596262782315
1604643,EVOQUA WATER TECHNOLOGIES CORP.,2019,1663617000.0,-3450000.0,9151000.0,32610.0,,-0.0020737946294128997
1604643,EVOQUA WATER TECHNOLOGIES CORP.,2020,1844458000.0,4135000.0,102998000.0,32610.0,,0.0022418509936252278
1604930,"LIFE CLIPS, INC.",2020,8252.0,-7950169.0,85409.0,,,-963.4232913233155
1605331,AB INTERNATIONAL GROUP CORP.,2015,4332.0,-3568.0,0.0,,,-0.8236380424746076
1605331,AB INTERNATIONAL GROUP CORP.,2018,954031.0,-1111950.0,,,,-1.1655281641791515
1605331,AB INTERNATIONAL GROUP CORP.,2019,1194669.0,-404635.0,,,,-0.3387005103505657
1605331,AB INTERNATIONAL GROUP CORP.,2020,4576246.0,-1523071.0,,,,-0.33282105026696557
1607281,ELITE GROUP INC.,2016,2888.0,-15795965.0,930.0,,,-5469.516966759003
1608638,"CIVITAS SOLUTIONS, INC.",2015,634989000.0,3072000.0,,,,0.004837879081369913
1608638,"CIVITAS SOLUTIONS, INC.",2016,121292000.0,-22815000.0,,,,-0.18809979223691586
1608638,"CIVITAS SOLUTIONS, INC.",2017,207708000.0,5479000.0,,,,0.02637837733741599
1608638,"CIVITAS SOLUTIONS, INC.",2018,257718000.0,9187000.0,,,,0.035647490668094584
1609472,GH CAPITAL INC.,2016,132420.0,-142463.0,27585.0,,,-1.0758420178220813
1609472,GH CAPITAL INC.,2017,132420.0,,28039.0,,,
1609472,GH CAPITAL INC.,2018,75408.0,,,,,
1613665,"GREAT WESTERN BANCORP, INC.",2015,9371429000.0,104952000.0,,,,0.011199145829307356
1613665,"GREAT WESTERN BANCORP, INC.",2016,9798654000.0,109065000.0,,,,0.011130610387916545
1613665,"GREAT WESTERN BANCORP, INC.",2017,1777139000.0,144786000.0,,,,0.0814713986919425
1613665,"GREAT WESTERN BANCORP, INC.",2018,1949891000.0,121253000.0,,,,0.06218450159521737
1613665,"GREAT WESTERN BANCORP, INC.",2019,2010025000.0,144786000.0,,,,0.07203193990124501
1613665,"GREAT WESTERN BANCORP, INC.",2020,2010025000.0,-680808000.0,,,,-0.33870623499707714
1613685,"NUTS & BOLTS INTERNATIONAL, INC.",2015,109132.0,-45227.0,,,,-0.414424733350438
1613685,TRENDMAKER INC. LTD.,2019,386669.0,,,,,
1613685,TRENDMAKER INC. LTD.,2020,284116.0,-36342.0,,,,-0.12791254276422306
1614556,STAR ALLIANCE INTERNATIONAL CORP.,2017,,-496782.0,,,,
1615063,"INSPIRED ENTERTAINMENT, INC.",2017,10082000.0,-22383000.0,,,,-2.2200952192025394
1615063,"INSPIRED ENTERTAINMENT, INC.",2018,34989000.0,-49114000.0,,,,-1.4036983051816285
1615169,JIN WAN HONG INTERNATIONAL HOLDINGS LTD,2017,0.0,-23838.0,,,,
1616533,"SMART GLOBAL HOLDINGS, INC.",2017,458655000.0,-10819000.0,534423000.0,,,-0.023588536045611626
1616533,"SMART GLOBAL HOLDINGS, INC.",2018,480028000.0,-2337000.0,17819000.0,,,-0.004868466006149642
1616533,"SMART GLOBAL HOLDINGS, INC.",2019,672762000.0,51332000.0,536495000.0,,,0.0763003855746906
1616533,"SMART GLOBAL HOLDINGS, INC.",2020,786608000.0,224000.0,235657000.0,,,0.0002847669995728495
1616741,"PATRIOT TRANSPORTATION HOLDING, INC.",2015,59526000.0,0.0,129162000.0,,,0.0
1616741,"PATRIOT TRANSPORTATION HOLDING, INC.",2016,59526000.0,3197000.0,120172000.0,,,0.053707623559453015
1616741,"PATRIOT TRANSPORTATION HOLDING, INC.",2017,67954000.0,3339000.0,122882000.0,,,0.049136180357300524
1616741,"PATRIOT TRANSPORTATION HOLDING, INC.",2018,67954000.0,1829000.0,114065000.0,,,0.026915266209494658
1616741,"PATRIOT TRANSPORTATION HOLDING, INC.",2020,72293000.0,5119000.0,114065000.0,,,0.07080906865118337
1616788,LEGACY VENTURES INTERNATIONAL INC.,2016,4723.0,,,,,
1616788,LEGACY VENTURES INTERNATIONAL INC.,2017,370835.0,,74042.0,,,
1616788,LEGACY VENTURES INTERNATIONAL INC.,2019,30.0,,,,,
1616788,LEGACY VENTURES INTERNATIONAL INC.,2020,15136.0,-24844.0,,,,-1.641384778012685
1617351,LEPOTA INC,2018,7781.0,,,,,
1617351,LEPOTA INC,2019,,-9945.0,0.0,,,
1617351,"MU YAN TECHNOLOGY GROUP CO., LTD",2020,2334.0,3094699.0,9050811.0,,,1325.920736932305
1618181,WORLD CURRENCY GOLD TRUST,2017,14427000.0,746000.0,,,,0.051708601926942536
1618181,WORLD GOLD TRUST,2018,14427000.0,59000.0,,,,0.004089554307894919
1618181,WORLD GOLD TRUST,2019,229049000.0,-22000.0,,,,-9.604931695838009e-05
1618181,WORLD GOLD TRUST,2020,1050851000.0,-6263000.0,,,,-0.0059599315221663205
1618921,"WALGREENS BOOTS ALLIANCE, INC.",2015,37250000000.0,2450000000.0,19057000000.0,,,0.06577181208053691
1618921,"WALGREENS BOOTS ALLIANCE, INC.",2016,72688000000.0,1030000000.0,117351000000.0,,,0.014170151882016289
1618921,"WALGREENS BOOTS ALLIANCE, INC.",2017,72688000000.0,4078000000.0,80974000000.0,,,0.05610279550957517
1618921,"WALGREENS BOOTS ALLIANCE, INC.",2018,68124000000.0,1162000000.0,0.0,,,0.017057131113851213
1618921,"WALGREENS BOOTS ALLIANCE, INC.",2019,67598000000.0,1156000000.0,4080000000.0,,,0.01710109766561141
1618921,"WALGREENS BOOTS ALLIANCE, INC.",2020,67598000000.0,5024000000.0,2467000000.0,,,0.07432172549483712
1619055,DOCASA INC.,2016,,-27221.0,,,,
1619055,DOCASA INC.,2017,2486217.0,-1425846.0,3869517.0,,,-0.5735002214207368
1619096,SUMMIT NETWORKS INC.,2015,9110.0,,30100.0,,,
1619096,SUMMIT NETWORKS INC.,2019,33457.0,,,,,
1619096,SUMMIT NETWORKS INC.,2020,310266.0,-375992.0,,,,-1.2118375845242468
1620702,"TERRAFORM GLOBAL, INC.",2016,2659050000.0,-212661000.0,92919000.0,,,-0.07997630732780504
1620749,PANAMERA HEALTHCARE CORP,2015,46434.0,,,,,
1620749,PANAMERA HEALTHCARE CORP,2016,33434.0,-57184.0,,,,-1.7103547287192677
1620749,PANAMERA HEALTHCARE CORP,2017,60084.0,-27542.0,,,,-0.4583915851141735
1620749,PANAMERA HEALTHCARE CORP,2018,4180.0,-30303.0,,,,-7.249521531100479
1620749,PANAMERA HEALTHCARE CORP,2019,671.0,-30317.0,,,,-45.18181818181818
1620749,PANAMERA HEALTHCARE CORP,2020,2232.0,-30317.0,,,,-13.582885304659499
1621221,"ARTELO BIOSCIENCES, INC.",2017,3590.0,-29690.0,,,,-8.270194986072424
1621221,"ARTELO BIOSCIENCES, INC.",2018,574275.0,-2343491.0,,,,-4.080781855382874
1621221,"ARTELO BIOSCIENCES, INC.",2019,6482726.0,-2172176.0,,,,-0.3350713881783682
1621221,"ARTELO BIOSCIENCES, INC.",2020,4376862.0,-2172176.0,,,,-0.49628615204226223
1621221,KNIGHT KNOX DEVELOPMENT CORP.,2015,17029.0,-15241.0,,,,-0.8950026425509425
1621221,KNIGHT KNOX DEVELOPMENT CORP.,2016,17029.0,-29690.0,,,,-1.7434963885137118
1621499,ALTERNUS ENERGY INC.,2020,45613562.0,-3028918.0,106734.0,,,-0.066403891018202
1621697,AMBER GROUP INC,2016,696.0,,1995.0,,,
1621697,NATURAL HEALTH FARM HOLDINGS INC,2017,696.0,-20197.0,,,,-29.01867816091954
1621697,NATURAL HEALTH FARM HOLDINGS INC,2018,,-89359.0,,,,
1622231,BOATIM INC.,2020,510289.0,-409914.0,0.0,,,-0.8032977391243001
1622231,EMERALD DATA INC,2016,17848.0,-34337.0,292727.0,,,-1.9238570147915732
1622231,EMERALD DATA INC,2017,468.0,,82772.0,,,
1622244,"PUNTO GROUP, CORP.",2015,6300.0,-417.0,,,,-0.06619047619047619
1622408,FIRST PRIORITY TAX SOLUTIONS INC.,2015,80275.0,-108783.0,8900.0,,,-1.3551292432264093
1622408,FIRST PRIORITY TAX SOLUTIONS INC.,2016,,-19809.0,,,,
1622408,FIRST PRIORITY TAX SOLUTIONS INC.,2018,3005.0,-17830.0,78040.0,,,-5.933444259567388
1622676,"TAXUS PHARMACEUTICALS HOLDINGS, INC.",2015,62790.0,-59146.0,146776.0,,,-0.9419652810957159
1622676,"TAXUS PHARMACEUTICALS HOLDINGS, INC.",2017,63955.0,-116997.0,61218.0,,,-1.8293643968415292
1622767,SIRRUS CORP.,2015,20183.0,-45886.0,,,,-2.2734974978942675
1622767,SIRRUS CORP.,2016,139.0,-45886.0,,,,-330.1151079136691
1622767,SIRRUS CORP.,2017,1684.0,-31269.0,,,,-18.56828978622328
1622996,"ACRO BIOMEDICAL CO., LTD.",2018,548310.0,-2248.0,,,,-0.004099870511207164
1622996,"KILLER WAVES HAWAII, INC",2016,2533.0,-43428.0,,,,-17.14488748519542
1623360,BRIDGEWATER PLATFORMS INC.,2015,26253.0,-52171.0,15835.0,,,-1.9872395535748295
1623360,BRIDGEWATER PLATFORMS INC.,2016,5347.0,-52171.0,28560.0,,,-9.757060033663736
1623360,MIRAGE ENERGY CORP,2017,26448.0,-410661.0,,,,-15.527109800362977
1623360,MIRAGE ENERGY CORP,2018,27318.0,-1394807.0,,,,-51.05816677648437
1623360,MIRAGE ENERGY CORP,2020,82167.0,0.0,,,,0.0
1623590,"ALBERO, CORP.",2015,4300.0,-41094.0,,,,-9.556744186046512
1624025,HEAVENSTONE CORP,2016,3126619.0,-291457.0,,,,-0.09321794564671934
1624025,HEAVENSTONE CORP,2019,4107377.0,-162536.0,,,,-0.03957172667617314
1624140,PARAMOUNT SUPPLY INC,2015,10733.0,4933.0,112115.0,,,0.45961054691139475
1624140,PARAMOUNT SUPPLY INC,2016,15098.0,,112115.0,,,
1624982,SWEETS & TREATS INC.,2015,11406.0,443.0,4517.0,,,0.0388392074346835
1626644,"ODYSSEY GROUP INTERNATIONAL, INC.",2015,255980.0,-160698.0,0.0,,,-0.6277756074693336
1626644,"ODYSSEY GROUP INTERNATIONAL, INC.",2016,68405.0,-86117.0,37452.0,,,-1.2589284409034427
1626644,"ODYSSEY GROUP INTERNATIONAL, INC.",2017,159255.0,-197844.0,0.0,,,-1.2423095036262597
1626644,"ODYSSEY GROUP INTERNATIONAL, INC.",2018,159255.0,-197844.0,0.0,,,-1.2423095036262597
1626644,"ODYSSEY GROUP INTERNATIONAL, INC.",2019,23661015.0,-483115.0,0.0,,,-0.020418185779435074
1626644,"ODYSSEY GROUP INTERNATIONAL, INC.",2020,105584.0,,0.0,,,
1626696,TERAFOX CORP,2015,17649.0,-37734.0,0.0,,,-2.1380248172701
1626696,TERAFOX CORP,2016,9167.0,-37734.0,0.0,,,-4.116286680484346
1626745,"CRYPTO-SERVICES, INC.",2015,,-241.0,0.0,,,
1626745,"CRYPTO-SERVICES, INC.",2016,11333.0,,,,,
1626745,"FORTUNE VALLEY TREASURES, INC.",2017,8833.0,-105943.0,,,,-11.99399977357636
1627041,"EBIZWARE, INC.",2016,8333.0,,,,,
1627041,VISIBER57 CORP.,2017,1730.0,-76526.0,,,,-44.234682080924856
1627041,VISIBER57 CORP.,2018,1730.0,,,,,
1627041,VISIBER57 CORP.,2019,14330.0,,,,,
1627041,VISIBER57 CORP.,2020,2330.0,-68826.0,,,,-29.539055793991416
1628104,"TELEHEALTHCARE, INC.",2015,169305.0,-15001.0,13000.0,,,-0.08860340805055963
1628228,"OPTILEAF, INC.",2020,31143.0,-156679.0,26749.0,,,-5.030953986449603
1628468,TAPIOCA CORP,2015,6495.0,-75.0,1180.0,,,-0.011547344110854504
1629205,"GRIDIRON BIONUTRIENTS, INC.",2018,2825.0,-13476.0,16771.0,,,-4.7702654867256635
1629205,"GRIDIRON BIONUTRIENTS, INC.",2019,862743.0,-975524.0,16771.0,,,-1.1307237497145732
1629205,"GRIDIRON BIONUTRIENTS, INC.",2020,256414.0,23277.0,1181.0,,,0.09077897462697045
1629205,"MY CLOUDZ, INC.",2016,587.0,,,,,
1629205,"MY CLOUDZ, INC.",2017,5108.0,-35850.0,,,,-7.01840250587314
1630113,"METASOLUTIONS, INC.",2015,18748.0,-91072.0,,,,-4.857691487091956
1631282,DATASEA INC.,2017,1443979.0,-1124850.0,140774.0,,,-0.7789933233101035
1631282,DATASEA INC.,2019,7448790.0,,,,,
1631463,BARREL ENERGY INC.,2015,55542.0,,,,,
1631463,BARREL ENERGY INC.,2016,45913.0,-39878.0,,,,-0.8685557467383965
1631463,BARREL ENERGY INC.,2017,250160.0,,,,,
1632790,"ENERGIZER HOLDINGS, INC.",2015,58600000.0,16500000.0,1018400000.0,,,0.2815699658703072
1632790,"ENERGIZER HOLDINGS, INC.",2016,159100000.0,16400000.0,432400000.0,,,0.10307982401005657
1632790,"ENERGIZER HOLDINGS, INC.",2017,390800000.0,8200000.0,278400000.0,,,0.02098259979529171
1632790,"ENERGIZER HOLDINGS, INC.",2018,698200000.0,46900000.0,824100000.0,,,0.06717272987682613
1632790,"ENERGIZER HOLDINGS, INC.",2019,504200000.0,7400000.0,935800000.0,,,0.014676715589051963
1632790,"ENERGIZER HOLDINGS, INC.",2020,1238000000.0,2000000.0,1135600000.0,,,0.0016155088852988692
1633932,ESSA PHARMA INC.,2020,80574565.0,-12756832.0,,,,-0.15832331207745273
1635748,"ZOOMPASS HOLDINGS, INC.",2019,43463.0,,0.0,,,
1636023,WESTROCK CO,2015,1814300000.0,727300000.0,1538900000.0,,,0.40087085928457256
1636023,WESTROCK CO,2016,545500000.0,109800000.0,119800000.0,,,0.2012832263978002
1636023,WESTROCK CO,2017,460600000.0,-453500000.0,3470900000.0,,,-0.9845853234910986
1636051,FUSE ENTERPRISES INC.,2016,18955.0,-4607.0,25175.0,,,-0.2430493273542601
1636051,FUSE ENTERPRISES INC.,2017,5357048.0,-1557825.0,0.0,,,-0.2907991490835998
1636051,FUSE ENTERPRISES INC.,2018,1189391.0,-1557825.0,,,,-1.3097669311437534
1636051,FUSE GROUP HOLDING INC.,2020,1110777.0,-51411.0,1216000.0,,,-0.046283817543935464
1643721,AP EVENT INC.,2016,4510.0,-4607.0,0.0,,,-1.0215077605321508
1643848,PATHEON N.V.,2016,2639900000.0,147400000.0,1483500000.0,,,0.05583544831243608
1643988,"INTERLINK PLUS, INC.",2016,34959.0,-5652.0,7795.0,,,-0.16167510512314426
1643988,"INTERLINK PLUS, INC.",2017,3607.0,-49141.0,45400.0,,,-13.623787080676463
1643988,"INTERLINK PLUS, INC.",2019,27647.0,0.0,86715.0,,,0.0
1644149,SPELT GROUP CORP.,2016,7013.0,-13024.0,0.0,,,-1.8571224868102096
1644378,RMR GROUP INC.,2016,277802000.0,6698000.0,48179000.0,,,0.024110697547173886
1644378,RMR GROUP INC.,2017,383719000.0,6883000.0,105294000.0,,,0.017937605383105865
1644378,RMR GROUP INC.,2018,277802000.0,23510000.0,404979000.0,,,0.0846286203843025
1644378,RMR GROUP INC.,2019,383719000.0,96041000.0,404979000.0,,,0.25028992570083836
1644378,RMR GROUP INC.,2020,606650000.0,8168000.0,159244000.0,,,0.013464106156762549
1644903,"CBDMD, INC.",2019,94518122.0,-51357549.0,459091.0,,,-0.5433619279909095
1644903,"CBDMD, INC.",2020,110842801.0,-51357549.0,11377238.0,,,-0.46333680254074416
1644903,"LEVEL BRANDS, INC.",2017,1397758.0,0.0,2031562.0,,,0.0
1644903,"LEVEL BRANDS, INC.",2018,15017612.0,62834.0,1710167.0,,,0.00418402073512087
1645590,HEWLETT PACKARD ENTERPRISE CO,2015,7302000000.0,1648000000.0,4035000000.0,26156.0,80000.0,0.22569159134483704
1645590,HEWLETT PACKARD ENTERPRISE CO,2016,27987000000.0,2461000000.0,3190000000.0,26156.0,220000.0,0.08793368349590881
1645590,HEWLETT PACKARD ENTERPRISE CO,2017,18795000000.0,,21488000000.0,26156.0,300000.0,
1645590,HEWLETT PACKARD ENTERPRISE CO,2018,3002000000.0,,407000000.0,26156.0,460000.0,
1645590,HEWLETT PACKARD ENTERPRISE CO,2019,7934000000.0,1908000000.0,543000000.0,26156.0,525000.0,0.2404839929417696
1645590,HEWLETT PACKARD ENTERPRISE CO,2020,51803000000.0,1049000000.0,2904000000.0,26156.0,230000.0,0.020249792483060827
1646576,RITO GROUP CORP.,2017,493078.0,-834052.0,119110.0,,,-1.691521422574116
1647339,ACCENTURE HOLDINGS PLC,2015,17930452000.0,838449000.0,11557914000.0,143357.0,3600000.0,0.04676117478800869
1647339,ACCENTURE HOLDINGS PLC,2016,20609004000.0,1387417000.0,8364511000.0,143357.0,3590000.0,0.06732091468369844
1647339,ACCENTURE HOLDINGS PLC,2017,22689890000.0,938140000.0,6090400000.0,143357.0,3720000.0,0.04134616783069464
1649338,BROADCOM LTD,2016,10515000000.0,377000000.0,13240000000.0,3310.0,,0.03585354255825012
1649338,BROADCOM LTD,2017,23264000000.0,-632000000.0,1266000000.0,3310.0,,-0.027166437414030263
1649345,BROADCOM CAYMAN L.P.,2016,49966000000.0,1364000000.0,1050000000.0,3310.0,,0.027298563022855542
1649989,"ONCOBIOLOGICS, INC.",2016,35008621.0,-53329262.0,5219237.0,22629.0,,-1.5233179850186045
1649989,"ONCOBIOLOGICS, INC.",2017,25405934.0,-53301989.0,3811519.0,22629.0,,-2.098013361760288
1649989,"OUTLOOK THERAPEUTICS, INC.",2018,20733870.0,-38849127.0,3811519.0,22629.0,,-1.873703606707286
1649989,"OUTLOOK THERAPEUTICS, INC.",2019,22283495.0,-34523787.0,8146123.0,22629.0,,-1.5492985727777442
1649989,"OUTLOOK THERAPEUTICS, INC.",2020,19732551.0,-35239498.0,8146123.0,22629.0,,-1.7858561723722393
1650739,"AJIA INNOGROUP HOLDINGS, LTD.",2020,37301.0,-244984.0,49997.0,,,-6.56775957749122
1650739,"WIGI4YOU, INC.",2017,820.0,-16063.0,,,,-19.589024390243903
1651992,"APPSOFT TECHNOLOGIES, INC.",2020,629.0,-44576.0,244.0,,,-70.86804451510334
1652871,UNICOBE CORP.,2017,8498.0,-18588.0,35426.0,,,-2.187338197222876
1653629,HYPGEN INC,2018,22172.0,-205287.0,,,,-9.258839978351073
1653876,MOMENTOUS HOLDINGS CORP.,2019,77895.0,-21396.0,101977.0,,,-0.27467745041401886
1653882,KMRB ACQUISITION CORP. II,2016,1200.0,-2121.0,,,,-1.7675
1655349,"MESSAGEBGONE, INC.",2016,7445.0,-2555.0,,,,-0.3431833445265279
1655349,"MESSAGEBGONE, INC.",2017,1308.0,,,,,
1656053,TRAQER CORP,2016,2757.0,0.0,,,,0.0
1656053,TRAQER CORP,2017,4635.0,-168205.0,,,,-36.290183387270766
1656501,"BORROWMONEY.COM, INC.",2017,10026.0,-99493.0,1980.0,,,-9.923498902852582
1656501,"BORROWMONEY.COM, INC.",2018,10026.0,-100602.0,14936.0,,,-10.03411131059246
1656501,"BORROWMONEY.COM, INC.",2020,7792.0,,2097.0,,,
1657249,"ROAD MARSHALL, INC.",2018,8000.0,,,,,
1657249,"ROAD MARSHALL, INC.",2019,8000.0,-33662.0,,,,-4.20775
1657249,"ROAD MARSHALL, INC.",2020,8000.0,-26507.0,,,,-3.313375
1659183,"GO2GREEN LANDSCAPING, INC.",2016,26319.0,-29131.0,0.0,,,-1.1068429651582508
1659183,"GO2GREEN LANDSCAPING, INC.",2017,26319.0,-29131.0,31040.0,,,-1.1068429651582508
1659207,FELLAZO CORP,2016,18220.0,-32034.0,12820.0,,,-1.7581778265642152
1659207,FELLAZO CORP,2017,80115.0,-32034.0,12820.0,,,-0.399850215315484
1659207,FELLAZO CORP,2018,80115.0,,,,,
1659207,FELLAZO CORP,2020,14393.0,0.0,0.0,,,0.0
1660690,"VERSUM MATERIALS, INC.",2016,206400000.0,123600000.0,208300000.0,,,0.5988372093023255
1660690,"VERSUM MATERIALS, INC.",2017,733400000.0,45200000.0,53800000.0,,,0.061630760839923644
1660690,"VERSUM MATERIALS, INC.",2018,362100000.0,45100000.0,57800000.0,,,0.12455122894228114
1662706,"TRUPAL MEDIA, INC.",2017,3462.0,-248463.0,202759.0,,,-71.7686308492201
1663038,RELIANT SERVICE INC,2018,0.0,-28167.0,93550.0,,,
1663641,ANDO HOLDINGS LTD.,2017,4050.0,-60420.0,10000.0,,,-14.91851851851852
1663641,ANDO HOLDINGS LTD.,2018,7900.0,0.0,10000.0,,,0.0
1663641,PC MOBILE MEDIA CORP.,2016,4050.0,-60420.0,,,,-14.91851851851852
1666138,ATKORE INTERNATIONAL GROUP INC.,2016,507967000.0,-73948000.0,331187000.0,,,-0.1455763858675859
1666138,ATKORE INTERNATIONAL GROUP INC.,2017,409937000.0,-4955000.0,349239000.0,,,-0.01208722315868048
1666138,ATKORE INTERNATIONAL GROUP INC.,2018,566250000.0,18935000.0,372791000.0,,,0.033439293598234
1666138,ATKORE INTERNATIONAL GROUP INC.,2019,306229000.0,139051000.0,1835139000.0,,,0.45407521821904523
1666138,ATKORE INTERNATIONAL GROUP INC.,2020,835629000.0,45997000.0,1689194000.0,,,0.05504476268774779
1667313,"ZEDGE, INC.",2016,3857000.0,983000.0,9052000.0,,,0.2548612911589318
1667313,"ZEDGE, INC.",2017,3857000.0,,10031000.0,,,
1667313,"ZEDGE, INC.",2018,3621000.0,,10031000.0,,,
1667313,"ZEDGE, INC.",2019,4072000.0,-1563000.0,757000.0,,,-0.3838408644400786
1667313,"ZEDGE, INC.",2020,4275000.0,,8816000.0,,,
1668523,GSG GROUP INC.,2020,200.0,-23222.0,0.0,,,-116.11
1669513,APP INCLINE CORP,2016,4929.0,-42138.0,456.0,,,-8.548995739500914
1670541,ADIENT PLC,2017,0.0,0.0,16790000000.0,,,
1670541,ADIENT PLC,2018,1109000000.0,-1546000000.0,2992000000.0,,,-1.39404869251578
1670541,ADIENT PLC,2019,3248000000.0,-1685000000.0,17439000000.0,,,-0.5187807881773399
1670541,ADIENT PLC,2020,10342000000.0,-1685000000.0,6376000000.0,,,-0.16292786695029976
1670869,"ROCKY MOUNTAIN HIGH BRANDS, INC.",2016,,-16624202.0,1075476.0,,,
1673504,GALEM GROUP INC.,2017,43024.0,5829.0,20950.0,,,0.1354825213834139
1674862,ASHLAND GLOBAL HOLDINGS INC,2016,5756000000.0,-303000000.0,760000000.0,,,-0.05264072272411397
1674862,ASHLAND GLOBAL HOLDINGS INC,2017,3622000000.0,-29000000.0,323000000.0,,,-0.00800662617338487
1674862,ASHLAND GLOBAL HOLDINGS INC,2018,292000000.0,1000000.0,1165000000.0,,,0.003424657534246575
1674862,ASHLAND GLOBAL HOLDINGS INC,2019,192000000.0,505000000.0,683000000.0,,,2.6302083333333335
1674862,ASHLAND GLOBAL HOLDINGS INC,2020,2257000000.0,,615000000.0,,,
1674910,VALVOLINE INC,2017,659000000.0,-363000000.0,-57000000.0,,,-0.5508345978755691
1674910,VALVOLINE INC,2018,1640000000.0,72000000.0,493000000.0,,,0.04390243902439024
1674910,VALVOLINE INC,2019,701000000.0,166000000.0,0.0,,,0.23680456490727533
1674910,VALVOLINE INC,2020,3051000000.0,-8000000.0,181000000.0,,,-0.002622091117666339
1675583,ATLANTIC ACQUISITION INC.,2017,20000.0,-15347.0,,,,-0.76735
1675634,"SHIFTPIXY, INC.",2017,9443144.0,-1854556.0,8460653.0,,,-0.19639179493609332
1675634,"SHIFTPIXY, INC.",2018,9443144.0,,20244419.0,,,
1675634,"SHIFTPIXY, INC.",2019,23796000.0,-16823000.0,34959000.0,,,-0.7069675575727012
1675634,"SHIFTPIXY, INC.",2020,835000.0,-75347000.0,8642000.0,,,-90.23592814371257
1677897,UPAY,2018,473306.0,,572868.0,,,
1678746,"BOOMER HOLDINGS, INC.",2020,12375741.0,-594755.0,67675.0,,,-0.048058132438291976
1678746,REMARO GROUP CORP.,2017,86.0,-2311.0,0.0,,,-26.872093023255815
1678746,REMARO GROUP CORP.,2018,5695.0,-2311.0,18200.0,,,-0.40579455662862157
1678746,REMARO GROUP CORP.,2019,20349.0,-19817.0,0.0,,,-0.9738562091503268
1678848,BITMIS CORP.,2017,5100.0,-2163.0,10500.0,,,-0.42411764705882354
1679836,"KELVIN MEDICAL, INC.",2017,61076.0,-63457.0,,,,-1.0389842163861418
1680132,CANNABIS SUISSE CORP.,2019,,-16421.0,7530.0,,,
1680237,JASMIN CORP.,2018,13985.0,-6305.0,,,,-0.45084018591347874
1680379,"STERLING BANCORP, INC.",2020,408790000.0,37977000.0,,,,0.0929010005137112
1680525,BATTLERS CORP.,2018,15187.0,-6344.0,43087.0,,,-0.41772568644235203
1680689,BOXXY INC.,2019,,-36862.0,22317.0,,,
1680689,BOXXY INC.,2020,0.0,0.0,,,,
1681309,MONETIVA INC.,2019,385655.0,,,,,
1681622,VAREX IMAGING CORP,2017,134700000.0,51600000.0,141200000.0,29004.0,,0.3830734966592428
1681622,VAREX IMAGING CORP,2018,832100000.0,68500000.0,620100000.0,29004.0,,0.08232183631775027
1681622,VAREX IMAGING CORP,2019,217300000.0,51600000.0,602000000.0,29004.0,10000.0,0.23745973308789692
1681622,VAREX IMAGING CORP,2020,239300000.0,-57900000.0,254500000.0,29004.0,70000.0,-0.24195570413706644
1681769,CLANCY CORP,2017,11304.0,672.0,7000.0,,,0.059447983014861996
1681769,CLANCY CORP,2018,11304.0,-562.0,14308.0,,,-0.049716914366595893
1681769,CLANCY CORP,2019,13784.0,-47709.0,,,,-3.4611868833430064
1681769,CLANCY CORP,2020,318709.0,,,,,
1683131,"GENESYS INDUSTRIES, INC.",2018,21358.0,-47414.0,236858.0,,,-2.2199644161438337
1683131,"GENESYS INDUSTRIES, INC.",2019,625421.0,102743.0,768787.0,,,0.16427814224338486
1684508,"CANNIS, INC.",2019,232382.0,-1322940.0,,,,-5.692953843240871
1684508,ZARTEX INC.,2017,0.0,-164.0,35100.0,,,
1684508,ZARTEX INC.,2018,29111.0,-18532.0,35100.0,,,-0.636597849610113
1685237,TEMIR CORP.,2017,36809.0,3613.0,29400.0,,,0.09815534244342417
1685237,TEMIR CORP.,2018,3656.0,3613.0,8500.0,,,0.9882385120350109
1685237,TEMIR CORP.,2019,3656.0,-15329.0,,,,-4.192833698030634
1685237,TEMIR CORP.,2020,55.0,-31702.0,302.0,,,-576.4
1685570,KALMIN CORP.,2017,2621.0,-2232.0,26000.0,,,-0.8515833651278139
1685570,KALMIN CORP.,2018,,-2098.0,26000.0,,,
1685570,KALMIN CORP.,2019,,-46313.0,,,,
1685570,"NANOVATION MICROTECH, INC.",2020,2326.0,0.0,2774.0,,,0.0
1685766,MOVEIX INC.,2018,1398.0,,,,,
1687221,"REV GROUP, INC.",2017,37021000.0,31371000.0,372780000.0,185952.0,,0.8473839172361632
1687221,"REV GROUP, INC.",2018,37000000.0,30200000.0,-10600000.0,185952.0,,0.8162162162162162
1687221,"REV GROUP, INC.",2019,119300000.0,13000000.0,610800000.0,185952.0,,0.10896898575020955
1687242,FERD CORP.,2017,12749.0,-16520.0,0.0,,,-1.2957879049337202
1687926,KRIPTECH INTERNATIONAL CORP.,2018,11025.0,-25255.0,0.0,,,-2.290702947845805
1687926,KRIPTECH INTERNATIONAL CORP.,2019,10570.0,-10464.0,10900.0,,,-0.9899716177861874
1689490,NETPAY INTERNATIONAL INC,2020,649545.0,-225367.0,0.0,,,-0.34696133447259236
1691507,"COMMUNITY FIRST BANCSHARES, INC.",2017,277815000.0,1157000.0,,37895.0,,0.004164641937980311
1691507,"COMMUNITY FIRST BANCSHARES, INC.",2018,76471000.0,449000.0,727000.0,37895.0,,0.005871506845732369
1693801,"GLOBAL BRIDGE CAPITAL, INC.",2017,,-31443.0,,,,
1696195,KINETIC GROUP INC.,2017,35990.0,-3714.0,29750.0,,,-0.10319533203667686
1696195,KINETIC GROUP INC.,2018,35990.0,-3500.0,29750.0,,,-0.0972492358988608
1696195,KINETIC GROUP INC.,2019,7632.0,-37241.0,55950.0,,,-4.879585953878407
1696411,CRONA CORP.,2020,0.0,-1200.0,0.0,,,
1697834,"STEM HOLDINGS, INC.",2020,31097000.0,-11002000.0,13974000.0,38722.0,,-0.35379618612727914
1699126,CICLET HOLDINGS INC.,2020,11813.0,-28001.0,,,,-2.370354693981207
1700844,UNEX HOLDINGS INC.,2019,,-855.0,,,,
1702744,SIMPLY GOOD FOODS CO,2017,922488000.0,10034000.0,99803000.0,,,0.010877106260460841
1702744,SIMPLY GOOD FOODS CO,2018,974605000.0,-17082000.0,316776000.0,,,-0.01752710072285695
1702744,SIMPLY GOOD FOODS CO,2019,974605000.0,15257000.0,120931000.0,,,0.015654547226825227
1702744,SIMPLY GOOD FOODS CO,2020,1141650000.0,10657000.0,431429000.0,,,0.009334734813646915
1704795,BANTEK INC.,2018,6009862.0,,24589761.0,,,
1704795,DRONE USA INC.,2017,7195894.0,0.0,1119748.0,,,0.0
1707910,CAPAX INC.,2017,90303.0,-26230.0,,,,-0.2904665404250136
1713863,"RAFAEL HOLDINGS, INC.",2018,2529000.0,710000.0,5618000.0,,,0.2807433768287861
1713863,"RAFAEL HOLDINGS, INC.",2019,3608000.0,-11649000.0,4371000.0,,,-3.2286585365853657
1713863,"RAFAEL HOLDINGS, INC.",2020,142143000.0,-10415000.0,,,,-0.07327128314443905
1715433,LEADER CAPITAL HOLDINGS CORP.,2018,443676.0,-541239.0,,,,-1.2198969518297136
1715433,LEADER CAPITAL HOLDINGS CORP.,2019,1340491.0,,11111.0,,,
1715433,LEADER CAPITAL HOLDINGS CORP.,2020,1340491.0,-902094.0,6667.0,,,-0.6729578937866797
1715611,BODY & MIND INC.,2018,515905.0,-1781060.0,2692979.0,,,-3.452302264951881
1715611,BODY & MIND INC.,2019,15510964.0,-1781060.0,2692979.0,,,-0.11482587413651402
1715611,BODY & MIND INC.,2020,38799268.0,-4340546.0,5336557.0,,,-0.11187185284011028
1718227,"CONSTRUCTION PARTNERS, INC.",2018,496310000.0,26040000.0,568212000.0,37895.0,,0.05246720799500312
1718227,"CONSTRUCTION PARTNERS, INC.",2019,347064000.0,50791000.0,680096000.0,37895.0,,0.14634476638314547
1718227,"CONSTRUCTION PARTNERS, INC.",2020,628114000.0,40297000.0,783238000.0,37895.0,,0.0641555513808003
1719489,"GIGCAPITAL, INC.",2018,145899402.0,-665385.0,,,,-0.004560573867191039
1719489,"KALEYRA, INC.",2019,79366258.0,-1086138.0,,,,-0.013685135564788755
1721056,HOOPS SCOUTING USA,2019,1451.0,-7923.0,,,,-5.460372157133012
1722556,BESTGOFER INC.,2019,17000.0,-2000.0,,,,-0.11764705882352941
1723187,LEADER HILL CORP,2020,4517.0,,,,,
1728688,"I3 VERTICALS, INC.",2018,73652000.0,384000.0,323508000.0,,,0.005213707706511704
1728688,"I3 VERTICALS, INC.",2019,33462000.0,736000.0,84868000.0,,,0.021995098918175842
1728688,"I3 VERTICALS, INC.",2020,206769000.0,736000.0,31573000.0,,,0.0035595277822110666
1730168,BROADCOM INC.,2018,54418000000.0,-6814000000.0,2291000000.0,3310.0,,-0.12521592120254327
1730168,BROADCOM INC.,2019,50124000000.0,,374000000.0,3310.0,30000.0,
1730168,BROADCOM INC.,2020,75933000000.0,,2731000000.0,3310.0,30000.0,
1730773,BLUE STAR FOODS CORP.,2018,1024.0,-13989.0,,,,-13.6611328125
1732845,WESTROCK CO,2018,2356800000.0,80900000.0,14171800000.0,,,0.03432620502376103
1732845,WESTROCK CO,2019,25800000.0,223200000.0,-167800000.0,,,8.651162790697674
1732845,WESTROCK CO,2020,23423300000.0,862900000.0,301500000.0,,,0.03683938642292077
1734713,"BRIGHTVIEW HOLDINGS, INC.",2018,2858620000.0,-52364000.0,,,,-0.018317929630381095
1734713,"BRIGHTVIEW HOLDINGS, INC.",2019,2891900000.0,44400000.0,,,,0.01535322798160379
1734713,"BRIGHTVIEW HOLDINGS, INC.",2020,3071000000.0,44400000.0,,,,0.014457831325301205
1739208,"TENAYA GROUP, INC.",2019,30636.0,-53168.0,,,,-1.7354746050398224
1741257,"BANGFU TECHNOLOGY GROUP CO., LTD.",2020,0.0,-17329.0,,,,
1744489,WALT DISNEY CO,2019,4977000000.0,17000000.0,2956000000.0,,,0.00341571227647177
1744489,WALT DISNEY CO,2020,-1031000000.0,202000000.0,8565000000.0,,,-0.1959262851600388
1746119,MU GLOBAL HOLDING LTD,2019,1038642.0,,,,,
1746119,MU GLOBAL HOLDING LTD,2020,1038642.0,-946280.0,,,,-0.9110742681308863
1749849,ORGANIC AGRICULTURAL CO LTD,2019,1809185.0,15315.0,1123313.0,,,0.008465137617214381
1750398,"YUMBA RECORDS STORAGE, INC.",2019,10290.0,-12702.0,,,,-1.234402332361516
1750398,"YUMBA RECORDS STORAGE, INC.",2020,408.0,0.0,0.0,,,0.0
1750777,"HAWKEYE SYSTEMS, INC.",2019,484650.0,-1866998.0,,,,-3.8522603940988343
1751700,"TEB BANCORP, INC.",2020,305474587.0,-399339.0,,,,-0.001307274048299147
1753391,BIGEON CORP.,2020,2198.0,-14077.0,0.0,,,-6.404458598726115
1753931,"SHENGDA NETWORK TECHNOLOGY, INC.",2020,4275455.0,,1500.0,,,
1753931,SOLTREST INC.,2019,9166.0,-25569.0,25.0,,,-2.7895483307876936
1760026,"MESO NUMISMATICS, INC.",2020,34634.0,-2509144.0,50116.0,,,-72.4474216088237
1764711,PROFICIENT ALPHA ACQUISITION CORP,2019,302362.0,,,,,
1765651,PACIFIC SPORTS EXCHANGE INC.,2019,25919.0,-30938.0,,,,-1.1936417300050157
1765651,PACIFIC SPORTS EXCHANGE INC.,2020,24959.0,0.0,,,,0.0
1766146,UNION ACQUISITION CORP. II,2020,241138.0,-15175.0,,,,-0.06293076993256973
1768267,CERENCE INC.,2020,1483829000.0,95789000.0,77569000.0,,,0.06455528231352804
1769663,"PIONEER BANCORP, INC./MD",2019,1284128000.0,19016000.0,,,,0.014808492611328467
1772016,"BELLRING BRANDS, INC.",2020,594500000.0,0.0,237600000.0,,,0.0
1772177,"KURA SUSHI USA, INC.",2020,118379000.0,-1224000.0,18753000.0,,,-0.010339671732317387
1772921,ONEWATER MARINE INC.,2020,458067000.0,0.0,767624000.0,,,0.0
1782754,AZEK CO INC.,2020,1303888000.0,12465000.0,200863000.0,,,0.009559870172898286
1784440,NOWTRANSIT INC,2020,20629.0,-7682.0,0.0,,,-0.37238838528285423
1785493,PHOENIX PLUS CORP.,2020,1742930.0,-797020.0,10204.0,,,-0.4572874412627013
1786119,"EXCELLERANT, INC.",2020,20745.0,-11023.0,0.0,,,-0.5313569534827669
1787123,AZAR INTERNATIONAL CORP.,2020,5000.0,0.0,4000.0,,,0.0
1804585,"NUGENEREX IMMUNO-ONCOLOGY, INC.",2020,84.0,,,,,
